date,year,month,month_name,day,precipitation_mm,station,latitude,longitude,source
2015-01-01,2015,1,Jan,1,1.4,Colombo,6.9271,79.8612,Open-Meteo Historical API (ERA5 reanalysis)
2015-01-02,2015,1,Jan,2,0.0,Colombo,6.9271,79.8612,Open-Meteo Historical API (ERA5 reanalysis)
2015-01-03,2015,1,Jan,3,0.0,Colombo,6.9271,79.8612,Open-Meteo Historical API (ERA5 reanalysis)
2015-01-04,2015,1,Jan,4,0.0,Colombo,6.9271,79.8612,Open-Meteo Historical API (ERA5 reanalysis)
2015-01-05,2015,1,Jan,5,0.4,Colombo,6.9271,79.8612,Open-Meteo Historical API (ERA5 reanalysis)
2015-01-06,2015,1,Jan,6,0.5,Colombo,6.9271,79.8612,Open-Meteo Historical API (ERA5 reanalysis)
2015-01-07,2015,1,Jan,7,0.0,Colombo,6.9271,79.8612,Open-Meteo Historical API (ERA5 reanalysis)
2015-01-08,2015,1,Jan,8,0.0,Colombo,6.9271,79.8612,Open-Meteo Historical API (ERA5 reanalysis)
2015-01-09,2015,1,Jan,9,0.0,Colombo,6.9271,79.8612,Open-Meteo Historical API (ERA5 reanalysis)
2015-01-10,2015,1,Jan,10,0.0,Colombo,6.9271,79.8612,Open-Meteo Historical API (ERA5 reanalysis)
2015-01-11,2015,1,Jan,11,0.0,Colombo,6.9271,79.8612,Open-Meteo Historical API (ERA5 reanalysis)
2015-01-12,2015,1,Jan,12,0.0,Colombo,6.9271,79.8612,Open-Meteo Historical API (ERA5 reanalysis)
2015-01-13,2015,1,Jan,13,0.0,Colombo,6.9271,79.8612,Open-Meteo Historical API (ERA5 reanalysis)
2015-01-14,2015,1,Jan,14,0.0,Colombo,6.9271,79.8612,Open-Meteo Historical API (ERA5 reanalysis)
2015-01-15,2015,1,Jan,15,2.8,Colombo,6.9271,79.8612,Open-Meteo Historical API (ERA5 reanalysis)
2015-01-16,2015,1,Jan,16,0.4,Colombo,6.9271,79.8612,Open-Meteo Historical API (ERA5 reanalysis)
2015-01-17,2015,1,Jan,17,0.0,Colombo,6.9271,79.8612,Open-Meteo Historical API (ERA5 reanalysis)
2015-01-18,2015,1,Jan,18,0.0,Colombo,6.9271,79.8612,Open-Meteo Historical API (ERA5 reanalysis)
2015-01-19,2015,1,Jan,19,0.0,Colombo,6.9271,79.8612,Open-Meteo Historical API (ERA5 reanalysis)
2015-01-20,2015,1,Jan,20,0.0,Colombo,6.9271,79.8612,Open-Meteo Historical API (ERA5 reanalysis)
2015-01-21,2015,1,Jan,21,0.0,Colombo,6.9271,79.8612,Open-Meteo Historical API (ERA5 reanalysis)
2015-01-22,2015,1,Jan,22,0.0,Colombo,6.9271,79.8612,Open-Meteo Historical API (ERA5 reanalysis)
2015-01-23,2015,1,Jan,23,0.0,Colombo,6.9271,79.8612,Open-Meteo Historical API (ERA5 reanalysis)
2015-01-24,2015,1,Jan,24,0.1,Colombo,6.9271,79.8612,Open-Meteo Historical API (ERA5 reanalysis)
2015-01-25,2015,1,Jan,25,0.0,Colombo,6.9271,79.8612,Open-Meteo Historical API (ERA5 reanalysis)
2015-01-26,2015,1,Jan,26,0.0,Colombo,6.9271,79.8612,Open-Meteo Historical API (ERA5 reanalysis)
2015-01-27,2015,1,Jan,27,0.0,Colombo,6.9271,79.8612,Open-Meteo Historical API (ERA5 reanalysis)
2015-01-28,2015,1,Jan,28,0.0,Colombo,6.9271,79.8612,Open-Meteo Historical API (ERA5 reanalysis)
2015-01-29,2015,1,Jan,29,12.8,Colombo,6.9271,79.8612,Open-Meteo Historical API (ERA5 reanalysis)
2015-01-30,2015,1,Jan,30,3.9,Colombo,6.9271,79.8612,Open-Meteo Historical API (ERA5 reanalysis)
2015-01-31,2015,1,Jan,31,0.0,Colombo,6.9271,79.8612,Open-Meteo Historical API (ERA5 reanalysis)
2015-02-01,2015,2,Feb,1,0.0,Colombo,6.9271,79.8612,Open-Meteo Historical API (ERA5 reanalysis)
2015-02-02,2015,2,Feb,2,0.0,Colombo,6.9271,79.8612,Open-Meteo Historical API (ERA5 reanalysis)
2015-02-03,2015,2,Feb,3,3.0,Colombo,6.9271,79.8612,Open-Meteo Historical API (ERA5 reanalysis)
2015-02-04,2015,2,Feb,4,0.4,Colombo,6.9271,79.8612,Open-Meteo Historical API (ERA5 reanalysis)
2015-02-05,2015,2,Feb,5,0.1,Colombo,6.9271,79.8612,Open-Meteo Historical API (ERA5 reanalysis)
2015-02-06,2015,2,Feb,6,5.8,Colombo,6.9271,79.8612,Open-Meteo Historical API (ERA5 reanalysis)
2015-02-07,2015,2,Feb,7,0.0,Colombo,6.9271,79.8612,Open-Meteo Historical API (ERA5 reanalysis)
2015-02-08,2015,2,Feb,8,0.0,Colombo,6.9271,79.8612,Open-Meteo Historical API (ERA5 reanalysis)
2015-02-09,2015,2,Feb,9,7.5,Colombo,6.9271,79.8612,Open-Meteo Historical API (ERA5 reanalysis)
2015-02-10,2015,2,Feb,10,10.4,Colombo,6.9271,79.8612,Open-Meteo Historical API (ERA5 reanalysis)
2015-02-11,2015,2,Feb,11,5.7,Colombo,6.9271,79.8612,Open-Meteo Historical API (ERA5 reanalysis)
2015-02-12,2015,2,Feb,12,2.4,Colombo,6.9271,79.8612,Open-Meteo Historical API (ERA5 reanalysis)
2015-02-13,2015,2,Feb,13,4.8,Colombo,6.9271,79.8612,Open-Meteo Historical API (ERA5 reanalysis)
2015-02-14,2015,2,Feb,14,0.0,Colombo,6.9271,79.8612,Open-Meteo Historical API (ERA5 reanalysis)
2015-02-15,2015,2,Feb,15,0.0,Colombo,6.9271,79.8612,Open-Meteo Historical API (ERA5 reanalysis)
2015-02-16,2015,2,Feb,16,0.0,Colombo,6.9271,79.8612,Open-Meteo Historical API (ERA5 reanalysis)
2015-02-17,2015,2,Feb,17,0.0,Colombo,6.9271,79.8612,Open-Meteo Historical API (ERA5 reanalysis)
2015-02-18,2015,2,Feb,18,0.0,Colombo,6.9271,79.8612,Open-Meteo Historical API (ERA5 reanalysis)
2015-02-19,2015,2,Feb,19,0.0,Colombo,6.9271,79.8612,Open-Meteo Historical API (ERA5 reanalysis)
2015-02-20,2015,2,Feb,20,0.0,Colombo,6.9271,79.8612,Open-Meteo Historical API (ERA5 reanalysis)
2015-02-21,2015,2,Feb,21,0.0,Colombo,6.9271,79.8612,Open-Meteo Historical API (ERA5 reanalysis)
2015-02-22,2015,2,Feb,22,0.0,Colombo,6.9271,79.8612,Open-Meteo Historical API (ERA5 reanalysis)
2015-02-23,2015,2,Feb,23,0.8,Colombo,6.9271,79.8612,Open-Meteo Historical API (ERA5 reanalysis)
2015-02-24,2015,2,Feb,24,13.3,Colombo,6.9271,79.8612,Open-Meteo Historical API (ERA5 reanalysis)
2015-02-25,2015,2,Feb,25,1.8,Colombo,6.9271,79.8612,Open-Meteo Historical API (ERA5 reanalysis)
2015-02-26,2015,2,Feb,26,6.3,Colombo,6.9271,79.8612,Open-Meteo Historical API (ERA5 reanalysis)
2015-02-27,2015,2,Feb,27,9.7,Colombo,6.9271,79.8612,Open-Meteo Historical API (ERA5 reanalysis)
2015-02-28,2015,2,Feb,28,0.2,Colombo,6.9271,79.8612,Open-Meteo Historical API (ERA5 reanalysis)
2015-03-01,2015,3,Mar,1,0.4,Colombo,6.9271,79.8612,Open-Meteo Historical API (ERA5 reanalysis)
2015-03-02,2015,3,Mar,2,3.7,Colombo,6.9271,79.8612,Open-Meteo Historical API (ERA5 reanalysis)
2015-03-03,2015,3,Mar,3,0.2,Colombo,6.9271,79.8612,Open-Meteo Historical API (ERA5 reanalysis)
2015-03-04,2015,3,Mar,4,4.6,Colombo,6.9271,79.8612,Open-Meteo Historical API (ERA5 reanalysis)
2015-03-05,2015,3,Mar,5,0.1,Colombo,6.9271,79.8612,Open-Meteo Historical API (ERA5 reanalysis)
2015-03-06,2015,3,Mar,6,0.0,Colombo,6.9271,79.8612,Open-Meteo Historical API (ERA5 reanalysis)
2015-03-07,2015,3,Mar,7,0.0,Colombo,6.9271,79.8612,Open-Meteo Historical API (ERA5 reanalysis)
2015-03-08,2015,3,Mar,8,1.0,Colombo,6.9271,79.8612,Open-Meteo Historical API (ERA5 reanalysis)
2015-03-09,2015,3,Mar,9,0.7,Colombo,6.9271,79.8612,Open-Meteo Historical API (ERA5 reanalysis)
2015-03-10,2015,3,Mar,10,0.3,Colombo,6.9271,79.8612,Open-Meteo Historical API (ERA5 reanalysis)
2015-03-11,2015,3,Mar,11,0.0,Colombo,6.9271,79.8612,Open-Meteo Historical API (ERA5 reanalysis)
2015-03-12,2015,3,Mar,12,2.4,Colombo,6.9271,79.8612,Open-Meteo Historical API (ERA5 reanalysis)
2015-03-13,2015,3,Mar,13,26.1,Colombo,6.9271,79.8612,Open-Meteo Historical API (ERA5 reanalysis)
2015-03-14,2015,3,Mar,14,20.5,Colombo,6.9271,79.8612,Open-Meteo Historical API (ERA5 reanalysis)
2015-03-15,2015,3,Mar,15,13.3,Colombo,6.9271,79.8612,Open-Meteo Historical API (ERA5 reanalysis)
2015-03-16,2015,3,Mar,16,0.1,Colombo,6.9271,79.8612,Open-Meteo Historical API (ERA5 reanalysis)
2015-03-17,2015,3,Mar,17,0.5,Colombo,6.9271,79.8612,Open-Meteo Historical API (ERA5 reanalysis)
2015-03-18,2015,3,Mar,18,1.7,Colombo,6.9271,79.8612,Open-Meteo Historical API (ERA5 reanalysis)
2015-03-19,2015,3,Mar,19,0.4,Colombo,6.9271,79.8612,Open-Meteo Historical API (ERA5 reanalysis)
2015-03-20,2015,3,Mar,20,0.4,Colombo,6.9271,79.8612,Open-Meteo Historical API (ERA5 reanalysis)
2015-03-21,2015,3,Mar,21,0.0,Colombo,6.9271,79.8612,Open-Meteo Historical API (ERA5 reanalysis)
2015-03-22,2015,3,Mar,22,0.0,Colombo,6.9271,79.8612,Open-Meteo Historical API (ERA5 reanalysis)
2015-03-23,2015,3,Mar,23,0.0,Colombo,6.9271,79.8612,Open-Meteo Historical API (ERA5 reanalysis)
2015-03-24,2015,3,Mar,24,0.0,Colombo,6.9271,79.8612,Open-Meteo Historical API (ERA5 reanalysis)
2015-03-25,2015,3,Mar,25,0.6,Colombo,6.9271,79.8612,Open-Meteo Historical API (ERA5 reanalysis)
2015-03-26,2015,3,Mar,26,0.2,Colombo,6.9271,79.8612,Open-Meteo Historical API (ERA5 reanalysis)
2015-03-27,2015,3,Mar,27,23.9,Colombo,6.9271,79.8612,Open-Meteo Historical API (ERA5 reanalysis)
2015-03-28,2015,3,Mar,28,24.3,Colombo,6.9271,79.8612,Open-Meteo Historical API (ERA5 reanalysis)
2015-03-29,2015,3,Mar,29,10.3,Colombo,6.9271,79.8612,Open-Meteo Historical API (ERA5 reanalysis)
2015-03-30,2015,3,Mar,30,3.7,Colombo,6.9271,79.8612,Open-Meteo Historical API (ERA5 reanalysis)
2015-03-31,2015,3,Mar,31,8.3,Colombo,6.9271,79.8612,Open-Meteo Historical API (ERA5 reanalysis)
2015-04-01,2015,4,Apr,1,41.9,Colombo,6.9271,79.8612,Open-Meteo Historical API (ERA5 reanalysis)
2015-04-02,2015,4,Apr,2,11.3,Colombo,6.9271,79.8612,Open-Meteo Historical API (ERA5 reanalysis)
2015-04-03,2015,4,Apr,3,9.0,Colombo,6.9271,79.8612,Open-Meteo Historical API (ERA5 reanalysis)
2015-04-04,2015,4,Apr,4,2.2,Colombo,6.9271,79.8612,Open-Meteo Historical API (ERA5 reanalysis)
2015-04-05,2015,4,Apr,5,0.6,Colombo,6.9271,79.8612,Open-Meteo Historical API (ERA5 reanalysis)
2015-04-06,2015,4,Apr,6,2.0,Colombo,6.9271,79.8612,Open-Meteo Historical API (ERA5 reanalysis)
2015-04-07,2015,4,Apr,7,26.7,Colombo,6.9271,79.8612,Open-Meteo Historical API (ERA5 reanalysis)
2015-04-08,2015,4,Apr,8,8.0,Colombo,6.9271,79.8612,Open-Meteo Historical API (ERA5 reanalysis)
2015-04-09,2015,4,Apr,9,4.2,Colombo,6.9271,79.8612,Open-Meteo Historical API (ERA5 reanalysis)
2015-04-10,2015,4,Apr,10,2.3,Colombo,6.9271,79.8612,Open-Meteo Historical API (ERA5 reanalysis)
2015-04-11,2015,4,Apr,11,2.5,Colombo,6.9271,79.8612,Open-Meteo Historical API (ERA5 reanalysis)
2015-04-12,2015,4,Apr,12,4.5,Colombo,6.9271,79.8612,Open-Meteo Historical API (ERA5 reanalysis)
2015-04-13,2015,4,Apr,13,5.7,Colombo,6.9271,79.8612,Open-Meteo Historical API (ERA5 reanalysis)
2015-04-14,2015,4,Apr,14,1.9,Colombo,6.9271,79.8612,Open-Meteo Historical API (ERA5 reanalysis)
2015-04-15,2015,4,Apr,15,7.6,Colombo,6.9271,79.8612,Open-Meteo Historical API (ERA5 reanalysis)
2015-04-16,2015,4,Apr,16,4.1,Colombo,6.9271,79.8612,Open-Meteo Historical API (ERA5 reanalysis)
2015-04-17,2015,4,Apr,17,5.5,Colombo,6.9271,79.8612,Open-Meteo Historical API (ERA5 reanalysis)
2015-04-18,2015,4,Apr,18,2.9,Colombo,6.9271,79.8612,Open-Meteo Historical API (ERA5 reanalysis)
2015-04-19,2015,4,Apr,19,4.8,Colombo,6.9271,79.8612,Open-Meteo Historical API (ERA5 reanalysis)
2015-04-20,2015,4,Apr,20,30.5,Colombo,6.9271,79.8612,Open-Meteo Historical API (ERA5 reanalysis)
2015-04-21,2015,4,Apr,21,44.7,Colombo,6.9271,79.8612,Open-Meteo Historical API (ERA5 reanalysis)
2015-04-22,2015,4,Apr,22,0.1,Colombo,6.9271,79.8612,Open-Meteo Historical API (ERA5 reanalysis)
2015-04-23,2015,4,Apr,23,3.2,Colombo,6.9271,79.8612,Open-Meteo Historical API (ERA5 reanalysis)
2015-04-24,2015,4,Apr,24,3.7,Colombo,6.9271,79.8612,Open-Meteo Historical API (ERA5 reanalysis)
2015-04-25,2015,4,Apr,25,8.4,Colombo,6.9271,79.8612,Open-Meteo Historical API (ERA5 reanalysis)
2015-04-26,2015,4,Apr,26,4.9,Colombo,6.9271,79.8612,Open-Meteo Historical API (ERA5 reanalysis)
2015-04-27,2015,4,Apr,27,4.1,Colombo,6.9271,79.8612,Open-Meteo Historical API (ERA5 reanalysis)
2015-04-28,2015,4,Apr,28,5.0,Colombo,6.9271,79.8612,Open-Meteo Historical API (ERA5 reanalysis)
2015-04-29,2015,4,Apr,29,7.6,Colombo,6.9271,79.8612,Open-Meteo Historical API (ERA5 reanalysis)
2015-04-30,2015,4,Apr,30,5.2,Colombo,6.9271,79.8612,Open-Meteo Historical API (ERA5 reanalysis)
2015-05-01,2015,5,May,1,5.4,Colombo,6.9271,79.8612,Open-Meteo Historical API (ERA5 reanalysis)
2015-05-02,2015,5,May,2,1.3,Colombo,6.9271,79.8612,Open-Meteo Historical API (ERA5 reanalysis)
2015-05-03,2015,5,May,3,4.3,Colombo,6.9271,79.8612,Open-Meteo Historical API (ERA5 reanalysis)
2015-05-04,2015,5,May,4,5.3,Colombo,6.9271,79.8612,Open-Meteo Historical API (ERA5 reanalysis)
2015-05-05,2015,5,May,5,5.6,Colombo,6.9271,79.8612,Open-Meteo Historical API (ERA5 reanalysis)
2015-05-06,2015,5,May,6,6.4,Colombo,6.9271,79.8612,Open-Meteo Historical API (ERA5 reanalysis)
2015-05-07,2015,5,May,7,4.0,Colombo,6.9271,79.8612,Open-Meteo Historical API (ERA5 reanalysis)
2015-05-08,2015,5,May,8,10.8,Colombo,6.9271,79.8612,Open-Meteo Historical API (ERA5 reanalysis)
2015-05-09,2015,5,May,9,22.2,Colombo,6.9271,79.8612,Open-Meteo Historical API (ERA5 reanalysis)
2015-05-10,2015,5,May,10,26.4,Colombo,6.9271,79.8612,Open-Meteo Historical API (ERA5 reanalysis)
2015-05-11,2015,5,May,11,22.5,Colombo,6.9271,79.8612,Open-Meteo Historical API (ERA5 reanalysis)
2015-05-12,2015,5,May,12,3.9,Colombo,6.9271,79.8612,Open-Meteo Historical API (ERA5 reanalysis)
2015-05-13,2015,5,May,13,4.5,Colombo,6.9271,79.8612,Open-Meteo Historical API (ERA5 reanalysis)
2015-05-14,2015,5,May,14,5.1,Colombo,6.9271,79.8612,Open-Meteo Historical API (ERA5 reanalysis)
2015-05-15,2015,5,May,15,2.6,Colombo,6.9271,79.8612,Open-Meteo Historical API (ERA5 reanalysis)
2015-05-16,2015,5,May,16,5.2,Colombo,6.9271,79.8612,Open-Meteo Historical API (ERA5 reanalysis)
2015-05-17,2015,5,May,17,7.6,Colombo,6.9271,79.8612,Open-Meteo Historical API (ERA5 reanalysis)
2015-05-18,2015,5,May,18,13.5,Colombo,6.9271,79.8612,Open-Meteo Historical API (ERA5 reanalysis)
2015-05-19,2015,5,May,19,9.6,Colombo,6.9271,79.8612,Open-Meteo Historical API (ERA5 reanalysis)
2015-05-20,2015,5,May,20,2.4,Colombo,6.9271,79.8612,Open-Meteo Historical API (ERA5 reanalysis)
2015-05-21,2015,5,May,21,13.3,Colombo,6.9271,79.8612,Open-Meteo Historical API (ERA5 reanalysis)
2015-05-22,2015,5,May,22,7.1,Colombo,6.9271,79.8612,Open-Meteo Historical API (ERA5 reanalysis)
2015-05-23,2015,5,May,23,4.6,Colombo,6.9271,79.8612,Open-Meteo Historical API (ERA5 reanalysis)
2015-05-24,2015,5,May,24,4.1,Colombo,6.9271,79.8612,Open-Meteo Historical API (ERA5 reanalysis)
2015-05-25,2015,5,May,25,1.1,Colombo,6.9271,79.8612,Open-Meteo Historical API (ERA5 reanalysis)
2015-05-26,2015,5,May,26,5.8,Colombo,6.9271,79.8612,Open-Meteo Historical API (ERA5 reanalysis)
2015-05-27,2015,5,May,27,3.1,Colombo,6.9271,79.8612,Open-Meteo Historical API (ERA5 reanalysis)
2015-05-28,2015,5,May,28,3.7,Colombo,6.9271,79.8612,Open-Meteo Historical API (ERA5 reanalysis)
2015-05-29,2015,5,May,29,6.3,Colombo,6.9271,79.8612,Open-Meteo Historical API (ERA5 reanalysis)
2015-05-30,2015,5,May,30,10.2,Colombo,6.9271,79.8612,Open-Meteo Historical API (ERA5 reanalysis)
2015-05-31,2015,5,May,31,12.3,Colombo,6.9271,79.8612,Open-Meteo Historical API (ERA5 reanalysis)
2015-06-01,2015,6,Jun,1,9.8,Colombo,6.9271,79.8612,Open-Meteo Historical API (ERA5 reanalysis)
2015-06-02,2015,6,Jun,2,8.1,Colombo,6.9271,79.8612,Open-Meteo Historical API (ERA5 reanalysis)
2015-06-03,2015,6,Jun,3,10.0,Colombo,6.9271,79.8612,Open-Meteo Historical API (ERA5 reanalysis)
2015-06-04,2015,6,Jun,4,17.1,Colombo,6.9271,79.8612,Open-Meteo Historical API (ERA5 reanalysis)
2015-06-05,2015,6,Jun,5,8.3,Colombo,6.9271,79.8612,Open-Meteo Historical API (ERA5 reanalysis)
2015-06-06,2015,6,Jun,6,0.2,Colombo,6.9271,79.8612,Open-Meteo Historical API (ERA5 reanalysis)
2015-06-07,2015,6,Jun,7,0.4,Colombo,6.9271,79.8612,Open-Meteo Historical API (ERA5 reanalysis)
2015-06-08,2015,6,Jun,8,2.1,Colombo,6.9271,79.8612,Open-Meteo Historical API (ERA5 reanalysis)
2015-06-09,2015,6,Jun,9,2.0,Colombo,6.9271,79.8612,Open-Meteo Historical API (ERA5 reanalysis)
2015-06-10,2015,6,Jun,10,1.5,Colombo,6.9271,79.8612,Open-Meteo Historical API (ERA5 reanalysis)
2015-06-11,2015,6,Jun,11,9.9,Colombo,6.9271,79.8612,Open-Meteo Historical API (ERA5 reanalysis)
2015-06-12,2015,6,Jun,12,6.8,Colombo,6.9271,79.8612,Open-Meteo Historical API (ERA5 reanalysis)
2015-06-13,2015,6,Jun,13,2.1,Colombo,6.9271,79.8612,Open-Meteo Historical API (ERA5 reanalysis)
2015-06-14,2015,6,Jun,14,3.2,Colombo,6.9271,79.8612,Open-Meteo Historical API (ERA5 reanalysis)
2015-06-15,2015,6,Jun,15,9.3,Colombo,6.9271,79.8612,Open-Meteo Historical API (ERA5 reanalysis)
2015-06-16,2015,6,Jun,16,14.7,Colombo,6.9271,79.8612,Open-Meteo Historical API (ERA5 reanalysis)
2015-06-17,2015,6,Jun,17,15.7,Colombo,6.9271,79.8612,Open-Meteo Historical API (ERA5 reanalysis)
2015-06-18,2015,6,Jun,18,9.2,Colombo,6.9271,79.8612,Open-Meteo Historical API (ERA5 reanalysis)
2015-06-19,2015,6,Jun,19,5.0,Colombo,6.9271,79.8612,Open-Meteo Historical API (ERA5 reanalysis)
2015-06-20,2015,6,Jun,20,4.1,Colombo,6.9271,79.8612,Open-Meteo Historical API (ERA5 reanalysis)
2015-06-21,2015,6,Jun,21,1.4,Colombo,6.9271,79.8612,Open-Meteo Historical API (ERA5 reanalysis)
2015-06-22,2015,6,Jun,22,1.8,Colombo,6.9271,79.8612,Open-Meteo Historical API (ERA5 reanalysis)
2015-06-23,2015,6,Jun,23,3.0,Colombo,6.9271,79.8612,Open-Meteo Historical API (ERA5 reanalysis)
2015-06-24,2015,6,Jun,24,2.2,Colombo,6.9271,79.8612,Open-Meteo Historical API (ERA5 reanalysis)
2015-06-25,2015,6,Jun,25,3.3,Colombo,6.9271,79.8612,Open-Meteo Historical API (ERA5 reanalysis)
2015-06-26,2015,6,Jun,26,8.9,Colombo,6.9271,79.8612,Open-Meteo Historical API (ERA5 reanalysis)
2015-06-27,2015,6,Jun,27,33.3,Colombo,6.9271,79.8612,Open-Meteo Historical API (ERA5 reanalysis)
2015-06-28,2015,6,Jun,28,17.4,Colombo,6.9271,79.8612,Open-Meteo Historical API (ERA5 reanalysis)
2015-06-29,2015,6,Jun,29,11.5,Colombo,6.9271,79.8612,Open-Meteo Historical API (ERA5 reanalysis)
2015-06-30,2015,6,Jun,30,13.0,Colombo,6.9271,79.8612,Open-Meteo Historical API (ERA5 reanalysis)
2015-07-01,2015,7,Jul,1,2.6,Colombo,6.9271,79.8612,Open-Meteo Historical API (ERA5 reanalysis)
2015-07-02,2015,7,Jul,2,2.4,Colombo,6.9271,79.8612,Open-Meteo Historical API (ERA5 reanalysis)
2015-07-03,2015,7,Jul,3,6.3,Colombo,6.9271,79.8612,Open-Meteo Historical API (ERA5 reanalysis)
2015-07-04,2015,7,Jul,4,13.7,Colombo,6.9271,79.8612,Open-Meteo Historical API (ERA5 reanalysis)
2015-07-05,2015,7,Jul,5,8.1,Colombo,6.9271,79.8612,Open-Meteo Historical API (ERA5 reanalysis)
2015-07-06,2015,7,Jul,6,1.7,Colombo,6.9271,79.8612,Open-Meteo Historical API (ERA5 reanalysis)
2015-07-07,2015,7,Jul,7,2.0,Colombo,6.9271,79.8612,Open-Meteo Historical API (ERA5 reanalysis)
2015-07-08,2015,7,Jul,8,2.3,Colombo,6.9271,79.8612,Open-Meteo Historical API (ERA5 reanalysis)
2015-07-09,2015,7,Jul,9,2.6,Colombo,6.9271,79.8612,Open-Meteo Historical API (ERA5 reanalysis)
2015-07-10,2015,7,Jul,10,21.1,Colombo,6.9271,79.8612,Open-Meteo Historical API (ERA5 reanalysis)
2015-07-11,2015,7,Jul,11,29.4,Colombo,6.9271,79.8612,Open-Meteo Historical API (ERA5 reanalysis)
2015-07-12,2015,7,Jul,12,2.6,Colombo,6.9271,79.8612,Open-Meteo Historical API (ERA5 reanalysis)
2015-07-13,2015,7,Jul,13,2.6,Colombo,6.9271,79.8612,Open-Meteo Historical API (ERA5 reanalysis)
2015-07-14,2015,7,Jul,14,2.3,Colombo,6.9271,79.8612,Open-Meteo Historical API (ERA5 reanalysis)
2015-07-15,2015,7,Jul,15,7.5,Colombo,6.9271,79.8612,Open-Meteo Historical API (ERA5 reanalysis)
2015-07-16,2015,7,Jul,16,3.9,Colombo,6.9271,79.8612,Open-Meteo Historical API (ERA5 reanalysis)
2015-07-17,2015,7,Jul,17,16.0,Colombo,6.9271,79.8612,Open-Meteo Historical API (ERA5 reanalysis)
2015-07-18,2015,7,Jul,18,2.8,Colombo,6.9271,79.8612,Open-Meteo Historical API (ERA5 reanalysis)
2015-07-19,2015,7,Jul,19,8.2,Colombo,6.9271,79.8612,Open-Meteo Historical API (ERA5 reanalysis)
2015-07-20,2015,7,Jul,20,1.2,Colombo,6.9271,79.8612,Open-Meteo Historical API (ERA5 reanalysis)
2015-07-21,2015,7,Jul,21,8.0,Colombo,6.9271,79.8612,Open-Meteo Historical API (ERA5 reanalysis)
2015-07-22,2015,7,Jul,22,24.8,Colombo,6.9271,79.8612,Open-Meteo Historical API (ERA5 reanalysis)
2015-07-23,2015,7,Jul,23,5.8,Colombo,6.9271,79.8612,Open-Meteo Historical API (ERA5 reanalysis)
2015-07-24,2015,7,Jul,24,11.4,Colombo,6.9271,79.8612,Open-Meteo Historical API (ERA5 reanalysis)
2015-07-25,2015,7,Jul,25,5.0,Colombo,6.9271,79.8612,Open-Meteo Historical API (ERA5 reanalysis)
2015-07-26,2015,7,Jul,26,6.5,Colombo,6.9271,79.8612,Open-Meteo Historical API (ERA5 reanalysis)
2015-07-27,2015,7,Jul,27,0.4,Colombo,6.9271,79.8612,Open-Meteo Historical API (ERA5 reanalysis)
2015-07-28,2015,7,Jul,28,1.8,Colombo,6.9271,79.8612,Open-Meteo Historical API (ERA5 reanalysis)
2015-07-29,2015,7,Jul,29,1.4,Colombo,6.9271,79.8612,Open-Meteo Historical API (ERA5 reanalysis)
2015-07-30,2015,7,Jul,30,1.3,Colombo,6.9271,79.8612,Open-Meteo Historical API (ERA5 reanalysis)
2015-07-31,2015,7,Jul,31,1.2,Colombo,6.9271,79.8612,Open-Meteo Historical API (ERA5 reanalysis)
2015-08-01,2015,8,Aug,1,2.5,Colombo,6.9271,79.8612,Open-Meteo Historical API (ERA5 reanalysis)
2015-08-02,2015,8,Aug,2,4.3,Colombo,6.9271,79.8612,Open-Meteo Historical API (ERA5 reanalysis)
2015-08-03,2015,8,Aug,3,10.2,Colombo,6.9271,79.8612,Open-Meteo Historical API (ERA5 reanalysis)
2015-08-04,2015,8,Aug,4,7.2,Colombo,6.9271,79.8612,Open-Meteo Historical API (ERA5 reanalysis)
2015-08-05,2015,8,Aug,5,8.8,Colombo,6.9271,79.8612,Open-Meteo Historical API (ERA5 reanalysis)
2015-08-06,2015,8,Aug,6,1.3,Colombo,6.9271,79.8612,Open-Meteo Historical API (ERA5 reanalysis)
2015-08-07,2015,8,Aug,7,1.2,Colombo,6.9271,79.8612,Open-Meteo Historical API (ERA5 reanalysis)
2015-08-08,2015,8,Aug,8,4.0,Colombo,6.9271,79.8612,Open-Meteo Historical API (ERA5 reanalysis)
2015-08-09,2015,8,Aug,9,7.2,Colombo,6.9271,79.8612,Open-Meteo Historical API (ERA5 reanalysis)
2015-08-10,2015,8,Aug,10,14.3,Colombo,6.9271,79.8612,Open-Meteo Historical API (ERA5 reanalysis)
2015-08-11,2015,8,Aug,11,2.8,Colombo,6.9271,79.8612,Open-Meteo Historical API (ERA5 reanalysis)
2015-08-12,2015,8,Aug,12,2.4,Colombo,6.9271,79.8612,Open-Meteo Historical API (ERA5 reanalysis)
2015-08-13,2015,8,Aug,13,1.7,Colombo,6.9271,79.8612,Open-Meteo Historical API (ERA5 reanalysis)
2015-08-14,2015,8,Aug,14,0.7,Colombo,6.9271,79.8612,Open-Meteo Historical API (ERA5 reanalysis)
2015-08-15,2015,8,Aug,15,3.5,Colombo,6.9271,79.8612,Open-Meteo Historical API (ERA5 reanalysis)
2015-08-16,2015,8,Aug,16,5.9,Colombo,6.9271,79.8612,Open-Meteo Historical API (ERA5 reanalysis)
2015-08-17,2015,8,Aug,17,17.3,Colombo,6.9271,79.8612,Open-Meteo Historical API (ERA5 reanalysis)
2015-08-18,2015,8,Aug,18,1.3,Colombo,6.9271,79.8612,Open-Meteo Historical API (ERA5 reanalysis)
2015-08-19,2015,8,Aug,19,0.7,Colombo,6.9271,79.8612,Open-Meteo Historical API (ERA5 reanalysis)
2015-08-20,2015,8,Aug,20,4.6,Colombo,6.9271,79.8612,Open-Meteo Historical API (ERA5 reanalysis)
2015-08-21,2015,8,Aug,21,0.7,Colombo,6.9271,79.8612,Open-Meteo Historical API (ERA5 reanalysis)
2015-08-22,2015,8,Aug,22,3.8,Colombo,6.9271,79.8612,Open-Meteo Historical API (ERA5 reanalysis)
2015-08-23,2015,8,Aug,23,3.5,Colombo,6.9271,79.8612,Open-Meteo Historical API (ERA5 reanalysis)
2015-08-24,2015,8,Aug,24,7.7,Colombo,6.9271,79.8612,Open-Meteo Historical API (ERA5 reanalysis)
2015-08-25,2015,8,Aug,25,5.7,Colombo,6.9271,79.8612,Open-Meteo Historical API (ERA5 reanalysis)
2015-08-26,2015,8,Aug,26,2.4,Colombo,6.9271,79.8612,Open-Meteo Historical API (ERA5 reanalysis)
2015-08-27,2015,8,Aug,27,4.2,Colombo,6.9271,79.8612,Open-Meteo Historical API (ERA5 reanalysis)
2015-08-28,2015,8,Aug,28,9.3,Colombo,6.9271,79.8612,Open-Meteo Historical API (ERA5 reanalysis)
2015-08-29,2015,8,Aug,29,6.3,Colombo,6.9271,79.8612,Open-Meteo Historical API (ERA5 reanalysis)
2015-08-30,2015,8,Aug,30,5.4,Colombo,6.9271,79.8612,Open-Meteo Historical API (ERA5 reanalysis)
2015-08-31,2015,8,Aug,31,2.7,Colombo,6.9271,79.8612,Open-Meteo Historical API (ERA5 reanalysis)
2015-09-01,2015,9,Sep,1,1.6,Colombo,6.9271,79.8612,Open-Meteo Historical API (ERA5 reanalysis)
2015-09-02,2015,9,Sep,2,4.1,Colombo,6.9271,79.8612,Open-Meteo Historical API (ERA5 reanalysis)
2015-09-03,2015,9,Sep,3,9.1,Colombo,6.9271,79.8612,Open-Meteo Historical API (ERA5 reanalysis)
2015-09-04,2015,9,Sep,4,8.4,Colombo,6.9271,79.8612,Open-Meteo Historical API (ERA5 reanalysis)
2015-09-05,2015,9,Sep,5,6.3,Colombo,6.9271,79.8612,Open-Meteo Historical API (ERA5 reanalysis)
2015-09-06,2015,9,Sep,6,0.3,Colombo,6.9271,79.8612,Open-Meteo Historical API (ERA5 reanalysis)
2015-09-07,2015,9,Sep,7,5.6,Colombo,6.9271,79.8612,Open-Meteo Historical API (ERA5 reanalysis)
2015-09-08,2015,9,Sep,8,5.0,Colombo,6.9271,79.8612,Open-Meteo Historical API (ERA5 reanalysis)
2015-09-09,2015,9,Sep,9,1.8,Colombo,6.9271,79.8612,Open-Meteo Historical API (ERA5 reanalysis)
2015-09-10,2015,9,Sep,10,11.1,Colombo,6.9271,79.8612,Open-Meteo Historical API (ERA5 reanalysis)
2015-09-11,2015,9,Sep,11,13.2,Colombo,6.9271,79.8612,Open-Meteo Historical API (ERA5 reanalysis)
2015-09-12,2015,9,Sep,12,9.7,Colombo,6.9271,79.8612,Open-Meteo Historical API (ERA5 reanalysis)
2015-09-13,2015,9,Sep,13,6.5,Colombo,6.9271,79.8612,Open-Meteo Historical API (ERA5 reanalysis)
2015-09-14,2015,9,Sep,14,5.4,Colombo,6.9271,79.8612,Open-Meteo Historical API (ERA5 reanalysis)
2015-09-15,2015,9,Sep,15,13.1,Colombo,6.9271,79.8612,Open-Meteo Historical API (ERA5 reanalysis)
2015-09-16,2015,9,Sep,16,6.2,Colombo,6.9271,79.8612,Open-Meteo Historical API (ERA5 reanalysis)
2015-09-17,2015,9,Sep,17,12.7,Colombo,6.9271,79.8612,Open-Meteo Historical API (ERA5 reanalysis)
2015-09-18,2015,9,Sep,18,11.6,Colombo,6.9271,79.8612,Open-Meteo Historical API (ERA5 reanalysis)
2015-09-19,2015,9,Sep,19,15.9,Colombo,6.9271,79.8612,Open-Meteo Historical API (ERA5 reanalysis)
2015-09-20,2015,9,Sep,20,16.7,Colombo,6.9271,79.8612,Open-Meteo Historical API (ERA5 reanalysis)
2015-09-21,2015,9,Sep,21,2.9,Colombo,6.9271,79.8612,Open-Meteo Historical API (ERA5 reanalysis)
2015-09-22,2015,9,Sep,22,1.7,Colombo,6.9271,79.8612,Open-Meteo Historical API (ERA5 reanalysis)
2015-09-23,2015,9,Sep,23,21.8,Colombo,6.9271,79.8612,Open-Meteo Historical API (ERA5 reanalysis)
2015-09-24,2015,9,Sep,24,11.4,Colombo,6.9271,79.8612,Open-Meteo Historical API (ERA5 reanalysis)
2015-09-25,2015,9,Sep,25,17.1,Colombo,6.9271,79.8612,Open-Meteo Historical API (ERA5 reanalysis)
2015-09-26,2015,9,Sep,26,20.1,Colombo,6.9271,79.8612,Open-Meteo Historical API (ERA5 reanalysis)
2015-09-27,2015,9,Sep,27,8.8,Colombo,6.9271,79.8612,Open-Meteo Historical API (ERA5 reanalysis)
2015-09-28,2015,9,Sep,28,11.3,Colombo,6.9271,79.8612,Open-Meteo Historical API (ERA5 reanalysis)
2015-09-29,2015,9,Sep,29,13.3,Colombo,6.9271,79.8612,Open-Meteo Historical API (ERA5 reanalysis)
2015-09-30,2015,9,Sep,30,22.2,Colombo,6.9271,79.8612,Open-Meteo Historical API (ERA5 reanalysis)
2015-10-01,2015,10,Oct,1,9.0,Colombo,6.9271,79.8612,Open-Meteo Historical API (ERA5 reanalysis)
2015-10-02,2015,10,Oct,2,3.3,Colombo,6.9271,79.8612,Open-Meteo Historical API (ERA5 reanalysis)
2015-10-03,2015,10,Oct,3,2.3,Colombo,6.9271,79.8612,Open-Meteo Historical API (ERA5 reanalysis)
2015-10-04,2015,10,Oct,4,15.2,Colombo,6.9271,79.8612,Open-Meteo Historical API (ERA5 reanalysis)
2015-10-05,2015,10,Oct,5,16.5,Colombo,6.9271,79.8612,Open-Meteo Historical API (ERA5 reanalysis)
2015-10-06,2015,10,Oct,6,3.6,Colombo,6.9271,79.8612,Open-Meteo Historical API (ERA5 reanalysis)
2015-10-07,2015,10,Oct,7,7.2,Colombo,6.9271,79.8612,Open-Meteo Historical API (ERA5 reanalysis)
2015-10-08,2015,10,Oct,8,2.5,Colombo,6.9271,79.8612,Open-Meteo Historical API (ERA5 reanalysis)
2015-10-09,2015,10,Oct,9,4.2,Colombo,6.9271,79.8612,Open-Meteo Historical API (ERA5 reanalysis)
2015-10-10,2015,10,Oct,10,5.9,Colombo,6.9271,79.8612,Open-Meteo Historical API (ERA5 reanalysis)
2015-10-11,2015,10,Oct,11,2.7,Colombo,6.9271,79.8612,Open-Meteo Historical API (ERA5 reanalysis)
2015-10-12,2015,10,Oct,12,7.1,Colombo,6.9271,79.8612,Open-Meteo Historical API (ERA5 reanalysis)
2015-10-13,2015,10,Oct,13,15.4,Colombo,6.9271,79.8612,Open-Meteo Historical API (ERA5 reanalysis)
2015-10-14,2015,10,Oct,14,51.3,Colombo,6.9271,79.8612,Open-Meteo Historical API (ERA5 reanalysis)
2015-10-15,2015,10,Oct,15,29.5,Colombo,6.9271,79.8612,Open-Meteo Historical API (ERA5 reanalysis)
2015-10-16,2015,10,Oct,16,14.2,Colombo,6.9271,79.8612,Open-Meteo Historical API (ERA5 reanalysis)
2015-10-17,2015,10,Oct,17,95.3,Colombo,6.9271,79.8612,Open-Meteo Historical API (ERA5 reanalysis)
2015-10-18,2015,10,Oct,18,48.2,Colombo,6.9271,79.8612,Open-Meteo Historical API (ERA5 reanalysis)
2015-10-19,2015,10,Oct,19,74.2,Colombo,6.9271,79.8612,Open-Meteo Historical API (ERA5 reanalysis)
2015-10-20,2015,10,Oct,20,35.2,Colombo,6.9271,79.8612,Open-Meteo Historical API (ERA5 reanalysis)
2015-10-21,2015,10,Oct,21,30.4,Colombo,6.9271,79.8612,Open-Meteo Historical API (ERA5 reanalysis)
2015-10-22,2015,10,Oct,22,10.9,Colombo,6.9271,79.8612,Open-Meteo Historical API (ERA5 reanalysis)
2015-10-23,2015,10,Oct,23,22.6,Colombo,6.9271,79.8612,Open-Meteo Historical API (ERA5 reanalysis)
2015-10-24,2015,10,Oct,24,43.2,Colombo,6.9271,79.8612,Open-Meteo Historical API (ERA5 reanalysis)
2015-10-25,2015,10,Oct,25,27.4,Colombo,6.9271,79.8612,Open-Meteo Historical API (ERA5 reanalysis)
2015-10-26,2015,10,Oct,26,8.9,Colombo,6.9271,79.8612,Open-Meteo Historical API (ERA5 reanalysis)
2015-10-27,2015,10,Oct,27,63.9,Colombo,6.9271,79.8612,Open-Meteo Historical API (ERA5 reanalysis)
2015-10-28,2015,10,Oct,28,3.9,Colombo,6.9271,79.8612,Open-Meteo Historical API (ERA5 reanalysis)
2015-10-29,2015,10,Oct,29,4.7,Colombo,6.9271,79.8612,Open-Meteo Historical API (ERA5 reanalysis)
2015-10-30,2015,10,Oct,30,15.3,Colombo,6.9271,79.8612,Open-Meteo Historical API (ERA5 reanalysis)
2015-10-31,2015,10,Oct,31,7.2,Colombo,6.9271,79.8612,Open-Meteo Historical API (ERA5 reanalysis)
2015-11-01,2015,11,Nov,1,9.8,Colombo,6.9271,79.8612,Open-Meteo Historical API (ERA5 reanalysis)
2015-11-02,2015,11,Nov,2,7.6,Colombo,6.9271,79.8612,Open-Meteo Historical API (ERA5 reanalysis)
2015-11-03,2015,11,Nov,3,19.4,Colombo,6.9271,79.8612,Open-Meteo Historical API (ERA5 reanalysis)
2015-11-04,2015,11,Nov,4,10.0,Colombo,6.9271,79.8612,Open-Meteo Historical API (ERA5 reanalysis)
2015-11-05,2015,11,Nov,5,1.9,Colombo,6.9271,79.8612,Open-Meteo Historical API (ERA5 reanalysis)
2015-11-06,2015,11,Nov,6,17.6,Colombo,6.9271,79.8612,Open-Meteo Historical API (ERA5 reanalysis)
2015-11-07,2015,11,Nov,7,13.2,Colombo,6.9271,79.8612,Open-Meteo Historical API (ERA5 reanalysis)
2015-11-08,2015,11,Nov,8,15.1,Colombo,6.9271,79.8612,Open-Meteo Historical API (ERA5 reanalysis)
2015-11-09,2015,11,Nov,9,21.8,Colombo,6.9271,79.8612,Open-Meteo Historical API (ERA5 reanalysis)
2015-11-10,2015,11,Nov,10,9.4,Colombo,6.9271,79.8612,Open-Meteo Historical API (ERA5 reanalysis)
2015-11-11,2015,11,Nov,11,5.1,Colombo,6.9271,79.8612,Open-Meteo Historical API (ERA5 reanalysis)
2015-11-12,2015,11,Nov,12,5.8,Colombo,6.9271,79.8612,Open-Meteo Historical API (ERA5 reanalysis)
2015-11-13,2015,11,Nov,13,23.0,Colombo,6.9271,79.8612,Open-Meteo Historical API (ERA5 reanalysis)
2015-11-14,2015,11,Nov,14,15.8,Colombo,6.9271,79.8612,Open-Meteo Historical API (ERA5 reanalysis)
2015-11-15,2015,11,Nov,15,36.0,Colombo,6.9271,79.8612,Open-Meteo Historical API (ERA5 reanalysis)
2015-11-16,2015,11,Nov,16,4.6,Colombo,6.9271,79.8612,Open-Meteo Historical API (ERA5 reanalysis)
2015-11-17,2015,11,Nov,17,4.7,Colombo,6.9271,79.8612,Open-Meteo Historical API (ERA5 reanalysis)
2015-11-18,2015,11,Nov,18,1.3,Colombo,6.9271,79.8612,Open-Meteo Historical API (ERA5 reanalysis)
2015-11-19,2015,11,Nov,19,2.6,Colombo,6.9271,79.8612,Open-Meteo Historical API (ERA5 reanalysis)
2015-11-20,2015,11,Nov,20,19.3,Colombo,6.9271,79.8612,Open-Meteo Historical API (ERA5 reanalysis)
2015-11-21,2015,11,Nov,21,6.8,Colombo,6.9271,79.8612,Open-Meteo Historical API (ERA5 reanalysis)
2015-11-22,2015,11,Nov,22,26.3,Colombo,6.9271,79.8612,Open-Meteo Historical API (ERA5 reanalysis)
2015-11-23,2015,11,Nov,23,12.4,Colombo,6.9271,79.8612,Open-Meteo Historical API (ERA5 reanalysis)
2015-11-24,2015,11,Nov,24,3.7,Colombo,6.9271,79.8612,Open-Meteo Historical API (ERA5 reanalysis)
2015-11-25,2015,11,Nov,25,0.0,Colombo,6.9271,79.8612,Open-Meteo Historical API (ERA5 reanalysis)
2015-11-26,2015,11,Nov,26,0.0,Colombo,6.9271,79.8612,Open-Meteo Historical API (ERA5 reanalysis)
2015-11-27,2015,11,Nov,27,0.0,Colombo,6.9271,79.8612,Open-Meteo Historical API (ERA5 reanalysis)
2015-11-28,2015,11,Nov,28,0.6,Colombo,6.9271,79.8612,Open-Meteo Historical API (ERA5 reanalysis)
2015-11-29,2015,11,Nov,29,21.1,Colombo,6.9271,79.8612,Open-Meteo Historical API (ERA5 reanalysis)
2015-11-30,2015,11,Nov,30,8.3,Colombo,6.9271,79.8612,Open-Meteo Historical API (ERA5 reanalysis)
2015-12-01,2015,12,Dec,1,10.4,Colombo,6.9271,79.8612,Open-Meteo Historical API (ERA5 reanalysis)
2015-12-02,2015,12,Dec,2,16.2,Colombo,6.9271,79.8612,Open-Meteo Historical API (ERA5 reanalysis)
2015-12-03,2015,12,Dec,3,8.2,Colombo,6.9271,79.8612,Open-Meteo Historical API (ERA5 reanalysis)
2015-12-04,2015,12,Dec,4,15.5,Colombo,6.9271,79.8612,Open-Meteo Historical API (ERA5 reanalysis)
2015-12-05,2015,12,Dec,5,14.3,Colombo,6.9271,79.8612,Open-Meteo Historical API (ERA5 reanalysis)
2015-12-06,2015,12,Dec,6,12.3,Colombo,6.9271,79.8612,Open-Meteo Historical API (ERA5 reanalysis)
2015-12-07,2015,12,Dec,7,27.4,Colombo,6.9271,79.8612,Open-Meteo Historical API (ERA5 reanalysis)
2015-12-08,2015,12,Dec,8,19.1,Colombo,6.9271,79.8612,Open-Meteo Historical API (ERA5 reanalysis)
2015-12-09,2015,12,Dec,9,7.1,Colombo,6.9271,79.8612,Open-Meteo Historical API (ERA5 reanalysis)
2015-12-10,2015,12,Dec,10,27.5,Colombo,6.9271,79.8612,Open-Meteo Historical API (ERA5 reanalysis)
2015-12-11,2015,12,Dec,11,8.6,Colombo,6.9271,79.8612,Open-Meteo Historical API (ERA5 reanalysis)
2015-12-12,2015,12,Dec,12,12.3,Colombo,6.9271,79.8612,Open-Meteo Historical API (ERA5 reanalysis)
2015-12-13,2015,12,Dec,13,9.2,Colombo,6.9271,79.8612,Open-Meteo Historical API (ERA5 reanalysis)
2015-12-14,2015,12,Dec,14,10.3,Colombo,6.9271,79.8612,Open-Meteo Historical API (ERA5 reanalysis)
2015-12-15,2015,12,Dec,15,3.9,Colombo,6.9271,79.8612,Open-Meteo Historical API (ERA5 reanalysis)
2015-12-16,2015,12,Dec,16,23.9,Colombo,6.9271,79.8612,Open-Meteo Historical API (ERA5 reanalysis)
2015-12-17,2015,12,Dec,17,1.2,Colombo,6.9271,79.8612,Open-Meteo Historical API (ERA5 reanalysis)
2015-12-18,2015,12,Dec,18,33.7,Colombo,6.9271,79.8612,Open-Meteo Historical API (ERA5 reanalysis)
2015-12-19,2015,12,Dec,19,5.4,Colombo,6.9271,79.8612,Open-Meteo Historical API (ERA5 reanalysis)
2015-12-20,2015,12,Dec,20,2.6,Colombo,6.9271,79.8612,Open-Meteo Historical API (ERA5 reanalysis)
2015-12-21,2015,12,Dec,21,0.2,Colombo,6.9271,79.8612,Open-Meteo Historical API (ERA5 reanalysis)
2015-12-22,2015,12,Dec,22,0.0,Colombo,6.9271,79.8612,Open-Meteo Historical API (ERA5 reanalysis)
2015-12-23,2015,12,Dec,23,0.0,Colombo,6.9271,79.8612,Open-Meteo Historical API (ERA5 reanalysis)
2015-12-24,2015,12,Dec,24,0.0,Colombo,6.9271,79.8612,Open-Meteo Historical API (ERA5 reanalysis)
2015-12-25,2015,12,Dec,25,0.0,Colombo,6.9271,79.8612,Open-Meteo Historical API (ERA5 reanalysis)
2015-12-26,2015,12,Dec,26,0.1,Colombo,6.9271,79.8612,Open-Meteo Historical API (ERA5 reanalysis)
2015-12-27,2015,12,Dec,27,0.4,Colombo,6.9271,79.8612,Open-Meteo Historical API (ERA5 reanalysis)
2015-12-28,2015,12,Dec,28,0.6,Colombo,6.9271,79.8612,Open-Meteo Historical API (ERA5 reanalysis)
2015-12-29,2015,12,Dec,29,13.8,Colombo,6.9271,79.8612,Open-Meteo Historical API (ERA5 reanalysis)
2015-12-30,2015,12,Dec,30,1.1,Colombo,6.9271,79.8612,Open-Meteo Historical API (ERA5 reanalysis)
2015-12-31,2015,12,Dec,31,0.0,Colombo,6.9271,79.8612,Open-Meteo Historical API (ERA5 reanalysis)
2016-01-01,2016,1,Jan,1,0.1,Colombo,6.9271,79.8612,Open-Meteo Historical API (ERA5 reanalysis)
2016-01-02,2016,1,Jan,2,1.2,Colombo,6.9271,79.8612,Open-Meteo Historical API (ERA5 reanalysis)
2016-01-03,2016,1,Jan,3,0.0,Colombo,6.9271,79.8612,Open-Meteo Historical API (ERA5 reanalysis)
2016-01-04,2016,1,Jan,4,0.0,Colombo,6.9271,79.8612,Open-Meteo Historical API (ERA5 reanalysis)
2016-01-05,2016,1,Jan,5,0.3,Colombo,6.9271,79.8612,Open-Meteo Historical API (ERA5 reanalysis)
2016-01-06,2016,1,Jan,6,1.1,Colombo,6.9271,79.8612,Open-Meteo Historical API (ERA5 reanalysis)
2016-01-07,2016,1,Jan,7,4.1,Colombo,6.9271,79.8612,Open-Meteo Historical API (ERA5 reanalysis)
2016-01-08,2016,1,Jan,8,0.0,Colombo,6.9271,79.8612,Open-Meteo Historical API (ERA5 reanalysis)
2016-01-09,2016,1,Jan,9,0.0,Colombo,6.9271,79.8612,Open-Meteo Historical API (ERA5 reanalysis)
2016-01-10,2016,1,Jan,10,0.8,Colombo,6.9271,79.8612,Open-Meteo Historical API (ERA5 reanalysis)
2016-01-11,2016,1,Jan,11,0.0,Colombo,6.9271,79.8612,Open-Meteo Historical API (ERA5 reanalysis)
2016-01-12,2016,1,Jan,12,0.0,Colombo,6.9271,79.8612,Open-Meteo Historical API (ERA5 reanalysis)
2016-01-13,2016,1,Jan,13,0.0,Colombo,6.9271,79.8612,Open-Meteo Historical API (ERA5 reanalysis)
2016-01-14,2016,1,Jan,14,0.0,Colombo,6.9271,79.8612,Open-Meteo Historical API (ERA5 reanalysis)
2016-01-15,2016,1,Jan,15,0.0,Colombo,6.9271,79.8612,Open-Meteo Historical API (ERA5 reanalysis)
2016-01-16,2016,1,Jan,16,0.0,Colombo,6.9271,79.8612,Open-Meteo Historical API (ERA5 reanalysis)
2016-01-17,2016,1,Jan,17,0.0,Colombo,6.9271,79.8612,Open-Meteo Historical API (ERA5 reanalysis)
2016-01-18,2016,1,Jan,18,0.0,Colombo,6.9271,79.8612,Open-Meteo Historical API (ERA5 reanalysis)
2016-01-19,2016,1,Jan,19,0.0,Colombo,6.9271,79.8612,Open-Meteo Historical API (ERA5 reanalysis)
2016-01-20,2016,1,Jan,20,0.0,Colombo,6.9271,79.8612,Open-Meteo Historical API (ERA5 reanalysis)
2016-01-21,2016,1,Jan,21,0.1,Colombo,6.9271,79.8612,Open-Meteo Historical API (ERA5 reanalysis)
2016-01-22,2016,1,Jan,22,0.1,Colombo,6.9271,79.8612,Open-Meteo Historical API (ERA5 reanalysis)
2016-01-23,2016,1,Jan,23,1.8,Colombo,6.9271,79.8612,Open-Meteo Historical API (ERA5 reanalysis)
2016-01-24,2016,1,Jan,24,4.6,Colombo,6.9271,79.8612,Open-Meteo Historical API (ERA5 reanalysis)
2016-01-25,2016,1,Jan,25,2.4,Colombo,6.9271,79.8612,Open-Meteo Historical API (ERA5 reanalysis)
2016-01-26,2016,1,Jan,26,0.4,Colombo,6.9271,79.8612,Open-Meteo Historical API (ERA5 reanalysis)
2016-01-27,2016,1,Jan,27,0.0,Colombo,6.9271,79.8612,Open-Meteo Historical API (ERA5 reanalysis)
2016-01-28,2016,1,Jan,28,0.0,Colombo,6.9271,79.8612,Open-Meteo Historical API (ERA5 reanalysis)
2016-01-29,2016,1,Jan,29,0.0,Colombo,6.9271,79.8612,Open-Meteo Historical API (ERA5 reanalysis)
2016-01-30,2016,1,Jan,30,0.0,Colombo,6.9271,79.8612,Open-Meteo Historical API (ERA5 reanalysis)
2016-01-31,2016,1,Jan,31,0.0,Colombo,6.9271,79.8612,Open-Meteo Historical API (ERA5 reanalysis)
2016-02-01,2016,2,Feb,1,0.0,Colombo,6.9271,79.8612,Open-Meteo Historical API (ERA5 reanalysis)
2016-02-02,2016,2,Feb,2,0.0,Colombo,6.9271,79.8612,Open-Meteo Historical API (ERA5 reanalysis)
2016-02-03,2016,2,Feb,3,0.0,Colombo,6.9271,79.8612,Open-Meteo Historical API (ERA5 reanalysis)
2016-02-04,2016,2,Feb,4,0.0,Colombo,6.9271,79.8612,Open-Meteo Historical API (ERA5 reanalysis)
2016-02-05,2016,2,Feb,5,0.0,Colombo,6.9271,79.8612,Open-Meteo Historical API (ERA5 reanalysis)
2016-02-06,2016,2,Feb,6,0.0,Colombo,6.9271,79.8612,Open-Meteo Historical API (ERA5 reanalysis)
2016-02-07,2016,2,Feb,7,0.0,Colombo,6.9271,79.8612,Open-Meteo Historical API (ERA5 reanalysis)
2016-02-08,2016,2,Feb,8,0.0,Colombo,6.9271,79.8612,Open-Meteo Historical API (ERA5 reanalysis)
2016-02-09,2016,2,Feb,9,1.1,Colombo,6.9271,79.8612,Open-Meteo Historical API (ERA5 reanalysis)
2016-02-10,2016,2,Feb,10,0.1,Colombo,6.9271,79.8612,Open-Meteo Historical API (ERA5 reanalysis)
2016-02-11,2016,2,Feb,11,0.0,Colombo,6.9271,79.8612,Open-Meteo Historical API (ERA5 reanalysis)
2016-02-12,2016,2,Feb,12,0.0,Colombo,6.9271,79.8612,Open-Meteo Historical API (ERA5 reanalysis)
2016-02-13,2016,2,Feb,13,0.0,Colombo,6.9271,79.8612,Open-Meteo Historical API (ERA5 reanalysis)
2016-02-14,2016,2,Feb,14,0.2,Colombo,6.9271,79.8612,Open-Meteo Historical API (ERA5 reanalysis)
2016-02-15,2016,2,Feb,15,10.5,Colombo,6.9271,79.8612,Open-Meteo Historical API (ERA5 reanalysis)
2016-02-16,2016,2,Feb,16,1.5,Colombo,6.9271,79.8612,Open-Meteo Historical API (ERA5 reanalysis)
2016-02-17,2016,2,Feb,17,3.7,Colombo,6.9271,79.8612,Open-Meteo Historical API (ERA5 reanalysis)
2016-02-18,2016,2,Feb,18,4.0,Colombo,6.9271,79.8612,Open-Meteo Historical API (ERA5 reanalysis)
2016-02-19,2016,2,Feb,19,3.7,Colombo,6.9271,79.8612,Open-Meteo Historical API (ERA5 reanalysis)
2016-02-20,2016,2,Feb,20,3.4,Colombo,6.9271,79.8612,Open-Meteo Historical API (ERA5 reanalysis)
2016-02-21,2016,2,Feb,21,0.0,Colombo,6.9271,79.8612,Open-Meteo Historical API (ERA5 reanalysis)
2016-02-22,2016,2,Feb,22,0.0,Colombo,6.9271,79.8612,Open-Meteo Historical API (ERA5 reanalysis)
2016-02-23,2016,2,Feb,23,0.6,Colombo,6.9271,79.8612,Open-Meteo Historical API (ERA5 reanalysis)
2016-02-24,2016,2,Feb,24,0.0,Colombo,6.9271,79.8612,Open-Meteo Historical API (ERA5 reanalysis)
2016-02-25,2016,2,Feb,25,4.9,Colombo,6.9271,79.8612,Open-Meteo Historical API (ERA5 reanalysis)
2016-02-26,2016,2,Feb,26,0.0,Colombo,6.9271,79.8612,Open-Meteo Historical API (ERA5 reanalysis)
2016-02-27,2016,2,Feb,27,0.8,Colombo,6.9271,79.8612,Open-Meteo Historical API (ERA5 reanalysis)
2016-02-28,2016,2,Feb,28,0.2,Colombo,6.9271,79.8612,Open-Meteo Historical API (ERA5 reanalysis)
2016-02-29,2016,2,Feb,29,3.4,Colombo,6.9271,79.8612,Open-Meteo Historical API (ERA5 reanalysis)
2016-03-01,2016,3,Mar,1,1.7,Colombo,6.9271,79.8612,Open-Meteo Historical API (ERA5 reanalysis)
2016-03-02,2016,3,Mar,2,0.6,Colombo,6.9271,79.8612,Open-Meteo Historical API (ERA5 reanalysis)
2016-03-03,2016,3,Mar,3,0.3,Colombo,6.9271,79.8612,Open-Meteo Historical API (ERA5 reanalysis)
2016-03-04,2016,3,Mar,4,3.1,Colombo,6.9271,79.8612,Open-Meteo Historical API (ERA5 reanalysis)
2016-03-05,2016,3,Mar,5,2.1,Colombo,6.9271,79.8612,Open-Meteo Historical API (ERA5 reanalysis)
2016-03-06,2016,3,Mar,6,2.2,Colombo,6.9271,79.8612,Open-Meteo Historical API (ERA5 reanalysis)
2016-03-07,2016,3,Mar,7,1.2,Colombo,6.9271,79.8612,Open-Meteo Historical API (ERA5 reanalysis)
2016-03-08,2016,3,Mar,8,1.9,Colombo,6.9271,79.8612,Open-Meteo Historical API (ERA5 reanalysis)
2016-03-09,2016,3,Mar,9,0.1,Colombo,6.9271,79.8612,Open-Meteo Historical API (ERA5 reanalysis)
2016-03-10,2016,3,Mar,10,0.9,Colombo,6.9271,79.8612,Open-Meteo Historical API (ERA5 reanalysis)
2016-03-11,2016,3,Mar,11,3.2,Colombo,6.9271,79.8612,Open-Meteo Historical API (ERA5 reanalysis)
2016-03-12,2016,3,Mar,12,1.7,Colombo,6.9271,79.8612,Open-Meteo Historical API (ERA5 reanalysis)
2016-03-13,2016,3,Mar,13,0.5,Colombo,6.9271,79.8612,Open-Meteo Historical API (ERA5 reanalysis)
2016-03-14,2016,3,Mar,14,1.2,Colombo,6.9271,79.8612,Open-Meteo Historical API (ERA5 reanalysis)
2016-03-15,2016,3,Mar,15,0.6,Colombo,6.9271,79.8612,Open-Meteo Historical API (ERA5 reanalysis)
2016-03-16,2016,3,Mar,16,0.2,Colombo,6.9271,79.8612,Open-Meteo Historical API (ERA5 reanalysis)
2016-03-17,2016,3,Mar,17,0.0,Colombo,6.9271,79.8612,Open-Meteo Historical API (ERA5 reanalysis)
2016-03-18,2016,3,Mar,18,0.0,Colombo,6.9271,79.8612,Open-Meteo Historical API (ERA5 reanalysis)
2016-03-19,2016,3,Mar,19,2.1,Colombo,6.9271,79.8612,Open-Meteo Historical API (ERA5 reanalysis)
2016-03-20,2016,3,Mar,20,0.0,Colombo,6.9271,79.8612,Open-Meteo Historical API (ERA5 reanalysis)
2016-03-21,2016,3,Mar,21,0.0,Colombo,6.9271,79.8612,Open-Meteo Historical API (ERA5 reanalysis)
2016-03-22,2016,3,Mar,22,0.2,Colombo,6.9271,79.8612,Open-Meteo Historical API (ERA5 reanalysis)
2016-03-23,2016,3,Mar,23,0.0,Colombo,6.9271,79.8612,Open-Meteo Historical API (ERA5 reanalysis)
2016-03-24,2016,3,Mar,24,0.0,Colombo,6.9271,79.8612,Open-Meteo Historical API (ERA5 reanalysis)
2016-03-25,2016,3,Mar,25,0.1,Colombo,6.9271,79.8612,Open-Meteo Historical API (ERA5 reanalysis)
2016-03-26,2016,3,Mar,26,0.9,Colombo,6.9271,79.8612,Open-Meteo Historical API (ERA5 reanalysis)
2016-03-27,2016,3,Mar,27,2.8,Colombo,6.9271,79.8612,Open-Meteo Historical API (ERA5 reanalysis)
2016-03-28,2016,3,Mar,28,3.7,Colombo,6.9271,79.8612,Open-Meteo Historical API (ERA5 reanalysis)
2016-03-29,2016,3,Mar,29,6.0,Colombo,6.9271,79.8612,Open-Meteo Historical API (ERA5 reanalysis)
2016-03-30,2016,3,Mar,30,5.4,Colombo,6.9271,79.8612,Open-Meteo Historical API (ERA5 reanalysis)
2016-03-31,2016,3,Mar,31,0.5,Colombo,6.9271,79.8612,Open-Meteo Historical API (ERA5 reanalysis)
2016-04-01,2016,4,Apr,1,1.9,Colombo,6.9271,79.8612,Open-Meteo Historical API (ERA5 reanalysis)
2016-04-02,2016,4,Apr,2,0.0,Colombo,6.9271,79.8612,Open-Meteo Historical API (ERA5 reanalysis)
2016-04-03,2016,4,Apr,3,1.1,Colombo,6.9271,79.8612,Open-Meteo Historical API (ERA5 reanalysis)
2016-04-04,2016,4,Apr,4,1.2,Colombo,6.9271,79.8612,Open-Meteo Historical API (ERA5 reanalysis)
2016-04-05,2016,4,Apr,5,12.6,Colombo,6.9271,79.8612,Open-Meteo Historical API (ERA5 reanalysis)
2016-04-06,2016,4,Apr,6,1.2,Colombo,6.9271,79.8612,Open-Meteo Historical API (ERA5 reanalysis)
2016-04-07,2016,4,Apr,7,4.6,Colombo,6.9271,79.8612,Open-Meteo Historical API (ERA5 reanalysis)
2016-04-08,2016,4,Apr,8,0.7,Colombo,6.9271,79.8612,Open-Meteo Historical API (ERA5 reanalysis)
2016-04-09,2016,4,Apr,9,0.5,Colombo,6.9271,79.8612,Open-Meteo Historical API (ERA5 reanalysis)
2016-04-10,2016,4,Apr,10,2.6,Colombo,6.9271,79.8612,Open-Meteo Historical API (ERA5 reanalysis)
2016-04-11,2016,4,Apr,11,0.7,Colombo,6.9271,79.8612,Open-Meteo Historical API (ERA5 reanalysis)
2016-04-12,2016,4,Apr,12,1.0,Colombo,6.9271,79.8612,Open-Meteo Historical API (ERA5 reanalysis)
2016-04-13,2016,4,Apr,13,1.5,Colombo,6.9271,79.8612,Open-Meteo Historical API (ERA5 reanalysis)
2016-04-14,2016,4,Apr,14,2.3,Colombo,6.9271,79.8612,Open-Meteo Historical API (ERA5 reanalysis)
2016-04-15,2016,4,Apr,15,1.2,Colombo,6.9271,79.8612,Open-Meteo Historical API (ERA5 reanalysis)
2016-04-16,2016,4,Apr,16,2.0,Colombo,6.9271,79.8612,Open-Meteo Historical API (ERA5 reanalysis)
2016-04-17,2016,4,Apr,17,7.5,Colombo,6.9271,79.8612,Open-Meteo Historical API (ERA5 reanalysis)
2016-04-18,2016,4,Apr,18,1.1,Colombo,6.9271,79.8612,Open-Meteo Historical API (ERA5 reanalysis)
2016-04-19,2016,4,Apr,19,9.8,Colombo,6.9271,79.8612,Open-Meteo Historical API (ERA5 reanalysis)
2016-04-20,2016,4,Apr,20,4.0,Colombo,6.9271,79.8612,Open-Meteo Historical API (ERA5 reanalysis)
2016-04-21,2016,4,Apr,21,2.9,Colombo,6.9271,79.8612,Open-Meteo Historical API (ERA5 reanalysis)
2016-04-22,2016,4,Apr,22,1.1,Colombo,6.9271,79.8612,Open-Meteo Historical API (ERA5 reanalysis)
2016-04-23,2016,4,Apr,23,1.4,Colombo,6.9271,79.8612,Open-Meteo Historical API (ERA5 reanalysis)
2016-04-24,2016,4,Apr,24,1.8,Colombo,6.9271,79.8612,Open-Meteo Historical API (ERA5 reanalysis)
2016-04-25,2016,4,Apr,25,0.8,Colombo,6.9271,79.8612,Open-Meteo Historical API (ERA5 reanalysis)
2016-04-26,2016,4,Apr,26,8.0,Colombo,6.9271,79.8612,Open-Meteo Historical API (ERA5 reanalysis)
2016-04-27,2016,4,Apr,27,5.0,Colombo,6.9271,79.8612,Open-Meteo Historical API (ERA5 reanalysis)
2016-04-28,2016,4,Apr,28,3.5,Colombo,6.9271,79.8612,Open-Meteo Historical API (ERA5 reanalysis)
2016-04-29,2016,4,Apr,29,0.5,Colombo,6.9271,79.8612,Open-Meteo Historical API (ERA5 reanalysis)
2016-04-30,2016,4,Apr,30,22.3,Colombo,6.9271,79.8612,Open-Meteo Historical API (ERA5 reanalysis)
2016-05-01,2016,5,May,1,11.4,Colombo,6.9271,79.8612,Open-Meteo Historical API (ERA5 reanalysis)
2016-05-02,2016,5,May,2,5.0,Colombo,6.9271,79.8612,Open-Meteo Historical API (ERA5 reanalysis)
2016-05-03,2016,5,May,3,4.4,Colombo,6.9271,79.8612,Open-Meteo Historical API (ERA5 reanalysis)
2016-05-04,2016,5,May,4,3.0,Colombo,6.9271,79.8612,Open-Meteo Historical API (ERA5 reanalysis)
2016-05-05,2016,5,May,5,3.1,Colombo,6.9271,79.8612,Open-Meteo Historical API (ERA5 reanalysis)
2016-05-06,2016,5,May,6,7.7,Colombo,6.9271,79.8612,Open-Meteo Historical API (ERA5 reanalysis)
2016-05-07,2016,5,May,7,1.8,Colombo,6.9271,79.8612,Open-Meteo Historical API (ERA5 reanalysis)
2016-05-08,2016,5,May,8,10.7,Colombo,6.9271,79.8612,Open-Meteo Historical API (ERA5 reanalysis)
2016-05-09,2016,5,May,9,8.8,Colombo,6.9271,79.8612,Open-Meteo Historical API (ERA5 reanalysis)
2016-05-10,2016,5,May,10,25.9,Colombo,6.9271,79.8612,Open-Meteo Historical API (ERA5 reanalysis)
2016-05-11,2016,5,May,11,13.0,Colombo,6.9271,79.8612,Open-Meteo Historical API (ERA5 reanalysis)
2016-05-12,2016,5,May,12,27.3,Colombo,6.9271,79.8612,Open-Meteo Historical API (ERA5 reanalysis)
2016-05-13,2016,5,May,13,20.7,Colombo,6.9271,79.8612,Open-Meteo Historical API (ERA5 reanalysis)
2016-05-14,2016,5,May,14,59.3,Colombo,6.9271,79.8612,Open-Meteo Historical API (ERA5 reanalysis)
2016-05-15,2016,5,May,15,231.4,Colombo,6.9271,79.8612,Open-Meteo Historical API (ERA5 reanalysis)
2016-05-16,2016,5,May,16,88.0,Colombo,6.9271,79.8612,Open-Meteo Historical API (ERA5 reanalysis)
2016-05-17,2016,5,May,17,54.6,Colombo,6.9271,79.8612,Open-Meteo Historical API (ERA5 reanalysis)
2016-05-18,2016,5,May,18,10.0,Colombo,6.9271,79.8612,Open-Meteo Historical API (ERA5 reanalysis)
2016-05-19,2016,5,May,19,23.8,Colombo,6.9271,79.8612,Open-Meteo Historical API (ERA5 reanalysis)
2016-05-20,2016,5,May,20,18.6,Colombo,6.9271,79.8612,Open-Meteo Historical API (ERA5 reanalysis)
2016-05-21,2016,5,May,21,10.5,Colombo,6.9271,79.8612,Open-Meteo Historical API (ERA5 reanalysis)
2016-05-22,2016,5,May,22,14.0,Colombo,6.9271,79.8612,Open-Meteo Historical API (ERA5 reanalysis)
2016-05-23,2016,5,May,23,8.1,Colombo,6.9271,79.8612,Open-Meteo Historical API (ERA5 reanalysis)
2016-05-24,2016,5,May,24,15.0,Colombo,6.9271,79.8612,Open-Meteo Historical API (ERA5 reanalysis)
2016-05-25,2016,5,May,25,4.3,Colombo,6.9271,79.8612,Open-Meteo Historical API (ERA5 reanalysis)
2016-05-26,2016,5,May,26,5.0,Colombo,6.9271,79.8612,Open-Meteo Historical API (ERA5 reanalysis)
2016-05-27,2016,5,May,27,21.9,Colombo,6.9271,79.8612,Open-Meteo Historical API (ERA5 reanalysis)
2016-05-28,2016,5,May,28,18.7,Colombo,6.9271,79.8612,Open-Meteo Historical API (ERA5 reanalysis)
2016-05-29,2016,5,May,29,12.5,Colombo,6.9271,79.8612,Open-Meteo Historical API (ERA5 reanalysis)
2016-05-30,2016,5,May,30,19.9,Colombo,6.9271,79.8612,Open-Meteo Historical API (ERA5 reanalysis)
2016-05-31,2016,5,May,31,14.0,Colombo,6.9271,79.8612,Open-Meteo Historical API (ERA5 reanalysis)
2016-06-01,2016,6,Jun,1,9.4,Colombo,6.9271,79.8612,Open-Meteo Historical API (ERA5 reanalysis)
2016-06-02,2016,6,Jun,2,7.5,Colombo,6.9271,79.8612,Open-Meteo Historical API (ERA5 reanalysis)
2016-06-03,2016,6,Jun,3,7.4,Colombo,6.9271,79.8612,Open-Meteo Historical API (ERA5 reanalysis)
2016-06-04,2016,6,Jun,4,6.5,Colombo,6.9271,79.8612,Open-Meteo Historical API (ERA5 reanalysis)
2016-06-05,2016,6,Jun,5,4.3,Colombo,6.9271,79.8612,Open-Meteo Historical API (ERA5 reanalysis)
2016-06-06,2016,6,Jun,6,4.2,Colombo,6.9271,79.8612,Open-Meteo Historical API (ERA5 reanalysis)
2016-06-07,2016,6,Jun,7,5.7,Colombo,6.9271,79.8612,Open-Meteo Historical API (ERA5 reanalysis)
2016-06-08,2016,6,Jun,8,20.2,Colombo,6.9271,79.8612,Open-Meteo Historical API (ERA5 reanalysis)
2016-06-09,2016,6,Jun,9,8.7,Colombo,6.9271,79.8612,Open-Meteo Historical API (ERA5 reanalysis)
2016-06-10,2016,6,Jun,10,4.1,Colombo,6.9271,79.8612,Open-Meteo Historical API (ERA5 reanalysis)
2016-06-11,2016,6,Jun,11,5.6,Colombo,6.9271,79.8612,Open-Meteo Historical API (ERA5 reanalysis)
2016-06-12,2016,6,Jun,12,32.1,Colombo,6.9271,79.8612,Open-Meteo Historical API (ERA5 reanalysis)
2016-06-13,2016,6,Jun,13,8.8,Colombo,6.9271,79.8612,Open-Meteo Historical API (ERA5 reanalysis)
2016-06-14,2016,6,Jun,14,7.7,Colombo,6.9271,79.8612,Open-Meteo Historical API (ERA5 reanalysis)
2016-06-15,2016,6,Jun,15,3.7,Colombo,6.9271,79.8612,Open-Meteo Historical API (ERA5 reanalysis)
2016-06-16,2016,6,Jun,16,2.3,Colombo,6.9271,79.8612,Open-Meteo Historical API (ERA5 reanalysis)
2016-06-17,2016,6,Jun,17,5.2,Colombo,6.9271,79.8612,Open-Meteo Historical API (ERA5 reanalysis)
2016-06-18,2016,6,Jun,18,15.6,Colombo,6.9271,79.8612,Open-Meteo Historical API (ERA5 reanalysis)
2016-06-19,2016,6,Jun,19,5.7,Colombo,6.9271,79.8612,Open-Meteo Historical API (ERA5 reanalysis)
2016-06-20,2016,6,Jun,20,24.5,Colombo,6.9271,79.8612,Open-Meteo Historical API (ERA5 reanalysis)
2016-06-21,2016,6,Jun,21,12.3,Colombo,6.9271,79.8612,Open-Meteo Historical API (ERA5 reanalysis)
2016-06-22,2016,6,Jun,22,6.3,Colombo,6.9271,79.8612,Open-Meteo Historical API (ERA5 reanalysis)
2016-06-23,2016,6,Jun,23,1.2,Colombo,6.9271,79.8612,Open-Meteo Historical API (ERA5 reanalysis)
2016-06-24,2016,6,Jun,24,0.3,Colombo,6.9271,79.8612,Open-Meteo Historical API (ERA5 reanalysis)
2016-06-25,2016,6,Jun,25,0.1,Colombo,6.9271,79.8612,Open-Meteo Historical API (ERA5 reanalysis)
2016-06-26,2016,6,Jun,26,0.7,Colombo,6.9271,79.8612,Open-Meteo Historical API (ERA5 reanalysis)
2016-06-27,2016,6,Jun,27,3.0,Colombo,6.9271,79.8612,Open-Meteo Historical API (ERA5 reanalysis)
2016-06-28,2016,6,Jun,28,9.9,Colombo,6.9271,79.8612,Open-Meteo Historical API (ERA5 reanalysis)
2016-06-29,2016,6,Jun,29,1.8,Colombo,6.9271,79.8612,Open-Meteo Historical API (ERA5 reanalysis)
2016-06-30,2016,6,Jun,30,1.6,Colombo,6.9271,79.8612,Open-Meteo Historical API (ERA5 reanalysis)
2016-07-01,2016,7,Jul,1,5.7,Colombo,6.9271,79.8612,Open-Meteo Historical API (ERA5 reanalysis)
2016-07-02,2016,7,Jul,2,0.6,Colombo,6.9271,79.8612,Open-Meteo Historical API (ERA5 reanalysis)
2016-07-03,2016,7,Jul,3,0.3,Colombo,6.9271,79.8612,Open-Meteo Historical API (ERA5 reanalysis)
2016-07-04,2016,7,Jul,4,2.7,Colombo,6.9271,79.8612,Open-Meteo Historical API (ERA5 reanalysis)
2016-07-05,2016,7,Jul,5,1.5,Colombo,6.9271,79.8612,Open-Meteo Historical API (ERA5 reanalysis)
2016-07-06,2016,7,Jul,6,2.7,Colombo,6.9271,79.8612,Open-Meteo Historical API (ERA5 reanalysis)
2016-07-07,2016,7,Jul,7,0.6,Colombo,6.9271,79.8612,Open-Meteo Historical API (ERA5 reanalysis)
2016-07-08,2016,7,Jul,8,6.1,Colombo,6.9271,79.8612,Open-Meteo Historical API (ERA5 reanalysis)
2016-07-09,2016,7,Jul,9,10.5,Colombo,6.9271,79.8612,Open-Meteo Historical API (ERA5 reanalysis)
2016-07-10,2016,7,Jul,10,9.8,Colombo,6.9271,79.8612,Open-Meteo Historical API (ERA5 reanalysis)
2016-07-11,2016,7,Jul,11,5.4,Colombo,6.9271,79.8612,Open-Meteo Historical API (ERA5 reanalysis)
2016-07-12,2016,7,Jul,12,2.6,Colombo,6.9271,79.8612,Open-Meteo Historical API (ERA5 reanalysis)
2016-07-13,2016,7,Jul,13,2.4,Colombo,6.9271,79.8612,Open-Meteo Historical API (ERA5 reanalysis)
2016-07-14,2016,7,Jul,14,3.1,Colombo,6.9271,79.8612,Open-Meteo Historical API (ERA5 reanalysis)
2016-07-15,2016,7,Jul,15,5.3,Colombo,6.9271,79.8612,Open-Meteo Historical API (ERA5 reanalysis)
2016-07-16,2016,7,Jul,16,6.2,Colombo,6.9271,79.8612,Open-Meteo Historical API (ERA5 reanalysis)
2016-07-17,2016,7,Jul,17,6.6,Colombo,6.9271,79.8612,Open-Meteo Historical API (ERA5 reanalysis)
2016-07-18,2016,7,Jul,18,5.9,Colombo,6.9271,79.8612,Open-Meteo Historical API (ERA5 reanalysis)
2016-07-19,2016,7,Jul,19,0.0,Colombo,6.9271,79.8612,Open-Meteo Historical API (ERA5 reanalysis)
2016-07-20,2016,7,Jul,20,0.9,Colombo,6.9271,79.8612,Open-Meteo Historical API (ERA5 reanalysis)
2016-07-21,2016,7,Jul,21,0.9,Colombo,6.9271,79.8612,Open-Meteo Historical API (ERA5 reanalysis)
2016-07-22,2016,7,Jul,22,0.6,Colombo,6.9271,79.8612,Open-Meteo Historical API (ERA5 reanalysis)
2016-07-23,2016,7,Jul,23,3.7,Colombo,6.9271,79.8612,Open-Meteo Historical API (ERA5 reanalysis)
2016-07-24,2016,7,Jul,24,17.1,Colombo,6.9271,79.8612,Open-Meteo Historical API (ERA5 reanalysis)
2016-07-25,2016,7,Jul,25,10.9,Colombo,6.9271,79.8612,Open-Meteo Historical API (ERA5 reanalysis)
2016-07-26,2016,7,Jul,26,17.3,Colombo,6.9271,79.8612,Open-Meteo Historical API (ERA5 reanalysis)
2016-07-27,2016,7,Jul,27,23.6,Colombo,6.9271,79.8612,Open-Meteo Historical API (ERA5 reanalysis)
2016-07-28,2016,7,Jul,28,1.8,Colombo,6.9271,79.8612,Open-Meteo Historical API (ERA5 reanalysis)
2016-07-29,2016,7,Jul,29,7.9,Colombo,6.9271,79.8612,Open-Meteo Historical API (ERA5 reanalysis)
2016-07-30,2016,7,Jul,30,6.9,Colombo,6.9271,79.8612,Open-Meteo Historical API (ERA5 reanalysis)
2016-07-31,2016,7,Jul,31,6.9,Colombo,6.9271,79.8612,Open-Meteo Historical API (ERA5 reanalysis)
2016-08-01,2016,8,Aug,1,2.0,Colombo,6.9271,79.8612,Open-Meteo Historical API (ERA5 reanalysis)
2016-08-02,2016,8,Aug,2,1.3,Colombo,6.9271,79.8612,Open-Meteo Historical API (ERA5 reanalysis)
2016-08-03,2016,8,Aug,3,2.0,Colombo,6.9271,79.8612,Open-Meteo Historical API (ERA5 reanalysis)
2016-08-04,2016,8,Aug,4,1.1,Colombo,6.9271,79.8612,Open-Meteo Historical API (ERA5 reanalysis)
2016-08-05,2016,8,Aug,5,2.9,Colombo,6.9271,79.8612,Open-Meteo Historical API (ERA5 reanalysis)
2016-08-06,2016,8,Aug,6,0.3,Colombo,6.9271,79.8612,Open-Meteo Historical API (ERA5 reanalysis)
2016-08-07,2016,8,Aug,7,0.9,Colombo,6.9271,79.8612,Open-Meteo Historical API (ERA5 reanalysis)
2016-08-08,2016,8,Aug,8,1.1,Colombo,6.9271,79.8612,Open-Meteo Historical API (ERA5 reanalysis)
2016-08-09,2016,8,Aug,9,1.6,Colombo,6.9271,79.8612,Open-Meteo Historical API (ERA5 reanalysis)
2016-08-10,2016,8,Aug,10,0.3,Colombo,6.9271,79.8612,Open-Meteo Historical API (ERA5 reanalysis)
2016-08-11,2016,8,Aug,11,1.6,Colombo,6.9271,79.8612,Open-Meteo Historical API (ERA5 reanalysis)
2016-08-12,2016,8,Aug,12,5.0,Colombo,6.9271,79.8612,Open-Meteo Historical API (ERA5 reanalysis)
2016-08-13,2016,8,Aug,13,5.6,Colombo,6.9271,79.8612,Open-Meteo Historical API (ERA5 reanalysis)
2016-08-14,2016,8,Aug,14,2.9,Colombo,6.9271,79.8612,Open-Meteo Historical API (ERA5 reanalysis)
2016-08-15,2016,8,Aug,15,3.6,Colombo,6.9271,79.8612,Open-Meteo Historical API (ERA5 reanalysis)
2016-08-16,2016,8,Aug,16,5.5,Colombo,6.9271,79.8612,Open-Meteo Historical API (ERA5 reanalysis)
2016-08-17,2016,8,Aug,17,2.9,Colombo,6.9271,79.8612,Open-Meteo Historical API (ERA5 reanalysis)
2016-08-18,2016,8,Aug,18,2.7,Colombo,6.9271,79.8612,Open-Meteo Historical API (ERA5 reanalysis)
2016-08-19,2016,8,Aug,19,2.4,Colombo,6.9271,79.8612,Open-Meteo Historical API (ERA5 reanalysis)
2016-08-20,2016,8,Aug,20,3.4,Colombo,6.9271,79.8612,Open-Meteo Historical API (ERA5 reanalysis)
2016-08-21,2016,8,Aug,21,1.5,Colombo,6.9271,79.8612,Open-Meteo Historical API (ERA5 reanalysis)
2016-08-22,2016,8,Aug,22,13.5,Colombo,6.9271,79.8612,Open-Meteo Historical API (ERA5 reanalysis)
2016-08-23,2016,8,Aug,23,9.4,Colombo,6.9271,79.8612,Open-Meteo Historical API (ERA5 reanalysis)
2016-08-24,2016,8,Aug,24,2.5,Colombo,6.9271,79.8612,Open-Meteo Historical API (ERA5 reanalysis)
2016-08-25,2016,8,Aug,25,8.0,Colombo,6.9271,79.8612,Open-Meteo Historical API (ERA5 reanalysis)
2016-08-26,2016,8,Aug,26,11.2,Colombo,6.9271,79.8612,Open-Meteo Historical API (ERA5 reanalysis)
2016-08-27,2016,8,Aug,27,3.7,Colombo,6.9271,79.8612,Open-Meteo Historical API (ERA5 reanalysis)
2016-08-28,2016,8,Aug,28,2.7,Colombo,6.9271,79.8612,Open-Meteo Historical API (ERA5 reanalysis)
2016-08-29,2016,8,Aug,29,2.8,Colombo,6.9271,79.8612,Open-Meteo Historical API (ERA5 reanalysis)
2016-08-30,2016,8,Aug,30,15.7,Colombo,6.9271,79.8612,Open-Meteo Historical API (ERA5 reanalysis)
2016-08-31,2016,8,Aug,31,11.0,Colombo,6.9271,79.8612,Open-Meteo Historical API (ERA5 reanalysis)
2016-09-01,2016,9,Sep,1,6.2,Colombo,6.9271,79.8612,Open-Meteo Historical API (ERA5 reanalysis)
2016-09-02,2016,9,Sep,2,7.4,Colombo,6.9271,79.8612,Open-Meteo Historical API (ERA5 reanalysis)
2016-09-03,2016,9,Sep,3,5.3,Colombo,6.9271,79.8612,Open-Meteo Historical API (ERA5 reanalysis)
2016-09-04,2016,9,Sep,4,7.0,Colombo,6.9271,79.8612,Open-Meteo Historical API (ERA5 reanalysis)
2016-09-05,2016,9,Sep,5,1.4,Colombo,6.9271,79.8612,Open-Meteo Historical API (ERA5 reanalysis)
2016-09-06,2016,9,Sep,6,1.3,Colombo,6.9271,79.8612,Open-Meteo Historical API (ERA5 reanalysis)
2016-09-07,2016,9,Sep,7,0.6,Colombo,6.9271,79.8612,Open-Meteo Historical API (ERA5 reanalysis)
2016-09-08,2016,9,Sep,8,0.0,Colombo,6.9271,79.8612,Open-Meteo Historical API (ERA5 reanalysis)
2016-09-09,2016,9,Sep,9,2.2,Colombo,6.9271,79.8612,Open-Meteo Historical API (ERA5 reanalysis)
2016-09-10,2016,9,Sep,10,2.4,Colombo,6.9271,79.8612,Open-Meteo Historical API (ERA5 reanalysis)
2016-09-11,2016,9,Sep,11,2.4,Colombo,6.9271,79.8612,Open-Meteo Historical API (ERA5 reanalysis)
2016-09-12,2016,9,Sep,12,2.4,Colombo,6.9271,79.8612,Open-Meteo Historical API (ERA5 reanalysis)
2016-09-13,2016,9,Sep,13,2.7,Colombo,6.9271,79.8612,Open-Meteo Historical API (ERA5 reanalysis)
2016-09-14,2016,9,Sep,14,4.2,Colombo,6.9271,79.8612,Open-Meteo Historical API (ERA5 reanalysis)
2016-09-15,2016,9,Sep,15,6.8,Colombo,6.9271,79.8612,Open-Meteo Historical API (ERA5 reanalysis)
2016-09-16,2016,9,Sep,16,4.0,Colombo,6.9271,79.8612,Open-Meteo Historical API (ERA5 reanalysis)
2016-09-17,2016,9,Sep,17,5.3,Colombo,6.9271,79.8612,Open-Meteo Historical API (ERA5 reanalysis)
2016-09-18,2016,9,Sep,18,15.3,Colombo,6.9271,79.8612,Open-Meteo Historical API (ERA5 reanalysis)
2016-09-19,2016,9,Sep,19,1.5,Colombo,6.9271,79.8612,Open-Meteo Historical API (ERA5 reanalysis)
2016-09-20,2016,9,Sep,20,3.5,Colombo,6.9271,79.8612,Open-Meteo Historical API (ERA5 reanalysis)
2016-09-21,2016,9,Sep,21,0.9,Colombo,6.9271,79.8612,Open-Meteo Historical API (ERA5 reanalysis)
2016-09-22,2016,9,Sep,22,4.0,Colombo,6.9271,79.8612,Open-Meteo Historical API (ERA5 reanalysis)
2016-09-23,2016,9,Sep,23,2.8,Colombo,6.9271,79.8612,Open-Meteo Historical API (ERA5 reanalysis)
2016-09-24,2016,9,Sep,24,2.8,Colombo,6.9271,79.8612,Open-Meteo Historical API (ERA5 reanalysis)
2016-09-25,2016,9,Sep,25,4.1,Colombo,6.9271,79.8612,Open-Meteo Historical API (ERA5 reanalysis)
2016-09-26,2016,9,Sep,26,4.0,Colombo,6.9271,79.8612,Open-Meteo Historical API (ERA5 reanalysis)
2016-09-27,2016,9,Sep,27,1.9,Colombo,6.9271,79.8612,Open-Meteo Historical API (ERA5 reanalysis)
2016-09-28,2016,9,Sep,28,3.4,Colombo,6.9271,79.8612,Open-Meteo Historical API (ERA5 reanalysis)
2016-09-29,2016,9,Sep,29,6.9,Colombo,6.9271,79.8612,Open-Meteo Historical API (ERA5 reanalysis)
2016-09-30,2016,9,Sep,30,2.8,Colombo,6.9271,79.8612,Open-Meteo Historical API (ERA5 reanalysis)
2016-10-01,2016,10,Oct,1,2.5,Colombo,6.9271,79.8612,Open-Meteo Historical API (ERA5 reanalysis)
2016-10-02,2016,10,Oct,2,1.9,Colombo,6.9271,79.8612,Open-Meteo Historical API (ERA5 reanalysis)
2016-10-03,2016,10,Oct,3,1.1,Colombo,6.9271,79.8612,Open-Meteo Historical API (ERA5 reanalysis)
2016-10-04,2016,10,Oct,4,0.7,Colombo,6.9271,79.8612,Open-Meteo Historical API (ERA5 reanalysis)
2016-10-05,2016,10,Oct,5,1.1,Colombo,6.9271,79.8612,Open-Meteo Historical API (ERA5 reanalysis)
2016-10-06,2016,10,Oct,6,1.7,Colombo,6.9271,79.8612,Open-Meteo Historical API (ERA5 reanalysis)
2016-10-07,2016,10,Oct,7,0.0,Colombo,6.9271,79.8612,Open-Meteo Historical API (ERA5 reanalysis)
2016-10-08,2016,10,Oct,8,0.8,Colombo,6.9271,79.8612,Open-Meteo Historical API (ERA5 reanalysis)
2016-10-09,2016,10,Oct,9,3.5,Colombo,6.9271,79.8612,Open-Meteo Historical API (ERA5 reanalysis)
2016-10-10,2016,10,Oct,10,2.4,Colombo,6.9271,79.8612,Open-Meteo Historical API (ERA5 reanalysis)
2016-10-11,2016,10,Oct,11,0.2,Colombo,6.9271,79.8612,Open-Meteo Historical API (ERA5 reanalysis)
2016-10-12,2016,10,Oct,12,0.2,Colombo,6.9271,79.8612,Open-Meteo Historical API (ERA5 reanalysis)
2016-10-13,2016,10,Oct,13,1.2,Colombo,6.9271,79.8612,Open-Meteo Historical API (ERA5 reanalysis)
2016-10-14,2016,10,Oct,14,2.1,Colombo,6.9271,79.8612,Open-Meteo Historical API (ERA5 reanalysis)
2016-10-15,2016,10,Oct,15,15.7,Colombo,6.9271,79.8612,Open-Meteo Historical API (ERA5 reanalysis)
2016-10-16,2016,10,Oct,16,7.2,Colombo,6.9271,79.8612,Open-Meteo Historical API (ERA5 reanalysis)
2016-10-17,2016,10,Oct,17,8.1,Colombo,6.9271,79.8612,Open-Meteo Historical API (ERA5 reanalysis)
2016-10-18,2016,10,Oct,18,3.4,Colombo,6.9271,79.8612,Open-Meteo Historical API (ERA5 reanalysis)
2016-10-19,2016,10,Oct,19,1.2,Colombo,6.9271,79.8612,Open-Meteo Historical API (ERA5 reanalysis)
2016-10-20,2016,10,Oct,20,1.9,Colombo,6.9271,79.8612,Open-Meteo Historical API (ERA5 reanalysis)
2016-10-21,2016,10,Oct,21,4.3,Colombo,6.9271,79.8612,Open-Meteo Historical API (ERA5 reanalysis)
2016-10-22,2016,10,Oct,22,3.6,Colombo,6.9271,79.8612,Open-Meteo Historical API (ERA5 reanalysis)
2016-10-23,2016,10,Oct,23,8.3,Colombo,6.9271,79.8612,Open-Meteo Historical API (ERA5 reanalysis)
2016-10-24,2016,10,Oct,24,25.1,Colombo,6.9271,79.8612,Open-Meteo Historical API (ERA5 reanalysis)
2016-10-25,2016,10,Oct,25,4.6,Colombo,6.9271,79.8612,Open-Meteo Historical API (ERA5 reanalysis)
2016-10-26,2016,10,Oct,26,3.6,Colombo,6.9271,79.8612,Open-Meteo Historical API (ERA5 reanalysis)
2016-10-27,2016,10,Oct,27,0.5,Colombo,6.9271,79.8612,Open-Meteo Historical API (ERA5 reanalysis)
2016-10-28,2016,10,Oct,28,0.3,Colombo,6.9271,79.8612,Open-Meteo Historical API (ERA5 reanalysis)
2016-10-29,2016,10,Oct,29,5.6,Colombo,6.9271,79.8612,Open-Meteo Historical API (ERA5 reanalysis)
2016-10-30,2016,10,Oct,30,6.5,Colombo,6.9271,79.8612,Open-Meteo Historical API (ERA5 reanalysis)
2016-10-31,2016,10,Oct,31,13.8,Colombo,6.9271,79.8612,Open-Meteo Historical API (ERA5 reanalysis)
2016-11-01,2016,11,Nov,1,9.2,Colombo,6.9271,79.8612,Open-Meteo Historical API (ERA5 reanalysis)
2016-11-02,2016,11,Nov,2,9.4,Colombo,6.9271,79.8612,Open-Meteo Historical API (ERA5 reanalysis)
2016-11-03,2016,11,Nov,3,13.2,Colombo,6.9271,79.8612,Open-Meteo Historical API (ERA5 reanalysis)
2016-11-04,2016,11,Nov,4,27.2,Colombo,6.9271,79.8612,Open-Meteo Historical API (ERA5 reanalysis)
2016-11-05,2016,11,Nov,5,8.4,Colombo,6.9271,79.8612,Open-Meteo Historical API (ERA5 reanalysis)
2016-11-06,2016,11,Nov,6,11.4,Colombo,6.9271,79.8612,Open-Meteo Historical API (ERA5 reanalysis)
2016-11-07,2016,11,Nov,7,1.4,Colombo,6.9271,79.8612,Open-Meteo Historical API (ERA5 reanalysis)
2016-11-08,2016,11,Nov,8,1.2,Colombo,6.9271,79.8612,Open-Meteo Historical API (ERA5 reanalysis)
2016-11-09,2016,11,Nov,9,1.8,Colombo,6.9271,79.8612,Open-Meteo Historical API (ERA5 reanalysis)
2016-11-10,2016,11,Nov,10,0.1,Colombo,6.9271,79.8612,Open-Meteo Historical API (ERA5 reanalysis)
2016-11-11,2016,11,Nov,11,1.5,Colombo,6.9271,79.8612,Open-Meteo Historical API (ERA5 reanalysis)
2016-11-12,2016,11,Nov,12,6.2,Colombo,6.9271,79.8612,Open-Meteo Historical API (ERA5 reanalysis)
2016-11-13,2016,11,Nov,13,26.6,Colombo,6.9271,79.8612,Open-Meteo Historical API (ERA5 reanalysis)
2016-11-14,2016,11,Nov,14,10.4,Colombo,6.9271,79.8612,Open-Meteo Historical API (ERA5 reanalysis)
2016-11-15,2016,11,Nov,15,4.9,Colombo,6.9271,79.8612,Open-Meteo Historical API (ERA5 reanalysis)
2016-11-16,2016,11,Nov,16,18.6,Colombo,6.9271,79.8612,Open-Meteo Historical API (ERA5 reanalysis)
2016-11-17,2016,11,Nov,17,15.4,Colombo,6.9271,79.8612,Open-Meteo Historical API (ERA5 reanalysis)
2016-11-18,2016,11,Nov,18,5.2,Colombo,6.9271,79.8612,Open-Meteo Historical API (ERA5 reanalysis)
2016-11-19,2016,11,Nov,19,78.5,Colombo,6.9271,79.8612,Open-Meteo Historical API (ERA5 reanalysis)
2016-11-20,2016,11,Nov,20,24.1,Colombo,6.9271,79.8612,Open-Meteo Historical API (ERA5 reanalysis)
2016-11-21,2016,11,Nov,21,13.3,Colombo,6.9271,79.8612,Open-Meteo Historical API (ERA5 reanalysis)
2016-11-22,2016,11,Nov,22,18.9,Colombo,6.9271,79.8612,Open-Meteo Historical API (ERA5 reanalysis)
2016-11-23,2016,11,Nov,23,13.7,Colombo,6.9271,79.8612,Open-Meteo Historical API (ERA5 reanalysis)
2016-11-24,2016,11,Nov,24,0.8,Colombo,6.9271,79.8612,Open-Meteo Historical API (ERA5 reanalysis)
2016-11-25,2016,11,Nov,25,0.0,Colombo,6.9271,79.8612,Open-Meteo Historical API (ERA5 reanalysis)
2016-11-26,2016,11,Nov,26,0.0,Colombo,6.9271,79.8612,Open-Meteo Historical API (ERA5 reanalysis)
2016-11-27,2016,11,Nov,27,0.0,Colombo,6.9271,79.8612,Open-Meteo Historical API (ERA5 reanalysis)
2016-11-28,2016,11,Nov,28,0.0,Colombo,6.9271,79.8612,Open-Meteo Historical API (ERA5 reanalysis)
2016-11-29,2016,11,Nov,29,0.0,Colombo,6.9271,79.8612,Open-Meteo Historical API (ERA5 reanalysis)
2016-11-30,2016,11,Nov,30,0.0,Colombo,6.9271,79.8612,Open-Meteo Historical API (ERA5 reanalysis)
2016-12-01,2016,12,Dec,1,0.5,Colombo,6.9271,79.8612,Open-Meteo Historical API (ERA5 reanalysis)
2016-12-02,2016,12,Dec,2,0.7,Colombo,6.9271,79.8612,Open-Meteo Historical API (ERA5 reanalysis)
2016-12-03,2016,12,Dec,3,0.0,Colombo,6.9271,79.8612,Open-Meteo Historical API (ERA5 reanalysis)
2016-12-04,2016,12,Dec,4,0.5,Colombo,6.9271,79.8612,Open-Meteo Historical API (ERA5 reanalysis)
2016-12-05,2016,12,Dec,5,0.0,Colombo,6.9271,79.8612,Open-Meteo Historical API (ERA5 reanalysis)
2016-12-06,2016,12,Dec,6,0.0,Colombo,6.9271,79.8612,Open-Meteo Historical API (ERA5 reanalysis)
2016-12-07,2016,12,Dec,7,0.0,Colombo,6.9271,79.8612,Open-Meteo Historical API (ERA5 reanalysis)
2016-12-08,2016,12,Dec,8,5.6,Colombo,6.9271,79.8612,Open-Meteo Historical API (ERA5 reanalysis)
2016-12-09,2016,12,Dec,9,4.6,Colombo,6.9271,79.8612,Open-Meteo Historical API (ERA5 reanalysis)
2016-12-10,2016,12,Dec,10,1.0,Colombo,6.9271,79.8612,Open-Meteo Historical API (ERA5 reanalysis)
2016-12-11,2016,12,Dec,11,1.3,Colombo,6.9271,79.8612,Open-Meteo Historical API (ERA5 reanalysis)
2016-12-12,2016,12,Dec,12,0.9,Colombo,6.9271,79.8612,Open-Meteo Historical API (ERA5 reanalysis)
2016-12-13,2016,12,Dec,13,1.1,Colombo,6.9271,79.8612,Open-Meteo Historical API (ERA5 reanalysis)
2016-12-14,2016,12,Dec,14,0.3,Colombo,6.9271,79.8612,Open-Meteo Historical API (ERA5 reanalysis)
2016-12-15,2016,12,Dec,15,0.0,Colombo,6.9271,79.8612,Open-Meteo Historical API (ERA5 reanalysis)
2016-12-16,2016,12,Dec,16,0.4,Colombo,6.9271,79.8612,Open-Meteo Historical API (ERA5 reanalysis)
2016-12-17,2016,12,Dec,17,0.2,Colombo,6.9271,79.8612,Open-Meteo Historical API (ERA5 reanalysis)
2016-12-18,2016,12,Dec,18,0.0,Colombo,6.9271,79.8612,Open-Meteo Historical API (ERA5 reanalysis)
2016-12-19,2016,12,Dec,19,0.3,Colombo,6.9271,79.8612,Open-Meteo Historical API (ERA5 reanalysis)
2016-12-20,2016,12,Dec,20,5.0,Colombo,6.9271,79.8612,Open-Meteo Historical API (ERA5 reanalysis)
2016-12-21,2016,12,Dec,21,1.2,Colombo,6.9271,79.8612,Open-Meteo Historical API (ERA5 reanalysis)
2016-12-22,2016,12,Dec,22,0.1,Colombo,6.9271,79.8612,Open-Meteo Historical API (ERA5 reanalysis)
2016-12-23,2016,12,Dec,23,0.0,Colombo,6.9271,79.8612,Open-Meteo Historical API (ERA5 reanalysis)
2016-12-24,2016,12,Dec,24,0.0,Colombo,6.9271,79.8612,Open-Meteo Historical API (ERA5 reanalysis)
2016-12-25,2016,12,Dec,25,0.0,Colombo,6.9271,79.8612,Open-Meteo Historical API (ERA5 reanalysis)
2016-12-26,2016,12,Dec,26,0.0,Colombo,6.9271,79.8612,Open-Meteo Historical API (ERA5 reanalysis)
2016-12-27,2016,12,Dec,27,2.9,Colombo,6.9271,79.8612,Open-Meteo Historical API (ERA5 reanalysis)
2016-12-28,2016,12,Dec,28,16.7,Colombo,6.9271,79.8612,Open-Meteo Historical API (ERA5 reanalysis)
2016-12-29,2016,12,Dec,29,0.9,Colombo,6.9271,79.8612,Open-Meteo Historical API (ERA5 reanalysis)
2016-12-30,2016,12,Dec,30,0.0,Colombo,6.9271,79.8612,Open-Meteo Historical API (ERA5 reanalysis)
2016-12-31,2016,12,Dec,31,0.0,Colombo,6.9271,79.8612,Open-Meteo Historical API (ERA5 reanalysis)
2017-01-01,2017,1,Jan,1,4.7,Colombo,6.9271,79.8612,Open-Meteo Historical API (ERA5 reanalysis)
2017-01-02,2017,1,Jan,2,6.9,Colombo,6.9271,79.8612,Open-Meteo Historical API (ERA5 reanalysis)
2017-01-03,2017,1,Jan,3,0.5,Colombo,6.9271,79.8612,Open-Meteo Historical API (ERA5 reanalysis)
2017-01-04,2017,1,Jan,4,0.0,Colombo,6.9271,79.8612,Open-Meteo Historical API (ERA5 reanalysis)
2017-01-05,2017,1,Jan,5,0.0,Colombo,6.9271,79.8612,Open-Meteo Historical API (ERA5 reanalysis)
2017-01-06,2017,1,Jan,6,0.0,Colombo,6.9271,79.8612,Open-Meteo Historical API (ERA5 reanalysis)
2017-01-07,2017,1,Jan,7,0.0,Colombo,6.9271,79.8612,Open-Meteo Historical API (ERA5 reanalysis)
2017-01-08,2017,1,Jan,8,0.0,Colombo,6.9271,79.8612,Open-Meteo Historical API (ERA5 reanalysis)
2017-01-09,2017,1,Jan,9,0.0,Colombo,6.9271,79.8612,Open-Meteo Historical API (ERA5 reanalysis)
2017-01-10,2017,1,Jan,10,0.0,Colombo,6.9271,79.8612,Open-Meteo Historical API (ERA5 reanalysis)
2017-01-11,2017,1,Jan,11,0.0,Colombo,6.9271,79.8612,Open-Meteo Historical API (ERA5 reanalysis)
2017-01-12,2017,1,Jan,12,0.0,Colombo,6.9271,79.8612,Open-Meteo Historical API (ERA5 reanalysis)
2017-01-13,2017,1,Jan,13,0.0,Colombo,6.9271,79.8612,Open-Meteo Historical API (ERA5 reanalysis)
2017-01-14,2017,1,Jan,14,0.0,Colombo,6.9271,79.8612,Open-Meteo Historical API (ERA5 reanalysis)
2017-01-15,2017,1,Jan,15,0.1,Colombo,6.9271,79.8612,Open-Meteo Historical API (ERA5 reanalysis)
2017-01-16,2017,1,Jan,16,0.0,Colombo,6.9271,79.8612,Open-Meteo Historical API (ERA5 reanalysis)
2017-01-17,2017,1,Jan,17,0.0,Colombo,6.9271,79.8612,Open-Meteo Historical API (ERA5 reanalysis)
2017-01-18,2017,1,Jan,18,0.0,Colombo,6.9271,79.8612,Open-Meteo Historical API (ERA5 reanalysis)
2017-01-19,2017,1,Jan,19,0.2,Colombo,6.9271,79.8612,Open-Meteo Historical API (ERA5 reanalysis)
2017-01-20,2017,1,Jan,20,3.7,Colombo,6.9271,79.8612,Open-Meteo Historical API (ERA5 reanalysis)
2017-01-21,2017,1,Jan,21,0.3,Colombo,6.9271,79.8612,Open-Meteo Historical API (ERA5 reanalysis)
2017-01-22,2017,1,Jan,22,3.3,Colombo,6.9271,79.8612,Open-Meteo Historical API (ERA5 reanalysis)
2017-01-23,2017,1,Jan,23,1.7,Colombo,6.9271,79.8612,Open-Meteo Historical API (ERA5 reanalysis)
2017-01-24,2017,1,Jan,24,10.7,Colombo,6.9271,79.8612,Open-Meteo Historical API (ERA5 reanalysis)
2017-01-25,2017,1,Jan,25,5.3,Colombo,6.9271,79.8612,Open-Meteo Historical API (ERA5 reanalysis)
2017-01-26,2017,1,Jan,26,2.2,Colombo,6.9271,79.8612,Open-Meteo Historical API (ERA5 reanalysis)
2017-01-27,2017,1,Jan,27,18.2,Colombo,6.9271,79.8612,Open-Meteo Historical API (ERA5 reanalysis)
2017-01-28,2017,1,Jan,28,8.0,Colombo,6.9271,79.8612,Open-Meteo Historical API (ERA5 reanalysis)
2017-01-29,2017,1,Jan,29,5.7,Colombo,6.9271,79.8612,Open-Meteo Historical API (ERA5 reanalysis)
2017-01-30,2017,1,Jan,30,24.4,Colombo,6.9271,79.8612,Open-Meteo Historical API (ERA5 reanalysis)
2017-01-31,2017,1,Jan,31,0.8,Colombo,6.9271,79.8612,Open-Meteo Historical API (ERA5 reanalysis)
2017-02-01,2017,2,Feb,1,0.0,Colombo,6.9271,79.8612,Open-Meteo Historical API (ERA5 reanalysis)
2017-02-02,2017,2,Feb,2,0.1,Colombo,6.9271,79.8612,Open-Meteo Historical API (ERA5 reanalysis)
2017-02-03,2017,2,Feb,3,0.0,Colombo,6.9271,79.8612,Open-Meteo Historical API (ERA5 reanalysis)
2017-02-04,2017,2,Feb,4,0.0,Colombo,6.9271,79.8612,Open-Meteo Historical API (ERA5 reanalysis)
2017-02-05,2017,2,Feb,5,0.0,Colombo,6.9271,79.8612,Open-Meteo Historical API (ERA5 reanalysis)
2017-02-06,2017,2,Feb,6,0.0,Colombo,6.9271,79.8612,Open-Meteo Historical API (ERA5 reanalysis)
2017-02-07,2017,2,Feb,7,0.0,Colombo,6.9271,79.8612,Open-Meteo Historical API (ERA5 reanalysis)
2017-02-08,2017,2,Feb,8,0.0,Colombo,6.9271,79.8612,Open-Meteo Historical API (ERA5 reanalysis)
2017-02-09,2017,2,Feb,9,0.0,Colombo,6.9271,79.8612,Open-Meteo Historical API (ERA5 reanalysis)
2017-02-10,2017,2,Feb,10,0.0,Colombo,6.9271,79.8612,Open-Meteo Historical API (ERA5 reanalysis)
2017-02-11,2017,2,Feb,11,0.0,Colombo,6.9271,79.8612,Open-Meteo Historical API (ERA5 reanalysis)
2017-02-12,2017,2,Feb,12,0.0,Colombo,6.9271,79.8612,Open-Meteo Historical API (ERA5 reanalysis)
2017-02-13,2017,2,Feb,13,0.0,Colombo,6.9271,79.8612,Open-Meteo Historical API (ERA5 reanalysis)
2017-02-14,2017,2,Feb,14,5.4,Colombo,6.9271,79.8612,Open-Meteo Historical API (ERA5 reanalysis)
2017-02-15,2017,2,Feb,15,1.2,Colombo,6.9271,79.8612,Open-Meteo Historical API (ERA5 reanalysis)
2017-02-16,2017,2,Feb,16,0.0,Colombo,6.9271,79.8612,Open-Meteo Historical API (ERA5 reanalysis)
2017-02-17,2017,2,Feb,17,0.0,Colombo,6.9271,79.8612,Open-Meteo Historical API (ERA5 reanalysis)
2017-02-18,2017,2,Feb,18,0.7,Colombo,6.9271,79.8612,Open-Meteo Historical API (ERA5 reanalysis)
2017-02-19,2017,2,Feb,19,16.8,Colombo,6.9271,79.8612,Open-Meteo Historical API (ERA5 reanalysis)
2017-02-20,2017,2,Feb,20,3.4,Colombo,6.9271,79.8612,Open-Meteo Historical API (ERA5 reanalysis)
2017-02-21,2017,2,Feb,21,0.1,Colombo,6.9271,79.8612,Open-Meteo Historical API (ERA5 reanalysis)
2017-02-22,2017,2,Feb,22,0.0,Colombo,6.9271,79.8612,Open-Meteo Historical API (ERA5 reanalysis)
2017-02-23,2017,2,Feb,23,2.4,Colombo,6.9271,79.8612,Open-Meteo Historical API (ERA5 reanalysis)
2017-02-24,2017,2,Feb,24,2.7,Colombo,6.9271,79.8612,Open-Meteo Historical API (ERA5 reanalysis)
2017-02-25,2017,2,Feb,25,0.3,Colombo,6.9271,79.8612,Open-Meteo Historical API (ERA5 reanalysis)
2017-02-26,2017,2,Feb,26,1.2,Colombo,6.9271,79.8612,Open-Meteo Historical API (ERA5 reanalysis)
2017-02-27,2017,2,Feb,27,0.8,Colombo,6.9271,79.8612,Open-Meteo Historical API (ERA5 reanalysis)
2017-02-28,2017,2,Feb,28,7.9,Colombo,6.9271,79.8612,Open-Meteo Historical API (ERA5 reanalysis)
2017-03-01,2017,3,Mar,1,12.3,Colombo,6.9271,79.8612,Open-Meteo Historical API (ERA5 reanalysis)
2017-03-02,2017,3,Mar,2,1.2,Colombo,6.9271,79.8612,Open-Meteo Historical API (ERA5 reanalysis)
2017-03-03,2017,3,Mar,3,3.5,Colombo,6.9271,79.8612,Open-Meteo Historical API (ERA5 reanalysis)
2017-03-04,2017,3,Mar,4,11.2,Colombo,6.9271,79.8612,Open-Meteo Historical API (ERA5 reanalysis)
2017-03-05,2017,3,Mar,5,0.0,Colombo,6.9271,79.8612,Open-Meteo Historical API (ERA5 reanalysis)
2017-03-06,2017,3,Mar,6,0.7,Colombo,6.9271,79.8612,Open-Meteo Historical API (ERA5 reanalysis)
2017-03-07,2017,3,Mar,7,0.8,Colombo,6.9271,79.8612,Open-Meteo Historical API (ERA5 reanalysis)
2017-03-08,2017,3,Mar,8,6.8,Colombo,6.9271,79.8612,Open-Meteo Historical API (ERA5 reanalysis)
2017-03-09,2017,3,Mar,9,3.9,Colombo,6.9271,79.8612,Open-Meteo Historical API (ERA5 reanalysis)
2017-03-10,2017,3,Mar,10,3.5,Colombo,6.9271,79.8612,Open-Meteo Historical API (ERA5 reanalysis)
2017-03-11,2017,3,Mar,11,2.2,Colombo,6.9271,79.8612,Open-Meteo Historical API (ERA5 reanalysis)
2017-03-12,2017,3,Mar,12,17.2,Colombo,6.9271,79.8612,Open-Meteo Historical API (ERA5 reanalysis)
2017-03-13,2017,3,Mar,13,11.2,Colombo,6.9271,79.8612,Open-Meteo Historical API (ERA5 reanalysis)
2017-03-14,2017,3,Mar,14,12.3,Colombo,6.9271,79.8612,Open-Meteo Historical API (ERA5 reanalysis)
2017-03-15,2017,3,Mar,15,26.6,Colombo,6.9271,79.8612,Open-Meteo Historical API (ERA5 reanalysis)
2017-03-16,2017,3,Mar,16,7.3,Colombo,6.9271,79.8612,Open-Meteo Historical API (ERA5 reanalysis)
2017-03-17,2017,3,Mar,17,0.0,Colombo,6.9271,79.8612,Open-Meteo Historical API (ERA5 reanalysis)
2017-03-18,2017,3,Mar,18,2.1,Colombo,6.9271,79.8612,Open-Meteo Historical API (ERA5 reanalysis)
2017-03-19,2017,3,Mar,19,1.8,Colombo,6.9271,79.8612,Open-Meteo Historical API (ERA5 reanalysis)
2017-03-20,2017,3,Mar,20,4.3,Colombo,6.9271,79.8612,Open-Meteo Historical API (ERA5 reanalysis)
2017-03-21,2017,3,Mar,21,0.9,Colombo,6.9271,79.8612,Open-Meteo Historical API (ERA5 reanalysis)
2017-03-22,2017,3,Mar,22,0.5,Colombo,6.9271,79.8612,Open-Meteo Historical API (ERA5 reanalysis)
2017-03-23,2017,3,Mar,23,1.1,Colombo,6.9271,79.8612,Open-Meteo Historical API (ERA5 reanalysis)
2017-03-24,2017,3,Mar,24,0.1,Colombo,6.9271,79.8612,Open-Meteo Historical API (ERA5 reanalysis)
2017-03-25,2017,3,Mar,25,1.7,Colombo,6.9271,79.8612,Open-Meteo Historical API (ERA5 reanalysis)
2017-03-26,2017,3,Mar,26,0.0,Colombo,6.9271,79.8612,Open-Meteo Historical API (ERA5 reanalysis)
2017-03-27,2017,3,Mar,27,1.1,Colombo,6.9271,79.8612,Open-Meteo Historical API (ERA5 reanalysis)
2017-03-28,2017,3,Mar,28,1.7,Colombo,6.9271,79.8612,Open-Meteo Historical API (ERA5 reanalysis)
2017-03-29,2017,3,Mar,29,4.4,Colombo,6.9271,79.8612,Open-Meteo Historical API (ERA5 reanalysis)
2017-03-30,2017,3,Mar,30,1.7,Colombo,6.9271,79.8612,Open-Meteo Historical API (ERA5 reanalysis)
2017-03-31,2017,3,Mar,31,2.0,Colombo,6.9271,79.8612,Open-Meteo Historical API (ERA5 reanalysis)
2017-04-01,2017,4,Apr,1,1.7,Colombo,6.9271,79.8612,Open-Meteo Historical API (ERA5 reanalysis)
2017-04-02,2017,4,Apr,2,3.4,Colombo,6.9271,79.8612,Open-Meteo Historical API (ERA5 reanalysis)
2017-04-03,2017,4,Apr,3,1.2,Colombo,6.9271,79.8612,Open-Meteo Historical API (ERA5 reanalysis)
2017-04-04,2017,4,Apr,4,14.0,Colombo,6.9271,79.8612,Open-Meteo Historical API (ERA5 reanalysis)
2017-04-05,2017,4,Apr,5,1.3,Colombo,6.9271,79.8612,Open-Meteo Historical API (ERA5 reanalysis)
2017-04-06,2017,4,Apr,6,12.0,Colombo,6.9271,79.8612,Open-Meteo Historical API (ERA5 reanalysis)
2017-04-07,2017,4,Apr,7,3.9,Colombo,6.9271,79.8612,Open-Meteo Historical API (ERA5 reanalysis)
2017-04-08,2017,4,Apr,8,6.6,Colombo,6.9271,79.8612,Open-Meteo Historical API (ERA5 reanalysis)
2017-04-09,2017,4,Apr,9,1.6,Colombo,6.9271,79.8612,Open-Meteo Historical API (ERA5 reanalysis)
2017-04-10,2017,4,Apr,10,1.2,Colombo,6.9271,79.8612,Open-Meteo Historical API (ERA5 reanalysis)
2017-04-11,2017,4,Apr,11,16.8,Colombo,6.9271,79.8612,Open-Meteo Historical API (ERA5 reanalysis)
2017-04-12,2017,4,Apr,12,14.3,Colombo,6.9271,79.8612,Open-Meteo Historical API (ERA5 reanalysis)
2017-04-13,2017,4,Apr,13,19.1,Colombo,6.9271,79.8612,Open-Meteo Historical API (ERA5 reanalysis)
2017-04-14,2017,4,Apr,14,5.2,Colombo,6.9271,79.8612,Open-Meteo Historical API (ERA5 reanalysis)
2017-04-15,2017,4,Apr,15,3.8,Colombo,6.9271,79.8612,Open-Meteo Historical API (ERA5 reanalysis)
2017-04-16,2017,4,Apr,16,1.8,Colombo,6.9271,79.8612,Open-Meteo Historical API (ERA5 reanalysis)
2017-04-17,2017,4,Apr,17,1.8,Colombo,6.9271,79.8612,Open-Meteo Historical API (ERA5 reanalysis)
2017-04-18,2017,4,Apr,18,0.1,Colombo,6.9271,79.8612,Open-Meteo Historical API (ERA5 reanalysis)
2017-04-19,2017,4,Apr,19,0.0,Colombo,6.9271,79.8612,Open-Meteo Historical API (ERA5 reanalysis)
2017-04-20,2017,4,Apr,20,0.7,Colombo,6.9271,79.8612,Open-Meteo Historical API (ERA5 reanalysis)
2017-04-21,2017,4,Apr,21,2.2,Colombo,6.9271,79.8612,Open-Meteo Historical API (ERA5 reanalysis)
2017-04-22,2017,4,Apr,22,2.6,Colombo,6.9271,79.8612,Open-Meteo Historical API (ERA5 reanalysis)
2017-04-23,2017,4,Apr,23,4.0,Colombo,6.9271,79.8612,Open-Meteo Historical API (ERA5 reanalysis)
2017-04-24,2017,4,Apr,24,5.0,Colombo,6.9271,79.8612,Open-Meteo Historical API (ERA5 reanalysis)
2017-04-25,2017,4,Apr,25,3.3,Colombo,6.9271,79.8612,Open-Meteo Historical API (ERA5 reanalysis)
2017-04-26,2017,4,Apr,26,2.4,Colombo,6.9271,79.8612,Open-Meteo Historical API (ERA5 reanalysis)
2017-04-27,2017,4,Apr,27,1.1,Colombo,6.9271,79.8612,Open-Meteo Historical API (ERA5 reanalysis)
2017-04-28,2017,4,Apr,28,3.1,Colombo,6.9271,79.8612,Open-Meteo Historical API (ERA5 reanalysis)
2017-04-29,2017,4,Apr,29,2.9,Colombo,6.9271,79.8612,Open-Meteo Historical API (ERA5 reanalysis)
2017-04-30,2017,4,Apr,30,2.8,Colombo,6.9271,79.8612,Open-Meteo Historical API (ERA5 reanalysis)
2017-05-01,2017,5,May,1,2.3,Colombo,6.9271,79.8612,Open-Meteo Historical API (ERA5 reanalysis)
2017-05-02,2017,5,May,2,0.8,Colombo,6.9271,79.8612,Open-Meteo Historical API (ERA5 reanalysis)
2017-05-03,2017,5,May,3,0.9,Colombo,6.9271,79.8612,Open-Meteo Historical API (ERA5 reanalysis)
2017-05-04,2017,5,May,4,1.1,Colombo,6.9271,79.8612,Open-Meteo Historical API (ERA5 reanalysis)
2017-05-05,2017,5,May,5,1.4,Colombo,6.9271,79.8612,Open-Meteo Historical API (ERA5 reanalysis)
2017-05-06,2017,5,May,6,0.4,Colombo,6.9271,79.8612,Open-Meteo Historical API (ERA5 reanalysis)
2017-05-07,2017,5,May,7,7.3,Colombo,6.9271,79.8612,Open-Meteo Historical API (ERA5 reanalysis)
2017-05-08,2017,5,May,8,2.0,Colombo,6.9271,79.8612,Open-Meteo Historical API (ERA5 reanalysis)
2017-05-09,2017,5,May,9,2.8,Colombo,6.9271,79.8612,Open-Meteo Historical API (ERA5 reanalysis)
2017-05-10,2017,5,May,10,4.6,Colombo,6.9271,79.8612,Open-Meteo Historical API (ERA5 reanalysis)
2017-05-11,2017,5,May,11,4.4,Colombo,6.9271,79.8612,Open-Meteo Historical API (ERA5 reanalysis)
2017-05-12,2017,5,May,12,4.9,Colombo,6.9271,79.8612,Open-Meteo Historical API (ERA5 reanalysis)
2017-05-13,2017,5,May,13,1.4,Colombo,6.9271,79.8612,Open-Meteo Historical API (ERA5 reanalysis)
2017-05-14,2017,5,May,14,13.4,Colombo,6.9271,79.8612,Open-Meteo Historical API (ERA5 reanalysis)
2017-05-15,2017,5,May,15,9.3,Colombo,6.9271,79.8612,Open-Meteo Historical API (ERA5 reanalysis)
2017-05-16,2017,5,May,16,5.1,Colombo,6.9271,79.8612,Open-Meteo Historical API (ERA5 reanalysis)
2017-05-17,2017,5,May,17,5.0,Colombo,6.9271,79.8612,Open-Meteo Historical API (ERA5 reanalysis)
2017-05-18,2017,5,May,18,23.3,Colombo,6.9271,79.8612,Open-Meteo Historical API (ERA5 reanalysis)
2017-05-19,2017,5,May,19,9.3,Colombo,6.9271,79.8612,Open-Meteo Historical API (ERA5 reanalysis)
2017-05-20,2017,5,May,20,14.0,Colombo,6.9271,79.8612,Open-Meteo Historical API (ERA5 reanalysis)
2017-05-21,2017,5,May,21,14.9,Colombo,6.9271,79.8612,Open-Meteo Historical API (ERA5 reanalysis)
2017-05-22,2017,5,May,22,16.6,Colombo,6.9271,79.8612,Open-Meteo Historical API (ERA5 reanalysis)
2017-05-23,2017,5,May,23,23.3,Colombo,6.9271,79.8612,Open-Meteo Historical API (ERA5 reanalysis)
2017-05-24,2017,5,May,24,22.2,Colombo,6.9271,79.8612,Open-Meteo Historical API (ERA5 reanalysis)
2017-05-25,2017,5,May,25,26.1,Colombo,6.9271,79.8612,Open-Meteo Historical API (ERA5 reanalysis)
2017-05-26,2017,5,May,26,24.1,Colombo,6.9271,79.8612,Open-Meteo Historical API (ERA5 reanalysis)
2017-05-27,2017,5,May,27,36.8,Colombo,6.9271,79.8612,Open-Meteo Historical API (ERA5 reanalysis)
2017-05-28,2017,5,May,28,13.9,Colombo,6.9271,79.8612,Open-Meteo Historical API (ERA5 reanalysis)
2017-05-29,2017,5,May,29,16.0,Colombo,6.9271,79.8612,Open-Meteo Historical API (ERA5 reanalysis)
2017-05-30,2017,5,May,30,21.4,Colombo,6.9271,79.8612,Open-Meteo Historical API (ERA5 reanalysis)
2017-05-31,2017,5,May,31,21.1,Colombo,6.9271,79.8612,Open-Meteo Historical API (ERA5 reanalysis)
2017-06-01,2017,6,Jun,1,10.2,Colombo,6.9271,79.8612,Open-Meteo Historical API (ERA5 reanalysis)
2017-06-02,2017,6,Jun,2,23.6,Colombo,6.9271,79.8612,Open-Meteo Historical API (ERA5 reanalysis)
2017-06-03,2017,6,Jun,3,31.6,Colombo,6.9271,79.8612,Open-Meteo Historical API (ERA5 reanalysis)
2017-06-04,2017,6,Jun,4,16.8,Colombo,6.9271,79.8612,Open-Meteo Historical API (ERA5 reanalysis)
2017-06-05,2017,6,Jun,5,13.3,Colombo,6.9271,79.8612,Open-Meteo Historical API (ERA5 reanalysis)
2017-06-06,2017,6,Jun,6,7.0,Colombo,6.9271,79.8612,Open-Meteo Historical API (ERA5 reanalysis)
2017-06-07,2017,6,Jun,7,15.8,Colombo,6.9271,79.8612,Open-Meteo Historical API (ERA5 reanalysis)
2017-06-08,2017,6,Jun,8,2.0,Colombo,6.9271,79.8612,Open-Meteo Historical API (ERA5 reanalysis)
2017-06-09,2017,6,Jun,9,4.4,Colombo,6.9271,79.8612,Open-Meteo Historical API (ERA5 reanalysis)
2017-06-10,2017,6,Jun,10,4.2,Colombo,6.9271,79.8612,Open-Meteo Historical API (ERA5 reanalysis)
2017-06-11,2017,6,Jun,11,4.3,Colombo,6.9271,79.8612,Open-Meteo Historical API (ERA5 reanalysis)
2017-06-12,2017,6,Jun,12,1.5,Colombo,6.9271,79.8612,Open-Meteo Historical API (ERA5 reanalysis)
2017-06-13,2017,6,Jun,13,4.3,Colombo,6.9271,79.8612,Open-Meteo Historical API (ERA5 reanalysis)
2017-06-14,2017,6,Jun,14,14.7,Colombo,6.9271,79.8612,Open-Meteo Historical API (ERA5 reanalysis)
2017-06-15,2017,6,Jun,15,9.7,Colombo,6.9271,79.8612,Open-Meteo Historical API (ERA5 reanalysis)
2017-06-16,2017,6,Jun,16,16.3,Colombo,6.9271,79.8612,Open-Meteo Historical API (ERA5 reanalysis)
2017-06-17,2017,6,Jun,17,6.1,Colombo,6.9271,79.8612,Open-Meteo Historical API (ERA5 reanalysis)
2017-06-18,2017,6,Jun,18,4.6,Colombo,6.9271,79.8612,Open-Meteo Historical API (ERA5 reanalysis)
2017-06-19,2017,6,Jun,19,27.9,Colombo,6.9271,79.8612,Open-Meteo Historical API (ERA5 reanalysis)
2017-06-20,2017,6,Jun,20,14.2,Colombo,6.9271,79.8612,Open-Meteo Historical API (ERA5 reanalysis)
2017-06-21,2017,6,Jun,21,8.2,Colombo,6.9271,79.8612,Open-Meteo Historical API (ERA5 reanalysis)
2017-06-22,2017,6,Jun,22,6.6,Colombo,6.9271,79.8612,Open-Meteo Historical API (ERA5 reanalysis)
2017-06-23,2017,6,Jun,23,24.9,Colombo,6.9271,79.8612,Open-Meteo Historical API (ERA5 reanalysis)
2017-06-24,2017,6,Jun,24,37.6,Colombo,6.9271,79.8612,Open-Meteo Historical API (ERA5 reanalysis)
2017-06-25,2017,6,Jun,25,15.0,Colombo,6.9271,79.8612,Open-Meteo Historical API (ERA5 reanalysis)
2017-06-26,2017,6,Jun,26,11.3,Colombo,6.9271,79.8612,Open-Meteo Historical API (ERA5 reanalysis)
2017-06-27,2017,6,Jun,27,38.9,Colombo,6.9271,79.8612,Open-Meteo Historical API (ERA5 reanalysis)
2017-06-28,2017,6,Jun,28,4.2,Colombo,6.9271,79.8612,Open-Meteo Historical API (ERA5 reanalysis)
2017-06-29,2017,6,Jun,29,1.5,Colombo,6.9271,79.8612,Open-Meteo Historical API (ERA5 reanalysis)
2017-06-30,2017,6,Jun,30,3.0,Colombo,6.9271,79.8612,Open-Meteo Historical API (ERA5 reanalysis)
2017-07-01,2017,7,Jul,1,12.8,Colombo,6.9271,79.8612,Open-Meteo Historical API (ERA5 reanalysis)
2017-07-02,2017,7,Jul,2,5.4,Colombo,6.9271,79.8612,Open-Meteo Historical API (ERA5 reanalysis)
2017-07-03,2017,7,Jul,3,9.2,Colombo,6.9271,79.8612,Open-Meteo Historical API (ERA5 reanalysis)
2017-07-04,2017,7,Jul,4,2.0,Colombo,6.9271,79.8612,Open-Meteo Historical API (ERA5 reanalysis)
2017-07-05,2017,7,Jul,5,2.4,Colombo,6.9271,79.8612,Open-Meteo Historical API (ERA5 reanalysis)
2017-07-06,2017,7,Jul,6,5.9,Colombo,6.9271,79.8612,Open-Meteo Historical API (ERA5 reanalysis)
2017-07-07,2017,7,Jul,7,9.5,Colombo,6.9271,79.8612,Open-Meteo Historical API (ERA5 reanalysis)
2017-07-08,2017,7,Jul,8,18.0,Colombo,6.9271,79.8612,Open-Meteo Historical API (ERA5 reanalysis)
2017-07-09,2017,7,Jul,9,35.5,Colombo,6.9271,79.8612,Open-Meteo Historical API (ERA5 reanalysis)
2017-07-10,2017,7,Jul,10,9.4,Colombo,6.9271,79.8612,Open-Meteo Historical API (ERA5 reanalysis)
2017-07-11,2017,7,Jul,11,5.2,Colombo,6.9271,79.8612,Open-Meteo Historical API (ERA5 reanalysis)
2017-07-12,2017,7,Jul,12,2.5,Colombo,6.9271,79.8612,Open-Meteo Historical API (ERA5 reanalysis)
2017-07-13,2017,7,Jul,13,2.9,Colombo,6.9271,79.8612,Open-Meteo Historical API (ERA5 reanalysis)
2017-07-14,2017,7,Jul,14,1.6,Colombo,6.9271,79.8612,Open-Meteo Historical API (ERA5 reanalysis)
2017-07-15,2017,7,Jul,15,2.4,Colombo,6.9271,79.8612,Open-Meteo Historical API (ERA5 reanalysis)
2017-07-16,2017,7,Jul,16,1.7,Colombo,6.9271,79.8612,Open-Meteo Historical API (ERA5 reanalysis)
2017-07-17,2017,7,Jul,17,2.9,Colombo,6.9271,79.8612,Open-Meteo Historical API (ERA5 reanalysis)
2017-07-18,2017,7,Jul,18,2.3,Colombo,6.9271,79.8612,Open-Meteo Historical API (ERA5 reanalysis)
2017-07-19,2017,7,Jul,19,5.7,Colombo,6.9271,79.8612,Open-Meteo Historical API (ERA5 reanalysis)
2017-07-20,2017,7,Jul,20,3.4,Colombo,6.9271,79.8612,Open-Meteo Historical API (ERA5 reanalysis)
2017-07-21,2017,7,Jul,21,11.4,Colombo,6.9271,79.8612,Open-Meteo Historical API (ERA5 reanalysis)
2017-07-22,2017,7,Jul,22,10.9,Colombo,6.9271,79.8612,Open-Meteo Historical API (ERA5 reanalysis)
2017-07-23,2017,7,Jul,23,5.2,Colombo,6.9271,79.8612,Open-Meteo Historical API (ERA5 reanalysis)
2017-07-24,2017,7,Jul,24,6.5,Colombo,6.9271,79.8612,Open-Meteo Historical API (ERA5 reanalysis)
2017-07-25,2017,7,Jul,25,3.0,Colombo,6.9271,79.8612,Open-Meteo Historical API (ERA5 reanalysis)
2017-07-26,2017,7,Jul,26,7.0,Colombo,6.9271,79.8612,Open-Meteo Historical API (ERA5 reanalysis)
2017-07-27,2017,7,Jul,27,6.4,Colombo,6.9271,79.8612,Open-Meteo Historical API (ERA5 reanalysis)
2017-07-28,2017,7,Jul,28,16.9,Colombo,6.9271,79.8612,Open-Meteo Historical API (ERA5 reanalysis)
2017-07-29,2017,7,Jul,29,14.5,Colombo,6.9271,79.8612,Open-Meteo Historical API (ERA5 reanalysis)
2017-07-30,2017,7,Jul,30,17.0,Colombo,6.9271,79.8612,Open-Meteo Historical API (ERA5 reanalysis)
2017-07-31,2017,7,Jul,31,12.9,Colombo,6.9271,79.8612,Open-Meteo Historical API (ERA5 reanalysis)
2017-08-01,2017,8,Aug,1,5.8,Colombo,6.9271,79.8612,Open-Meteo Historical API (ERA5 reanalysis)
2017-08-02,2017,8,Aug,2,6.3,Colombo,6.9271,79.8612,Open-Meteo Historical API (ERA5 reanalysis)
2017-08-03,2017,8,Aug,3,3.7,Colombo,6.9271,79.8612,Open-Meteo Historical API (ERA5 reanalysis)
2017-08-04,2017,8,Aug,4,7.8,Colombo,6.9271,79.8612,Open-Meteo Historical API (ERA5 reanalysis)
2017-08-05,2017,8,Aug,5,8.6,Colombo,6.9271,79.8612,Open-Meteo Historical API (ERA5 reanalysis)
2017-08-06,2017,8,Aug,6,42.3,Colombo,6.9271,79.8612,Open-Meteo Historical API (ERA5 reanalysis)
2017-08-07,2017,8,Aug,7,19.3,Colombo,6.9271,79.8612,Open-Meteo Historical API (ERA5 reanalysis)
2017-08-08,2017,8,Aug,8,8.1,Colombo,6.9271,79.8612,Open-Meteo Historical API (ERA5 reanalysis)
2017-08-09,2017,8,Aug,9,8.0,Colombo,6.9271,79.8612,Open-Meteo Historical API (ERA5 reanalysis)
2017-08-10,2017,8,Aug,10,15.9,Colombo,6.9271,79.8612,Open-Meteo Historical API (ERA5 reanalysis)
2017-08-11,2017,8,Aug,11,12.2,Colombo,6.9271,79.8612,Open-Meteo Historical API (ERA5 reanalysis)
2017-08-12,2017,8,Aug,12,0.6,Colombo,6.9271,79.8612,Open-Meteo Historical API (ERA5 reanalysis)
2017-08-13,2017,8,Aug,13,5.6,Colombo,6.9271,79.8612,Open-Meteo Historical API (ERA5 reanalysis)
2017-08-14,2017,8,Aug,14,2.3,Colombo,6.9271,79.8612,Open-Meteo Historical API (ERA5 reanalysis)
2017-08-15,2017,8,Aug,15,3.3,Colombo,6.9271,79.8612,Open-Meteo Historical API (ERA5 reanalysis)
2017-08-16,2017,8,Aug,16,2.7,Colombo,6.9271,79.8612,Open-Meteo Historical API (ERA5 reanalysis)
2017-08-17,2017,8,Aug,17,6.5,Colombo,6.9271,79.8612,Open-Meteo Historical API (ERA5 reanalysis)
2017-08-18,2017,8,Aug,18,35.3,Colombo,6.9271,79.8612,Open-Meteo Historical API (ERA5 reanalysis)
2017-08-19,2017,8,Aug,19,5.4,Colombo,6.9271,79.8612,Open-Meteo Historical API (ERA5 reanalysis)
2017-08-20,2017,8,Aug,20,10.6,Colombo,6.9271,79.8612,Open-Meteo Historical API (ERA5 reanalysis)
2017-08-21,2017,8,Aug,21,7.8,Colombo,6.9271,79.8612,Open-Meteo Historical API (ERA5 reanalysis)
2017-08-22,2017,8,Aug,22,23.1,Colombo,6.9271,79.8612,Open-Meteo Historical API (ERA5 reanalysis)
2017-08-23,2017,8,Aug,23,12.5,Colombo,6.9271,79.8612,Open-Meteo Historical API (ERA5 reanalysis)
2017-08-24,2017,8,Aug,24,4.2,Colombo,6.9271,79.8612,Open-Meteo Historical API (ERA5 reanalysis)
2017-08-25,2017,8,Aug,25,2.5,Colombo,6.9271,79.8612,Open-Meteo Historical API (ERA5 reanalysis)
2017-08-26,2017,8,Aug,26,3.8,Colombo,6.9271,79.8612,Open-Meteo Historical API (ERA5 reanalysis)
2017-08-27,2017,8,Aug,27,8.3,Colombo,6.9271,79.8612,Open-Meteo Historical API (ERA5 reanalysis)
2017-08-28,2017,8,Aug,28,21.1,Colombo,6.9271,79.8612,Open-Meteo Historical API (ERA5 reanalysis)
2017-08-29,2017,8,Aug,29,11.2,Colombo,6.9271,79.8612,Open-Meteo Historical API (ERA5 reanalysis)
2017-08-30,2017,8,Aug,30,11.9,Colombo,6.9271,79.8612,Open-Meteo Historical API (ERA5 reanalysis)
2017-08-31,2017,8,Aug,31,10.7,Colombo,6.9271,79.8612,Open-Meteo Historical API (ERA5 reanalysis)
2017-09-01,2017,9,Sep,1,10.5,Colombo,6.9271,79.8612,Open-Meteo Historical API (ERA5 reanalysis)
2017-09-02,2017,9,Sep,2,3.9,Colombo,6.9271,79.8612,Open-Meteo Historical API (ERA5 reanalysis)
2017-09-03,2017,9,Sep,3,15.9,Colombo,6.9271,79.8612,Open-Meteo Historical API (ERA5 reanalysis)
2017-09-04,2017,9,Sep,4,9.4,Colombo,6.9271,79.8612,Open-Meteo Historical API (ERA5 reanalysis)
2017-09-05,2017,9,Sep,5,15.8,Colombo,6.9271,79.8612,Open-Meteo Historical API (ERA5 reanalysis)
2017-09-06,2017,9,Sep,6,25.0,Colombo,6.9271,79.8612,Open-Meteo Historical API (ERA5 reanalysis)
2017-09-07,2017,9,Sep,7,15.3,Colombo,6.9271,79.8612,Open-Meteo Historical API (ERA5 reanalysis)
2017-09-08,2017,9,Sep,8,29.1,Colombo,6.9271,79.8612,Open-Meteo Historical API (ERA5 reanalysis)
2017-09-09,2017,9,Sep,9,27.7,Colombo,6.9271,79.8612,Open-Meteo Historical API (ERA5 reanalysis)
2017-09-10,2017,9,Sep,10,12.3,Colombo,6.9271,79.8612,Open-Meteo Historical API (ERA5 reanalysis)
2017-09-11,2017,9,Sep,11,9.9,Colombo,6.9271,79.8612,Open-Meteo Historical API (ERA5 reanalysis)
2017-09-12,2017,9,Sep,12,6.7,Colombo,6.9271,79.8612,Open-Meteo Historical API (ERA5 reanalysis)
2017-09-13,2017,9,Sep,13,24.4,Colombo,6.9271,79.8612,Open-Meteo Historical API (ERA5 reanalysis)
2017-09-14,2017,9,Sep,14,10.5,Colombo,6.9271,79.8612,Open-Meteo Historical API (ERA5 reanalysis)
2017-09-15,2017,9,Sep,15,1.0,Colombo,6.9271,79.8612,Open-Meteo Historical API (ERA5 reanalysis)
2017-09-16,2017,9,Sep,16,2.5,Colombo,6.9271,79.8612,Open-Meteo Historical API (ERA5 reanalysis)
2017-09-17,2017,9,Sep,17,11.5,Colombo,6.9271,79.8612,Open-Meteo Historical API (ERA5 reanalysis)
2017-09-18,2017,9,Sep,18,1.9,Colombo,6.9271,79.8612,Open-Meteo Historical API (ERA5 reanalysis)
2017-09-19,2017,9,Sep,19,0.4,Colombo,6.9271,79.8612,Open-Meteo Historical API (ERA5 reanalysis)
2017-09-20,2017,9,Sep,20,7.6,Colombo,6.9271,79.8612,Open-Meteo Historical API (ERA5 reanalysis)
2017-09-21,2017,9,Sep,21,9.2,Colombo,6.9271,79.8612,Open-Meteo Historical API (ERA5 reanalysis)
2017-09-22,2017,9,Sep,22,3.3,Colombo,6.9271,79.8612,Open-Meteo Historical API (ERA5 reanalysis)
2017-09-23,2017,9,Sep,23,2.6,Colombo,6.9271,79.8612,Open-Meteo Historical API (ERA5 reanalysis)
2017-09-24,2017,9,Sep,24,6.0,Colombo,6.9271,79.8612,Open-Meteo Historical API (ERA5 reanalysis)
2017-09-25,2017,9,Sep,25,16.5,Colombo,6.9271,79.8612,Open-Meteo Historical API (ERA5 reanalysis)
2017-09-26,2017,9,Sep,26,10.3,Colombo,6.9271,79.8612,Open-Meteo Historical API (ERA5 reanalysis)
2017-09-27,2017,9,Sep,27,21.6,Colombo,6.9271,79.8612,Open-Meteo Historical API (ERA5 reanalysis)
2017-09-28,2017,9,Sep,28,5.5,Colombo,6.9271,79.8612,Open-Meteo Historical API (ERA5 reanalysis)
2017-09-29,2017,9,Sep,29,0.5,Colombo,6.9271,79.8612,Open-Meteo Historical API (ERA5 reanalysis)
2017-09-30,2017,9,Sep,30,4.4,Colombo,6.9271,79.8612,Open-Meteo Historical API (ERA5 reanalysis)
2017-10-01,2017,10,Oct,1,5.7,Colombo,6.9271,79.8612,Open-Meteo Historical API (ERA5 reanalysis)
2017-10-02,2017,10,Oct,2,5.6,Colombo,6.9271,79.8612,Open-Meteo Historical API (ERA5 reanalysis)
2017-10-03,2017,10,Oct,3,14.1,Colombo,6.9271,79.8612,Open-Meteo Historical API (ERA5 reanalysis)
2017-10-04,2017,10,Oct,4,15.6,Colombo,6.9271,79.8612,Open-Meteo Historical API (ERA5 reanalysis)
2017-10-05,2017,10,Oct,5,18.3,Colombo,6.9271,79.8612,Open-Meteo Historical API (ERA5 reanalysis)
2017-10-06,2017,10,Oct,6,31.2,Colombo,6.9271,79.8612,Open-Meteo Historical API (ERA5 reanalysis)
2017-10-07,2017,10,Oct,7,9.7,Colombo,6.9271,79.8612,Open-Meteo Historical API (ERA5 reanalysis)
2017-10-08,2017,10,Oct,8,11.8,Colombo,6.9271,79.8612,Open-Meteo Historical API (ERA5 reanalysis)
2017-10-09,2017,10,Oct,9,11.5,Colombo,6.9271,79.8612,Open-Meteo Historical API (ERA5 reanalysis)
2017-10-10,2017,10,Oct,10,20.0,Colombo,6.9271,79.8612,Open-Meteo Historical API (ERA5 reanalysis)
2017-10-11,2017,10,Oct,11,22.6,Colombo,6.9271,79.8612,Open-Meteo Historical API (ERA5 reanalysis)
2017-10-12,2017,10,Oct,12,20.2,Colombo,6.9271,79.8612,Open-Meteo Historical API (ERA5 reanalysis)
2017-10-13,2017,10,Oct,13,30.9,Colombo,6.9271,79.8612,Open-Meteo Historical API (ERA5 reanalysis)
2017-10-14,2017,10,Oct,14,45.1,Colombo,6.9271,79.8612,Open-Meteo Historical API (ERA5 reanalysis)
2017-10-15,2017,10,Oct,15,12.7,Colombo,6.9271,79.8612,Open-Meteo Historical API (ERA5 reanalysis)
2017-10-16,2017,10,Oct,16,2.5,Colombo,6.9271,79.8612,Open-Meteo Historical API (ERA5 reanalysis)
2017-10-17,2017,10,Oct,17,1.4,Colombo,6.9271,79.8612,Open-Meteo Historical API (ERA5 reanalysis)
2017-10-18,2017,10,Oct,18,6.1,Colombo,6.9271,79.8612,Open-Meteo Historical API (ERA5 reanalysis)
2017-10-19,2017,10,Oct,19,21.6,Colombo,6.9271,79.8612,Open-Meteo Historical API (ERA5 reanalysis)
2017-10-20,2017,10,Oct,20,19.3,Colombo,6.9271,79.8612,Open-Meteo Historical API (ERA5 reanalysis)
2017-10-21,2017,10,Oct,21,6.2,Colombo,6.9271,79.8612,Open-Meteo Historical API (ERA5 reanalysis)
2017-10-22,2017,10,Oct,22,8.8,Colombo,6.9271,79.8612,Open-Meteo Historical API (ERA5 reanalysis)
2017-10-23,2017,10,Oct,23,4.7,Colombo,6.9271,79.8612,Open-Meteo Historical API (ERA5 reanalysis)
2017-10-24,2017,10,Oct,24,5.0,Colombo,6.9271,79.8612,Open-Meteo Historical API (ERA5 reanalysis)
2017-10-25,2017,10,Oct,25,2.2,Colombo,6.9271,79.8612,Open-Meteo Historical API (ERA5 reanalysis)
2017-10-26,2017,10,Oct,26,5.9,Colombo,6.9271,79.8612,Open-Meteo Historical API (ERA5 reanalysis)
2017-10-27,2017,10,Oct,27,1.4,Colombo,6.9271,79.8612,Open-Meteo Historical API (ERA5 reanalysis)
2017-10-28,2017,10,Oct,28,2.2,Colombo,6.9271,79.8612,Open-Meteo Historical API (ERA5 reanalysis)
2017-10-29,2017,10,Oct,29,12.3,Colombo,6.9271,79.8612,Open-Meteo Historical API (ERA5 reanalysis)
2017-10-30,2017,10,Oct,30,19.4,Colombo,6.9271,79.8612,Open-Meteo Historical API (ERA5 reanalysis)
2017-10-31,2017,10,Oct,31,27.8,Colombo,6.9271,79.8612,Open-Meteo Historical API (ERA5 reanalysis)
2017-11-01,2017,11,Nov,1,20.2,Colombo,6.9271,79.8612,Open-Meteo Historical API (ERA5 reanalysis)
2017-11-02,2017,11,Nov,2,14.6,Colombo,6.9271,79.8612,Open-Meteo Historical API (ERA5 reanalysis)
2017-11-03,2017,11,Nov,3,7.5,Colombo,6.9271,79.8612,Open-Meteo Historical API (ERA5 reanalysis)
2017-11-04,2017,11,Nov,4,33.0,Colombo,6.9271,79.8612,Open-Meteo Historical API (ERA5 reanalysis)
2017-11-05,2017,11,Nov,5,15.8,Colombo,6.9271,79.8612,Open-Meteo Historical API (ERA5 reanalysis)
2017-11-06,2017,11,Nov,6,15.8,Colombo,6.9271,79.8612,Open-Meteo Historical API (ERA5 reanalysis)
2017-11-07,2017,11,Nov,7,9.6,Colombo,6.9271,79.8612,Open-Meteo Historical API (ERA5 reanalysis)
2017-11-08,2017,11,Nov,8,69.7,Colombo,6.9271,79.8612,Open-Meteo Historical API (ERA5 reanalysis)
2017-11-09,2017,11,Nov,9,15.7,Colombo,6.9271,79.8612,Open-Meteo Historical API (ERA5 reanalysis)
2017-11-10,2017,11,Nov,10,7.6,Colombo,6.9271,79.8612,Open-Meteo Historical API (ERA5 reanalysis)
2017-11-11,2017,11,Nov,11,7.0,Colombo,6.9271,79.8612,Open-Meteo Historical API (ERA5 reanalysis)
2017-11-12,2017,11,Nov,12,0.0,Colombo,6.9271,79.8612,Open-Meteo Historical API (ERA5 reanalysis)
2017-11-13,2017,11,Nov,13,6.6,Colombo,6.9271,79.8612,Open-Meteo Historical API (ERA5 reanalysis)
2017-11-14,2017,11,Nov,14,3.9,Colombo,6.9271,79.8612,Open-Meteo Historical API (ERA5 reanalysis)
2017-11-15,2017,11,Nov,15,0.2,Colombo,6.9271,79.8612,Open-Meteo Historical API (ERA5 reanalysis)
2017-11-16,2017,11,Nov,16,0.0,Colombo,6.9271,79.8612,Open-Meteo Historical API (ERA5 reanalysis)
2017-11-17,2017,11,Nov,17,0.1,Colombo,6.9271,79.8612,Open-Meteo Historical API (ERA5 reanalysis)
2017-11-18,2017,11,Nov,18,2.6,Colombo,6.9271,79.8612,Open-Meteo Historical API (ERA5 reanalysis)
2017-11-19,2017,11,Nov,19,6.8,Colombo,6.9271,79.8612,Open-Meteo Historical API (ERA5 reanalysis)
2017-11-20,2017,11,Nov,20,68.5,Colombo,6.9271,79.8612,Open-Meteo Historical API (ERA5 reanalysis)
2017-11-21,2017,11,Nov,21,7.3,Colombo,6.9271,79.8612,Open-Meteo Historical API (ERA5 reanalysis)
2017-11-22,2017,11,Nov,22,6.0,Colombo,6.9271,79.8612,Open-Meteo Historical API (ERA5 reanalysis)
2017-11-23,2017,11,Nov,23,17.5,Colombo,6.9271,79.8612,Open-Meteo Historical API (ERA5 reanalysis)
2017-11-24,2017,11,Nov,24,0.2,Colombo,6.9271,79.8612,Open-Meteo Historical API (ERA5 reanalysis)
2017-11-25,2017,11,Nov,25,17.6,Colombo,6.9271,79.8612,Open-Meteo Historical API (ERA5 reanalysis)
2017-11-26,2017,11,Nov,26,14.9,Colombo,6.9271,79.8612,Open-Meteo Historical API (ERA5 reanalysis)
2017-11-27,2017,11,Nov,27,50.6,Colombo,6.9271,79.8612,Open-Meteo Historical API (ERA5 reanalysis)
2017-11-28,2017,11,Nov,28,0.8,Colombo,6.9271,79.8612,Open-Meteo Historical API (ERA5 reanalysis)
2017-11-29,2017,11,Nov,29,33.0,Colombo,6.9271,79.8612,Open-Meteo Historical API (ERA5 reanalysis)
2017-11-30,2017,11,Nov,30,63.3,Colombo,6.9271,79.8612,Open-Meteo Historical API (ERA5 reanalysis)
2017-12-01,2017,12,Dec,1,69.9,Colombo,6.9271,79.8612,Open-Meteo Historical API (ERA5 reanalysis)
2017-12-02,2017,12,Dec,2,15.9,Colombo,6.9271,79.8612,Open-Meteo Historical API (ERA5 reanalysis)
2017-12-03,2017,12,Dec,3,6.6,Colombo,6.9271,79.8612,Open-Meteo Historical API (ERA5 reanalysis)
2017-12-04,2017,12,Dec,4,0.9,Colombo,6.9271,79.8612,Open-Meteo Historical API (ERA5 reanalysis)
2017-12-05,2017,12,Dec,5,0.1,Colombo,6.9271,79.8612,Open-Meteo Historical API (ERA5 reanalysis)
2017-12-06,2017,12,Dec,6,1.9,Colombo,6.9271,79.8612,Open-Meteo Historical API (ERA5 reanalysis)
2017-12-07,2017,12,Dec,7,1.2,Colombo,6.9271,79.8612,Open-Meteo Historical API (ERA5 reanalysis)
2017-12-08,2017,12,Dec,8,0.0,Colombo,6.9271,79.8612,Open-Meteo Historical API (ERA5 reanalysis)
2017-12-09,2017,12,Dec,9,0.0,Colombo,6.9271,79.8612,Open-Meteo Historical API (ERA5 reanalysis)
2017-12-10,2017,12,Dec,10,0.4,Colombo,6.9271,79.8612,Open-Meteo Historical API (ERA5 reanalysis)
2017-12-11,2017,12,Dec,11,1.1,Colombo,6.9271,79.8612,Open-Meteo Historical API (ERA5 reanalysis)
2017-12-12,2017,12,Dec,12,4.2,Colombo,6.9271,79.8612,Open-Meteo Historical API (ERA5 reanalysis)
2017-12-13,2017,12,Dec,13,8.7,Colombo,6.9271,79.8612,Open-Meteo Historical API (ERA5 reanalysis)
2017-12-14,2017,12,Dec,14,9.5,Colombo,6.9271,79.8612,Open-Meteo Historical API (ERA5 reanalysis)
2017-12-15,2017,12,Dec,15,3.7,Colombo,6.9271,79.8612,Open-Meteo Historical API (ERA5 reanalysis)
2017-12-16,2017,12,Dec,16,0.4,Colombo,6.9271,79.8612,Open-Meteo Historical API (ERA5 reanalysis)
2017-12-17,2017,12,Dec,17,0.2,Colombo,6.9271,79.8612,Open-Meteo Historical API (ERA5 reanalysis)
2017-12-18,2017,12,Dec,18,0.0,Colombo,6.9271,79.8612,Open-Meteo Historical API (ERA5 reanalysis)
2017-12-19,2017,12,Dec,19,0.4,Colombo,6.9271,79.8612,Open-Meteo Historical API (ERA5 reanalysis)
2017-12-20,2017,12,Dec,20,22.1,Colombo,6.9271,79.8612,Open-Meteo Historical API (ERA5 reanalysis)
2017-12-21,2017,12,Dec,21,6.1,Colombo,6.9271,79.8612,Open-Meteo Historical API (ERA5 reanalysis)
2017-12-22,2017,12,Dec,22,0.0,Colombo,6.9271,79.8612,Open-Meteo Historical API (ERA5 reanalysis)
2017-12-23,2017,12,Dec,23,0.0,Colombo,6.9271,79.8612,Open-Meteo Historical API (ERA5 reanalysis)
2017-12-24,2017,12,Dec,24,0.9,Colombo,6.9271,79.8612,Open-Meteo Historical API (ERA5 reanalysis)
2017-12-25,2017,12,Dec,25,0.8,Colombo,6.9271,79.8612,Open-Meteo Historical API (ERA5 reanalysis)
2017-12-26,2017,12,Dec,26,0.6,Colombo,6.9271,79.8612,Open-Meteo Historical API (ERA5 reanalysis)
2017-12-27,2017,12,Dec,27,2.5,Colombo,6.9271,79.8612,Open-Meteo Historical API (ERA5 reanalysis)
2017-12-28,2017,12,Dec,28,0.0,Colombo,6.9271,79.8612,Open-Meteo Historical API (ERA5 reanalysis)
2017-12-29,2017,12,Dec,29,0.0,Colombo,6.9271,79.8612,Open-Meteo Historical API (ERA5 reanalysis)
2017-12-30,2017,12,Dec,30,0.0,Colombo,6.9271,79.8612,Open-Meteo Historical API (ERA5 reanalysis)
2017-12-31,2017,12,Dec,31,0.0,Colombo,6.9271,79.8612,Open-Meteo Historical API (ERA5 reanalysis)
2018-01-01,2018,1,Jan,1,0.3,Colombo,6.9271,79.8612,Open-Meteo Historical API (ERA5 reanalysis)
2018-01-02,2018,1,Jan,2,0.4,Colombo,6.9271,79.8612,Open-Meteo Historical API (ERA5 reanalysis)
2018-01-03,2018,1,Jan,3,1.5,Colombo,6.9271,79.8612,Open-Meteo Historical API (ERA5 reanalysis)
2018-01-04,2018,1,Jan,4,0.0,Colombo,6.9271,79.8612,Open-Meteo Historical API (ERA5 reanalysis)
2018-01-05,2018,1,Jan,5,0.0,Colombo,6.9271,79.8612,Open-Meteo Historical API (ERA5 reanalysis)
2018-01-06,2018,1,Jan,6,0.0,Colombo,6.9271,79.8612,Open-Meteo Historical API (ERA5 reanalysis)
2018-01-07,2018,1,Jan,7,0.0,Colombo,6.9271,79.8612,Open-Meteo Historical API (ERA5 reanalysis)
2018-01-08,2018,1,Jan,8,0.0,Colombo,6.9271,79.8612,Open-Meteo Historical API (ERA5 reanalysis)
2018-01-09,2018,1,Jan,9,0.0,Colombo,6.9271,79.8612,Open-Meteo Historical API (ERA5 reanalysis)
2018-01-10,2018,1,Jan,10,4.1,Colombo,6.9271,79.8612,Open-Meteo Historical API (ERA5 reanalysis)
2018-01-11,2018,1,Jan,11,5.4,Colombo,6.9271,79.8612,Open-Meteo Historical API (ERA5 reanalysis)
2018-01-12,2018,1,Jan,12,1.6,Colombo,6.9271,79.8612,Open-Meteo Historical API (ERA5 reanalysis)
2018-01-13,2018,1,Jan,13,1.7,Colombo,6.9271,79.8612,Open-Meteo Historical API (ERA5 reanalysis)
2018-01-14,2018,1,Jan,14,2.8,Colombo,6.9271,79.8612,Open-Meteo Historical API (ERA5 reanalysis)
2018-01-15,2018,1,Jan,15,0.0,Colombo,6.9271,79.8612,Open-Meteo Historical API (ERA5 reanalysis)
2018-01-16,2018,1,Jan,16,0.0,Colombo,6.9271,79.8612,Open-Meteo Historical API (ERA5 reanalysis)
2018-01-17,2018,1,Jan,17,0.0,Colombo,6.9271,79.8612,Open-Meteo Historical API (ERA5 reanalysis)
2018-01-18,2018,1,Jan,18,0.0,Colombo,6.9271,79.8612,Open-Meteo Historical API (ERA5 reanalysis)
2018-01-19,2018,1,Jan,19,0.0,Colombo,6.9271,79.8612,Open-Meteo Historical API (ERA5 reanalysis)
2018-01-20,2018,1,Jan,20,0.0,Colombo,6.9271,79.8612,Open-Meteo Historical API (ERA5 reanalysis)
2018-01-21,2018,1,Jan,21,0.0,Colombo,6.9271,79.8612,Open-Meteo Historical API (ERA5 reanalysis)
2018-01-22,2018,1,Jan,22,0.1,Colombo,6.9271,79.8612,Open-Meteo Historical API (ERA5 reanalysis)
2018-01-23,2018,1,Jan,23,0.0,Colombo,6.9271,79.8612,Open-Meteo Historical API (ERA5 reanalysis)
2018-01-24,2018,1,Jan,24,0.3,Colombo,6.9271,79.8612,Open-Meteo Historical API (ERA5 reanalysis)
2018-01-25,2018,1,Jan,25,0.0,Colombo,6.9271,79.8612,Open-Meteo Historical API (ERA5 reanalysis)
2018-01-26,2018,1,Jan,26,0.0,Colombo,6.9271,79.8612,Open-Meteo Historical API (ERA5 reanalysis)
2018-01-27,2018,1,Jan,27,0.0,Colombo,6.9271,79.8612,Open-Meteo Historical API (ERA5 reanalysis)
2018-01-28,2018,1,Jan,28,0.0,Colombo,6.9271,79.8612,Open-Meteo Historical API (ERA5 reanalysis)
2018-01-29,2018,1,Jan,29,0.1,Colombo,6.9271,79.8612,Open-Meteo Historical API (ERA5 reanalysis)
2018-01-30,2018,1,Jan,30,2.5,Colombo,6.9271,79.8612,Open-Meteo Historical API (ERA5 reanalysis)
2018-01-31,2018,1,Jan,31,2.2,Colombo,6.9271,79.8612,Open-Meteo Historical API (ERA5 reanalysis)
2018-02-01,2018,2,Feb,1,0.1,Colombo,6.9271,79.8612,Open-Meteo Historical API (ERA5 reanalysis)
2018-02-02,2018,2,Feb,2,0.0,Colombo,6.9271,79.8612,Open-Meteo Historical API (ERA5 reanalysis)
2018-02-03,2018,2,Feb,3,0.0,Colombo,6.9271,79.8612,Open-Meteo Historical API (ERA5 reanalysis)
2018-02-04,2018,2,Feb,4,0.6,Colombo,6.9271,79.8612,Open-Meteo Historical API (ERA5 reanalysis)
2018-02-05,2018,2,Feb,5,0.0,Colombo,6.9271,79.8612,Open-Meteo Historical API (ERA5 reanalysis)
2018-02-06,2018,2,Feb,6,1.3,Colombo,6.9271,79.8612,Open-Meteo Historical API (ERA5 reanalysis)
2018-02-07,2018,2,Feb,7,3.6,Colombo,6.9271,79.8612,Open-Meteo Historical API (ERA5 reanalysis)
2018-02-08,2018,2,Feb,8,2.0,Colombo,6.9271,79.8612,Open-Meteo Historical API (ERA5 reanalysis)
2018-02-09,2018,2,Feb,9,6.2,Colombo,6.9271,79.8612,Open-Meteo Historical API (ERA5 reanalysis)
2018-02-10,2018,2,Feb,10,0.9,Colombo,6.9271,79.8612,Open-Meteo Historical API (ERA5 reanalysis)
2018-02-11,2018,2,Feb,11,0.1,Colombo,6.9271,79.8612,Open-Meteo Historical API (ERA5 reanalysis)
2018-02-12,2018,2,Feb,12,3.3,Colombo,6.9271,79.8612,Open-Meteo Historical API (ERA5 reanalysis)
2018-02-13,2018,2,Feb,13,0.1,Colombo,6.9271,79.8612,Open-Meteo Historical API (ERA5 reanalysis)
2018-02-14,2018,2,Feb,14,0.3,Colombo,6.9271,79.8612,Open-Meteo Historical API (ERA5 reanalysis)
2018-02-15,2018,2,Feb,15,0.8,Colombo,6.9271,79.8612,Open-Meteo Historical API (ERA5 reanalysis)
2018-02-16,2018,2,Feb,16,5.7,Colombo,6.9271,79.8612,Open-Meteo Historical API (ERA5 reanalysis)
2018-02-17,2018,2,Feb,17,0.0,Colombo,6.9271,79.8612,Open-Meteo Historical API (ERA5 reanalysis)
2018-02-18,2018,2,Feb,18,0.0,Colombo,6.9271,79.8612,Open-Meteo Historical API (ERA5 reanalysis)
2018-02-19,2018,2,Feb,19,0.0,Colombo,6.9271,79.8612,Open-Meteo Historical API (ERA5 reanalysis)
2018-02-20,2018,2,Feb,20,0.0,Colombo,6.9271,79.8612,Open-Meteo Historical API (ERA5 reanalysis)
2018-02-21,2018,2,Feb,21,0.0,Colombo,6.9271,79.8612,Open-Meteo Historical API (ERA5 reanalysis)
2018-02-22,2018,2,Feb,22,0.0,Colombo,6.9271,79.8612,Open-Meteo Historical API (ERA5 reanalysis)
2018-02-23,2018,2,Feb,23,0.1,Colombo,6.9271,79.8612,Open-Meteo Historical API (ERA5 reanalysis)
2018-02-24,2018,2,Feb,24,0.5,Colombo,6.9271,79.8612,Open-Meteo Historical API (ERA5 reanalysis)
2018-02-25,2018,2,Feb,25,12.6,Colombo,6.9271,79.8612,Open-Meteo Historical API (ERA5 reanalysis)
2018-02-26,2018,2,Feb,26,6.8,Colombo,6.9271,79.8612,Open-Meteo Historical API (ERA5 reanalysis)
2018-02-27,2018,2,Feb,27,8.7,Colombo,6.9271,79.8612,Open-Meteo Historical API (ERA5 reanalysis)
2018-02-28,2018,2,Feb,28,8.7,Colombo,6.9271,79.8612,Open-Meteo Historical API (ERA5 reanalysis)
2018-03-01,2018,3,Mar,1,1.7,Colombo,6.9271,79.8612,Open-Meteo Historical API (ERA5 reanalysis)
2018-03-02,2018,3,Mar,2,7.0,Colombo,6.9271,79.8612,Open-Meteo Historical API (ERA5 reanalysis)
2018-03-03,2018,3,Mar,3,9.1,Colombo,6.9271,79.8612,Open-Meteo Historical API (ERA5 reanalysis)
2018-03-04,2018,3,Mar,4,4.9,Colombo,6.9271,79.8612,Open-Meteo Historical API (ERA5 reanalysis)
2018-03-05,2018,3,Mar,5,2.0,Colombo,6.9271,79.8612,Open-Meteo Historical API (ERA5 reanalysis)
2018-03-06,2018,3,Mar,6,4.0,Colombo,6.9271,79.8612,Open-Meteo Historical API (ERA5 reanalysis)
2018-03-07,2018,3,Mar,7,0.2,Colombo,6.9271,79.8612,Open-Meteo Historical API (ERA5 reanalysis)
2018-03-08,2018,3,Mar,8,0.4,Colombo,6.9271,79.8612,Open-Meteo Historical API (ERA5 reanalysis)
2018-03-09,2018,3,Mar,9,12.9,Colombo,6.9271,79.8612,Open-Meteo Historical API (ERA5 reanalysis)
2018-03-10,2018,3,Mar,10,8.1,Colombo,6.9271,79.8612,Open-Meteo Historical API (ERA5 reanalysis)
2018-03-11,2018,3,Mar,11,3.7,Colombo,6.9271,79.8612,Open-Meteo Historical API (ERA5 reanalysis)
2018-03-12,2018,3,Mar,12,8.2,Colombo,6.9271,79.8612,Open-Meteo Historical API (ERA5 reanalysis)
2018-03-13,2018,3,Mar,13,2.4,Colombo,6.9271,79.8612,Open-Meteo Historical API (ERA5 reanalysis)
2018-03-14,2018,3,Mar,14,1.6,Colombo,6.9271,79.8612,Open-Meteo Historical API (ERA5 reanalysis)
2018-03-15,2018,3,Mar,15,1.2,Colombo,6.9271,79.8612,Open-Meteo Historical API (ERA5 reanalysis)
2018-03-16,2018,3,Mar,16,0.9,Colombo,6.9271,79.8612,Open-Meteo Historical API (ERA5 reanalysis)
2018-03-17,2018,3,Mar,17,10.7,Colombo,6.9271,79.8612,Open-Meteo Historical API (ERA5 reanalysis)
2018-03-18,2018,3,Mar,18,3.2,Colombo,6.9271,79.8612,Open-Meteo Historical API (ERA5 reanalysis)
2018-03-19,2018,3,Mar,19,0.7,Colombo,6.9271,79.8612,Open-Meteo Historical API (ERA5 reanalysis)
2018-03-20,2018,3,Mar,20,0.3,Colombo,6.9271,79.8612,Open-Meteo Historical API (ERA5 reanalysis)
2018-03-21,2018,3,Mar,21,1.5,Colombo,6.9271,79.8612,Open-Meteo Historical API (ERA5 reanalysis)
2018-03-22,2018,3,Mar,22,1.2,Colombo,6.9271,79.8612,Open-Meteo Historical API (ERA5 reanalysis)
2018-03-23,2018,3,Mar,23,5.7,Colombo,6.9271,79.8612,Open-Meteo Historical API (ERA5 reanalysis)
2018-03-24,2018,3,Mar,24,0.4,Colombo,6.9271,79.8612,Open-Meteo Historical API (ERA5 reanalysis)
2018-03-25,2018,3,Mar,25,0.1,Colombo,6.9271,79.8612,Open-Meteo Historical API (ERA5 reanalysis)
2018-03-26,2018,3,Mar,26,20.5,Colombo,6.9271,79.8612,Open-Meteo Historical API (ERA5 reanalysis)
2018-03-27,2018,3,Mar,27,6.5,Colombo,6.9271,79.8612,Open-Meteo Historical API (ERA5 reanalysis)
2018-03-28,2018,3,Mar,28,2.6,Colombo,6.9271,79.8612,Open-Meteo Historical API (ERA5 reanalysis)
2018-03-29,2018,3,Mar,29,1.5,Colombo,6.9271,79.8612,Open-Meteo Historical API (ERA5 reanalysis)
2018-03-30,2018,3,Mar,30,0.8,Colombo,6.9271,79.8612,Open-Meteo Historical API (ERA5 reanalysis)
2018-03-31,2018,3,Mar,31,3.0,Colombo,6.9271,79.8612,Open-Meteo Historical API (ERA5 reanalysis)
2018-04-01,2018,4,Apr,1,5.6,Colombo,6.9271,79.8612,Open-Meteo Historical API (ERA5 reanalysis)
2018-04-02,2018,4,Apr,2,1.4,Colombo,6.9271,79.8612,Open-Meteo Historical API (ERA5 reanalysis)
2018-04-03,2018,4,Apr,3,0.9,Colombo,6.9271,79.8612,Open-Meteo Historical API (ERA5 reanalysis)
2018-04-04,2018,4,Apr,4,0.7,Colombo,6.9271,79.8612,Open-Meteo Historical API (ERA5 reanalysis)
2018-04-05,2018,4,Apr,5,3.1,Colombo,6.9271,79.8612,Open-Meteo Historical API (ERA5 reanalysis)
2018-04-06,2018,4,Apr,6,11.7,Colombo,6.9271,79.8612,Open-Meteo Historical API (ERA5 reanalysis)
2018-04-07,2018,4,Apr,7,1.8,Colombo,6.9271,79.8612,Open-Meteo Historical API (ERA5 reanalysis)
2018-04-08,2018,4,Apr,8,6.0,Colombo,6.9271,79.8612,Open-Meteo Historical API (ERA5 reanalysis)
2018-04-09,2018,4,Apr,9,3.1,Colombo,6.9271,79.8612,Open-Meteo Historical API (ERA5 reanalysis)
2018-04-10,2018,4,Apr,10,1.9,Colombo,6.9271,79.8612,Open-Meteo Historical API (ERA5 reanalysis)
2018-04-11,2018,4,Apr,11,10.9,Colombo,6.9271,79.8612,Open-Meteo Historical API (ERA5 reanalysis)
2018-04-12,2018,4,Apr,12,21.9,Colombo,6.9271,79.8612,Open-Meteo Historical API (ERA5 reanalysis)
2018-04-13,2018,4,Apr,13,15.2,Colombo,6.9271,79.8612,Open-Meteo Historical API (ERA5 reanalysis)
2018-04-14,2018,4,Apr,14,18.0,Colombo,6.9271,79.8612,Open-Meteo Historical API (ERA5 reanalysis)
2018-04-15,2018,4,Apr,15,6.2,Colombo,6.9271,79.8612,Open-Meteo Historical API (ERA5 reanalysis)
2018-04-16,2018,4,Apr,16,1.6,Colombo,6.9271,79.8612,Open-Meteo Historical API (ERA5 reanalysis)
2018-04-17,2018,4,Apr,17,4.8,Colombo,6.9271,79.8612,Open-Meteo Historical API (ERA5 reanalysis)
2018-04-18,2018,4,Apr,18,13.5,Colombo,6.9271,79.8612,Open-Meteo Historical API (ERA5 reanalysis)
2018-04-19,2018,4,Apr,19,0.5,Colombo,6.9271,79.8612,Open-Meteo Historical API (ERA5 reanalysis)
2018-04-20,2018,4,Apr,20,3.0,Colombo,6.9271,79.8612,Open-Meteo Historical API (ERA5 reanalysis)
2018-04-21,2018,4,Apr,21,2.4,Colombo,6.9271,79.8612,Open-Meteo Historical API (ERA5 reanalysis)
2018-04-22,2018,4,Apr,22,1.3,Colombo,6.9271,79.8612,Open-Meteo Historical API (ERA5 reanalysis)
2018-04-23,2018,4,Apr,23,2.2,Colombo,6.9271,79.8612,Open-Meteo Historical API (ERA5 reanalysis)
2018-04-24,2018,4,Apr,24,3.5,Colombo,6.9271,79.8612,Open-Meteo Historical API (ERA5 reanalysis)
2018-04-25,2018,4,Apr,25,1.6,Colombo,6.9271,79.8612,Open-Meteo Historical API (ERA5 reanalysis)
2018-04-26,2018,4,Apr,26,8.4,Colombo,6.9271,79.8612,Open-Meteo Historical API (ERA5 reanalysis)
2018-04-27,2018,4,Apr,27,2.8,Colombo,6.9271,79.8612,Open-Meteo Historical API (ERA5 reanalysis)
2018-04-28,2018,4,Apr,28,6.0,Colombo,6.9271,79.8612,Open-Meteo Historical API (ERA5 reanalysis)
2018-04-29,2018,4,Apr,29,2.3,Colombo,6.9271,79.8612,Open-Meteo Historical API (ERA5 reanalysis)
2018-04-30,2018,4,Apr,30,2.0,Colombo,6.9271,79.8612,Open-Meteo Historical API (ERA5 reanalysis)
2018-05-01,2018,5,May,1,5.4,Colombo,6.9271,79.8612,Open-Meteo Historical API (ERA5 reanalysis)
2018-05-02,2018,5,May,2,5.3,Colombo,6.9271,79.8612,Open-Meteo Historical API (ERA5 reanalysis)
2018-05-03,2018,5,May,3,1.8,Colombo,6.9271,79.8612,Open-Meteo Historical API (ERA5 reanalysis)
2018-05-04,2018,5,May,4,1.4,Colombo,6.9271,79.8612,Open-Meteo Historical API (ERA5 reanalysis)
2018-05-05,2018,5,May,5,8.6,Colombo,6.9271,79.8612,Open-Meteo Historical API (ERA5 reanalysis)
2018-05-06,2018,5,May,6,5.9,Colombo,6.9271,79.8612,Open-Meteo Historical API (ERA5 reanalysis)
2018-05-07,2018,5,May,7,2.7,Colombo,6.9271,79.8612,Open-Meteo Historical API (ERA5 reanalysis)
2018-05-08,2018,5,May,8,14.3,Colombo,6.9271,79.8612,Open-Meteo Historical API (ERA5 reanalysis)
2018-05-09,2018,5,May,9,25.1,Colombo,6.9271,79.8612,Open-Meteo Historical API (ERA5 reanalysis)
2018-05-10,2018,5,May,10,22.2,Colombo,6.9271,79.8612,Open-Meteo Historical API (ERA5 reanalysis)
2018-05-11,2018,5,May,11,14.2,Colombo,6.9271,79.8612,Open-Meteo Historical API (ERA5 reanalysis)
2018-05-12,2018,5,May,12,21.8,Colombo,6.9271,79.8612,Open-Meteo Historical API (ERA5 reanalysis)
2018-05-13,2018,5,May,13,14.6,Colombo,6.9271,79.8612,Open-Meteo Historical API (ERA5 reanalysis)
2018-05-14,2018,5,May,14,29.4,Colombo,6.9271,79.8612,Open-Meteo Historical API (ERA5 reanalysis)
2018-05-15,2018,5,May,15,4.5,Colombo,6.9271,79.8612,Open-Meteo Historical API (ERA5 reanalysis)
2018-05-16,2018,5,May,16,20.8,Colombo,6.9271,79.8612,Open-Meteo Historical API (ERA5 reanalysis)
2018-05-17,2018,5,May,17,21.8,Colombo,6.9271,79.8612,Open-Meteo Historical API (ERA5 reanalysis)
2018-05-18,2018,5,May,18,22.0,Colombo,6.9271,79.8612,Open-Meteo Historical API (ERA5 reanalysis)
2018-05-19,2018,5,May,19,4.9,Colombo,6.9271,79.8612,Open-Meteo Historical API (ERA5 reanalysis)
2018-05-20,2018,5,May,20,21.0,Colombo,6.9271,79.8612,Open-Meteo Historical API (ERA5 reanalysis)
2018-05-21,2018,5,May,21,37.8,Colombo,6.9271,79.8612,Open-Meteo Historical API (ERA5 reanalysis)
2018-05-22,2018,5,May,22,17.4,Colombo,6.9271,79.8612,Open-Meteo Historical API (ERA5 reanalysis)
2018-05-23,2018,5,May,23,19.8,Colombo,6.9271,79.8612,Open-Meteo Historical API (ERA5 reanalysis)
2018-05-24,2018,5,May,24,35.6,Colombo,6.9271,79.8612,Open-Meteo Historical API (ERA5 reanalysis)
2018-05-25,2018,5,May,25,29.2,Colombo,6.9271,79.8612,Open-Meteo Historical API (ERA5 reanalysis)
2018-05-26,2018,5,May,26,28.6,Colombo,6.9271,79.8612,Open-Meteo Historical API (ERA5 reanalysis)
2018-05-27,2018,5,May,27,27.2,Colombo,6.9271,79.8612,Open-Meteo Historical API (ERA5 reanalysis)
2018-05-28,2018,5,May,28,16.1,Colombo,6.9271,79.8612,Open-Meteo Historical API (ERA5 reanalysis)
2018-05-29,2018,5,May,29,4.6,Colombo,6.9271,79.8612,Open-Meteo Historical API (ERA5 reanalysis)
2018-05-30,2018,5,May,30,7.8,Colombo,6.9271,79.8612,Open-Meteo Historical API (ERA5 reanalysis)
2018-05-31,2018,5,May,31,3.4,Colombo,6.9271,79.8612,Open-Meteo Historical API (ERA5 reanalysis)
2018-06-01,2018,6,Jun,1,35.0,Colombo,6.9271,79.8612,Open-Meteo Historical API (ERA5 reanalysis)
2018-06-02,2018,6,Jun,2,23.7,Colombo,6.9271,79.8612,Open-Meteo Historical API (ERA5 reanalysis)
2018-06-03,2018,6,Jun,3,31.8,Colombo,6.9271,79.8612,Open-Meteo Historical API (ERA5 reanalysis)
2018-06-04,2018,6,Jun,4,25.3,Colombo,6.9271,79.8612,Open-Meteo Historical API (ERA5 reanalysis)
2018-06-05,2018,6,Jun,5,22.0,Colombo,6.9271,79.8612,Open-Meteo Historical API (ERA5 reanalysis)
2018-06-06,2018,6,Jun,6,25.8,Colombo,6.9271,79.8612,Open-Meteo Historical API (ERA5 reanalysis)
2018-06-07,2018,6,Jun,7,28.7,Colombo,6.9271,79.8612,Open-Meteo Historical API (ERA5 reanalysis)
2018-06-08,2018,6,Jun,8,8.7,Colombo,6.9271,79.8612,Open-Meteo Historical API (ERA5 reanalysis)
2018-06-09,2018,6,Jun,9,6.0,Colombo,6.9271,79.8612,Open-Meteo Historical API (ERA5 reanalysis)
2018-06-10,2018,6,Jun,10,3.9,Colombo,6.9271,79.8612,Open-Meteo Historical API (ERA5 reanalysis)
2018-06-11,2018,6,Jun,11,7.3,Colombo,6.9271,79.8612,Open-Meteo Historical API (ERA5 reanalysis)
2018-06-12,2018,6,Jun,12,3.4,Colombo,6.9271,79.8612,Open-Meteo Historical API (ERA5 reanalysis)
2018-06-13,2018,6,Jun,13,4.7,Colombo,6.9271,79.8612,Open-Meteo Historical API (ERA5 reanalysis)
2018-06-14,2018,6,Jun,14,19.0,Colombo,6.9271,79.8612,Open-Meteo Historical API (ERA5 reanalysis)
2018-06-15,2018,6,Jun,15,14.1,Colombo,6.9271,79.8612,Open-Meteo Historical API (ERA5 reanalysis)
2018-06-16,2018,6,Jun,16,26.7,Colombo,6.9271,79.8612,Open-Meteo Historical API (ERA5 reanalysis)
2018-06-17,2018,6,Jun,17,8.6,Colombo,6.9271,79.8612,Open-Meteo Historical API (ERA5 reanalysis)
2018-06-18,2018,6,Jun,18,7.3,Colombo,6.9271,79.8612,Open-Meteo Historical API (ERA5 reanalysis)
2018-06-19,2018,6,Jun,19,2.4,Colombo,6.9271,79.8612,Open-Meteo Historical API (ERA5 reanalysis)
2018-06-20,2018,6,Jun,20,3.5,Colombo,6.9271,79.8612,Open-Meteo Historical API (ERA5 reanalysis)
2018-06-21,2018,6,Jun,21,17.3,Colombo,6.9271,79.8612,Open-Meteo Historical API (ERA5 reanalysis)
2018-06-22,2018,6,Jun,22,13.8,Colombo,6.9271,79.8612,Open-Meteo Historical API (ERA5 reanalysis)
2018-06-23,2018,6,Jun,23,3.9,Colombo,6.9271,79.8612,Open-Meteo Historical API (ERA5 reanalysis)
2018-06-24,2018,6,Jun,24,5.8,Colombo,6.9271,79.8612,Open-Meteo Historical API (ERA5 reanalysis)
2018-06-25,2018,6,Jun,25,8.9,Colombo,6.9271,79.8612,Open-Meteo Historical API (ERA5 reanalysis)
2018-06-26,2018,6,Jun,26,19.5,Colombo,6.9271,79.8612,Open-Meteo Historical API (ERA5 reanalysis)
2018-06-27,2018,6,Jun,27,13.4,Colombo,6.9271,79.8612,Open-Meteo Historical API (ERA5 reanalysis)
2018-06-28,2018,6,Jun,28,8.7,Colombo,6.9271,79.8612,Open-Meteo Historical API (ERA5 reanalysis)
2018-06-29,2018,6,Jun,29,10.4,Colombo,6.9271,79.8612,Open-Meteo Historical API (ERA5 reanalysis)
2018-06-30,2018,6,Jun,30,13.4,Colombo,6.9271,79.8612,Open-Meteo Historical API (ERA5 reanalysis)
2018-07-01,2018,7,Jul,1,7.2,Colombo,6.9271,79.8612,Open-Meteo Historical API (ERA5 reanalysis)
2018-07-02,2018,7,Jul,2,12.0,Colombo,6.9271,79.8612,Open-Meteo Historical API (ERA5 reanalysis)
2018-07-03,2018,7,Jul,3,2.8,Colombo,6.9271,79.8612,Open-Meteo Historical API (ERA5 reanalysis)
2018-07-04,2018,7,Jul,4,4.1,Colombo,6.9271,79.8612,Open-Meteo Historical API (ERA5 reanalysis)
2018-07-05,2018,7,Jul,5,5.7,Colombo,6.9271,79.8612,Open-Meteo Historical API (ERA5 reanalysis)
2018-07-06,2018,7,Jul,6,4.0,Colombo,6.9271,79.8612,Open-Meteo Historical API (ERA5 reanalysis)
2018-07-07,2018,7,Jul,7,1.7,Colombo,6.9271,79.8612,Open-Meteo Historical API (ERA5 reanalysis)
2018-07-08,2018,7,Jul,8,4.1,Colombo,6.9271,79.8612,Open-Meteo Historical API (ERA5 reanalysis)
2018-07-09,2018,7,Jul,9,10.5,Colombo,6.9271,79.8612,Open-Meteo Historical API (ERA5 reanalysis)
2018-07-10,2018,7,Jul,10,9.3,Colombo,6.9271,79.8612,Open-Meteo Historical API (ERA5 reanalysis)
2018-07-11,2018,7,Jul,11,21.2,Colombo,6.9271,79.8612,Open-Meteo Historical API (ERA5 reanalysis)
2018-07-12,2018,7,Jul,12,7.4,Colombo,6.9271,79.8612,Open-Meteo Historical API (ERA5 reanalysis)
2018-07-13,2018,7,Jul,13,2.3,Colombo,6.9271,79.8612,Open-Meteo Historical API (ERA5 reanalysis)
2018-07-14,2018,7,Jul,14,3.6,Colombo,6.9271,79.8612,Open-Meteo Historical API (ERA5 reanalysis)
2018-07-15,2018,7,Jul,15,10.5,Colombo,6.9271,79.8612,Open-Meteo Historical API (ERA5 reanalysis)
2018-07-16,2018,7,Jul,16,6.0,Colombo,6.9271,79.8612,Open-Meteo Historical API (ERA5 reanalysis)
2018-07-17,2018,7,Jul,17,5.6,Colombo,6.9271,79.8612,Open-Meteo Historical API (ERA5 reanalysis)
2018-07-18,2018,7,Jul,18,0.1,Colombo,6.9271,79.8612,Open-Meteo Historical API (ERA5 reanalysis)
2018-07-19,2018,7,Jul,19,1.6,Colombo,6.9271,79.8612,Open-Meteo Historical API (ERA5 reanalysis)
2018-07-20,2018,7,Jul,20,0.5,Colombo,6.9271,79.8612,Open-Meteo Historical API (ERA5 reanalysis)
2018-07-21,2018,7,Jul,21,1.3,Colombo,6.9271,79.8612,Open-Meteo Historical API (ERA5 reanalysis)
2018-07-22,2018,7,Jul,22,0.0,Colombo,6.9271,79.8612,Open-Meteo Historical API (ERA5 reanalysis)
2018-07-23,2018,7,Jul,23,0.3,Colombo,6.9271,79.8612,Open-Meteo Historical API (ERA5 reanalysis)
2018-07-24,2018,7,Jul,24,5.2,Colombo,6.9271,79.8612,Open-Meteo Historical API (ERA5 reanalysis)
2018-07-25,2018,7,Jul,25,5.7,Colombo,6.9271,79.8612,Open-Meteo Historical API (ERA5 reanalysis)
2018-07-26,2018,7,Jul,26,3.2,Colombo,6.9271,79.8612,Open-Meteo Historical API (ERA5 reanalysis)
2018-07-27,2018,7,Jul,27,2.7,Colombo,6.9271,79.8612,Open-Meteo Historical API (ERA5 reanalysis)
2018-07-28,2018,7,Jul,28,3.1,Colombo,6.9271,79.8612,Open-Meteo Historical API (ERA5 reanalysis)
2018-07-29,2018,7,Jul,29,4.3,Colombo,6.9271,79.8612,Open-Meteo Historical API (ERA5 reanalysis)
2018-07-30,2018,7,Jul,30,11.3,Colombo,6.9271,79.8612,Open-Meteo Historical API (ERA5 reanalysis)
2018-07-31,2018,7,Jul,31,10.2,Colombo,6.9271,79.8612,Open-Meteo Historical API (ERA5 reanalysis)
2018-08-01,2018,8,Aug,1,8.3,Colombo,6.9271,79.8612,Open-Meteo Historical API (ERA5 reanalysis)
2018-08-02,2018,8,Aug,2,11.9,Colombo,6.9271,79.8612,Open-Meteo Historical API (ERA5 reanalysis)
2018-08-03,2018,8,Aug,3,3.1,Colombo,6.9271,79.8612,Open-Meteo Historical API (ERA5 reanalysis)
2018-08-04,2018,8,Aug,4,2.1,Colombo,6.9271,79.8612,Open-Meteo Historical API (ERA5 reanalysis)
2018-08-05,2018,8,Aug,5,3.3,Colombo,6.9271,79.8612,Open-Meteo Historical API (ERA5 reanalysis)
2018-08-06,2018,8,Aug,6,3.6,Colombo,6.9271,79.8612,Open-Meteo Historical API (ERA5 reanalysis)
2018-08-07,2018,8,Aug,7,1.9,Colombo,6.9271,79.8612,Open-Meteo Historical API (ERA5 reanalysis)
2018-08-08,2018,8,Aug,8,6.7,Colombo,6.9271,79.8612,Open-Meteo Historical API (ERA5 reanalysis)
2018-08-09,2018,8,Aug,9,9.0,Colombo,6.9271,79.8612,Open-Meteo Historical API (ERA5 reanalysis)
2018-08-10,2018,8,Aug,10,2.4,Colombo,6.9271,79.8612,Open-Meteo Historical API (ERA5 reanalysis)
2018-08-11,2018,8,Aug,11,0.3,Colombo,6.9271,79.8612,Open-Meteo Historical API (ERA5 reanalysis)
2018-08-12,2018,8,Aug,12,0.3,Colombo,6.9271,79.8612,Open-Meteo Historical API (ERA5 reanalysis)
2018-08-13,2018,8,Aug,13,4.5,Colombo,6.9271,79.8612,Open-Meteo Historical API (ERA5 reanalysis)
2018-08-14,2018,8,Aug,14,11.5,Colombo,6.9271,79.8612,Open-Meteo Historical API (ERA5 reanalysis)
2018-08-15,2018,8,Aug,15,9.1,Colombo,6.9271,79.8612,Open-Meteo Historical API (ERA5 reanalysis)
2018-08-16,2018,8,Aug,16,2.4,Colombo,6.9271,79.8612,Open-Meteo Historical API (ERA5 reanalysis)
2018-08-17,2018,8,Aug,17,4.0,Colombo,6.9271,79.8612,Open-Meteo Historical API (ERA5 reanalysis)
2018-08-18,2018,8,Aug,18,4.0,Colombo,6.9271,79.8612,Open-Meteo Historical API (ERA5 reanalysis)
2018-08-19,2018,8,Aug,19,0.6,Colombo,6.9271,79.8612,Open-Meteo Historical API (ERA5 reanalysis)
2018-08-20,2018,8,Aug,20,0.5,Colombo,6.9271,79.8612,Open-Meteo Historical API (ERA5 reanalysis)
2018-08-21,2018,8,Aug,21,1.0,Colombo,6.9271,79.8612,Open-Meteo Historical API (ERA5 reanalysis)
2018-08-22,2018,8,Aug,22,0.8,Colombo,6.9271,79.8612,Open-Meteo Historical API (ERA5 reanalysis)
2018-08-23,2018,8,Aug,23,0.1,Colombo,6.9271,79.8612,Open-Meteo Historical API (ERA5 reanalysis)
2018-08-24,2018,8,Aug,24,0.1,Colombo,6.9271,79.8612,Open-Meteo Historical API (ERA5 reanalysis)
2018-08-25,2018,8,Aug,25,2.5,Colombo,6.9271,79.8612,Open-Meteo Historical API (ERA5 reanalysis)
2018-08-26,2018,8,Aug,26,1.3,Colombo,6.9271,79.8612,Open-Meteo Historical API (ERA5 reanalysis)
2018-08-27,2018,8,Aug,27,2.5,Colombo,6.9271,79.8612,Open-Meteo Historical API (ERA5 reanalysis)
2018-08-28,2018,8,Aug,28,0.7,Colombo,6.9271,79.8612,Open-Meteo Historical API (ERA5 reanalysis)
2018-08-29,2018,8,Aug,29,1.5,Colombo,6.9271,79.8612,Open-Meteo Historical API (ERA5 reanalysis)
2018-08-30,2018,8,Aug,30,2.2,Colombo,6.9271,79.8612,Open-Meteo Historical API (ERA5 reanalysis)
2018-08-31,2018,8,Aug,31,4.9,Colombo,6.9271,79.8612,Open-Meteo Historical API (ERA5 reanalysis)
2018-09-01,2018,9,Sep,1,0.6,Colombo,6.9271,79.8612,Open-Meteo Historical API (ERA5 reanalysis)
2018-09-02,2018,9,Sep,2,1.0,Colombo,6.9271,79.8612,Open-Meteo Historical API (ERA5 reanalysis)
2018-09-03,2018,9,Sep,3,1.3,Colombo,6.9271,79.8612,Open-Meteo Historical API (ERA5 reanalysis)
2018-09-04,2018,9,Sep,4,0.6,Colombo,6.9271,79.8612,Open-Meteo Historical API (ERA5 reanalysis)
2018-09-05,2018,9,Sep,5,0.9,Colombo,6.9271,79.8612,Open-Meteo Historical API (ERA5 reanalysis)
2018-09-06,2018,9,Sep,6,0.0,Colombo,6.9271,79.8612,Open-Meteo Historical API (ERA5 reanalysis)
2018-09-07,2018,9,Sep,7,0.0,Colombo,6.9271,79.8612,Open-Meteo Historical API (ERA5 reanalysis)
2018-09-08,2018,9,Sep,8,0.7,Colombo,6.9271,79.8612,Open-Meteo Historical API (ERA5 reanalysis)
2018-09-09,2018,9,Sep,9,0.4,Colombo,6.9271,79.8612,Open-Meteo Historical API (ERA5 reanalysis)
2018-09-10,2018,9,Sep,10,0.5,Colombo,6.9271,79.8612,Open-Meteo Historical API (ERA5 reanalysis)
2018-09-11,2018,9,Sep,11,0.6,Colombo,6.9271,79.8612,Open-Meteo Historical API (ERA5 reanalysis)
2018-09-12,2018,9,Sep,12,0.0,Colombo,6.9271,79.8612,Open-Meteo Historical API (ERA5 reanalysis)
2018-09-13,2018,9,Sep,13,1.0,Colombo,6.9271,79.8612,Open-Meteo Historical API (ERA5 reanalysis)
2018-09-14,2018,9,Sep,14,0.0,Colombo,6.9271,79.8612,Open-Meteo Historical API (ERA5 reanalysis)
2018-09-15,2018,9,Sep,15,2.0,Colombo,6.9271,79.8612,Open-Meteo Historical API (ERA5 reanalysis)
2018-09-16,2018,9,Sep,16,0.4,Colombo,6.9271,79.8612,Open-Meteo Historical API (ERA5 reanalysis)
2018-09-17,2018,9,Sep,17,0.6,Colombo,6.9271,79.8612,Open-Meteo Historical API (ERA5 reanalysis)
2018-09-18,2018,9,Sep,18,2.9,Colombo,6.9271,79.8612,Open-Meteo Historical API (ERA5 reanalysis)
2018-09-19,2018,9,Sep,19,2.8,Colombo,6.9271,79.8612,Open-Meteo Historical API (ERA5 reanalysis)
2018-09-20,2018,9,Sep,20,7.3,Colombo,6.9271,79.8612,Open-Meteo Historical API (ERA5 reanalysis)
2018-09-21,2018,9,Sep,21,20.5,Colombo,6.9271,79.8612,Open-Meteo Historical API (ERA5 reanalysis)
2018-09-22,2018,9,Sep,22,6.1,Colombo,6.9271,79.8612,Open-Meteo Historical API (ERA5 reanalysis)
2018-09-23,2018,9,Sep,23,5.4,Colombo,6.9271,79.8612,Open-Meteo Historical API (ERA5 reanalysis)
2018-09-24,2018,9,Sep,24,14.4,Colombo,6.9271,79.8612,Open-Meteo Historical API (ERA5 reanalysis)
2018-09-25,2018,9,Sep,25,4.4,Colombo,6.9271,79.8612,Open-Meteo Historical API (ERA5 reanalysis)
2018-09-26,2018,9,Sep,26,4.2,Colombo,6.9271,79.8612,Open-Meteo Historical API (ERA5 reanalysis)
2018-09-27,2018,9,Sep,27,11.0,Colombo,6.9271,79.8612,Open-Meteo Historical API (ERA5 reanalysis)
2018-09-28,2018,9,Sep,28,24.0,Colombo,6.9271,79.8612,Open-Meteo Historical API (ERA5 reanalysis)
2018-09-29,2018,9,Sep,29,25.5,Colombo,6.9271,79.8612,Open-Meteo Historical API (ERA5 reanalysis)
2018-09-30,2018,9,Sep,30,10.0,Colombo,6.9271,79.8612,Open-Meteo Historical API (ERA5 reanalysis)
2018-10-01,2018,10,Oct,1,26.9,Colombo,6.9271,79.8612,Open-Meteo Historical API (ERA5 reanalysis)
2018-10-02,2018,10,Oct,2,7.0,Colombo,6.9271,79.8612,Open-Meteo Historical API (ERA5 reanalysis)
2018-10-03,2018,10,Oct,3,6.6,Colombo,6.9271,79.8612,Open-Meteo Historical API (ERA5 reanalysis)
2018-10-04,2018,10,Oct,4,3.3,Colombo,6.9271,79.8612,Open-Meteo Historical API (ERA5 reanalysis)
2018-10-05,2018,10,Oct,5,9.8,Colombo,6.9271,79.8612,Open-Meteo Historical API (ERA5 reanalysis)
2018-10-06,2018,10,Oct,6,22.4,Colombo,6.9271,79.8612,Open-Meteo Historical API (ERA5 reanalysis)
2018-10-07,2018,10,Oct,7,20.6,Colombo,6.9271,79.8612,Open-Meteo Historical API (ERA5 reanalysis)
2018-10-08,2018,10,Oct,8,9.8,Colombo,6.9271,79.8612,Open-Meteo Historical API (ERA5 reanalysis)
2018-10-09,2018,10,Oct,9,18.4,Colombo,6.9271,79.8612,Open-Meteo Historical API (ERA5 reanalysis)
2018-10-10,2018,10,Oct,10,21.9,Colombo,6.9271,79.8612,Open-Meteo Historical API (ERA5 reanalysis)
2018-10-11,2018,10,Oct,11,7.1,Colombo,6.9271,79.8612,Open-Meteo Historical API (ERA5 reanalysis)
2018-10-12,2018,10,Oct,12,2.4,Colombo,6.9271,79.8612,Open-Meteo Historical API (ERA5 reanalysis)
2018-10-13,2018,10,Oct,13,13.5,Colombo,6.9271,79.8612,Open-Meteo Historical API (ERA5 reanalysis)
2018-10-14,2018,10,Oct,14,1.4,Colombo,6.9271,79.8612,Open-Meteo Historical API (ERA5 reanalysis)
2018-10-15,2018,10,Oct,15,0.6,Colombo,6.9271,79.8612,Open-Meteo Historical API (ERA5 reanalysis)
2018-10-16,2018,10,Oct,16,10.6,Colombo,6.9271,79.8612,Open-Meteo Historical API (ERA5 reanalysis)
2018-10-17,2018,10,Oct,17,6.3,Colombo,6.9271,79.8612,Open-Meteo Historical API (ERA5 reanalysis)
2018-10-18,2018,10,Oct,18,0.3,Colombo,6.9271,79.8612,Open-Meteo Historical API (ERA5 reanalysis)
2018-10-19,2018,10,Oct,19,3.2,Colombo,6.9271,79.8612,Open-Meteo Historical API (ERA5 reanalysis)
2018-10-20,2018,10,Oct,20,21.4,Colombo,6.9271,79.8612,Open-Meteo Historical API (ERA5 reanalysis)
2018-10-21,2018,10,Oct,21,11.6,Colombo,6.9271,79.8612,Open-Meteo Historical API (ERA5 reanalysis)
2018-10-22,2018,10,Oct,22,11.6,Colombo,6.9271,79.8612,Open-Meteo Historical API (ERA5 reanalysis)
2018-10-23,2018,10,Oct,23,8.3,Colombo,6.9271,79.8612,Open-Meteo Historical API (ERA5 reanalysis)
2018-10-24,2018,10,Oct,24,6.9,Colombo,6.9271,79.8612,Open-Meteo Historical API (ERA5 reanalysis)
2018-10-25,2018,10,Oct,25,65.0,Colombo,6.9271,79.8612,Open-Meteo Historical API (ERA5 reanalysis)
2018-10-26,2018,10,Oct,26,7.3,Colombo,6.9271,79.8612,Open-Meteo Historical API (ERA5 reanalysis)
2018-10-27,2018,10,Oct,27,9.5,Colombo,6.9271,79.8612,Open-Meteo Historical API (ERA5 reanalysis)
2018-10-28,2018,10,Oct,28,12.9,Colombo,6.9271,79.8612,Open-Meteo Historical API (ERA5 reanalysis)
2018-10-29,2018,10,Oct,29,1.2,Colombo,6.9271,79.8612,Open-Meteo Historical API (ERA5 reanalysis)
2018-10-30,2018,10,Oct,30,1.1,Colombo,6.9271,79.8612,Open-Meteo Historical API (ERA5 reanalysis)
2018-10-31,2018,10,Oct,31,13.0,Colombo,6.9271,79.8612,Open-Meteo Historical API (ERA5 reanalysis)
2018-11-01,2018,11,Nov,1,16.3,Colombo,6.9271,79.8612,Open-Meteo Historical API (ERA5 reanalysis)
2018-11-02,2018,11,Nov,2,15.5,Colombo,6.9271,79.8612,Open-Meteo Historical API (ERA5 reanalysis)
2018-11-03,2018,11,Nov,3,28.9,Colombo,6.9271,79.8612,Open-Meteo Historical API (ERA5 reanalysis)
2018-11-04,2018,11,Nov,4,4.2,Colombo,6.9271,79.8612,Open-Meteo Historical API (ERA5 reanalysis)
2018-11-05,2018,11,Nov,5,11.1,Colombo,6.9271,79.8612,Open-Meteo Historical API (ERA5 reanalysis)
2018-11-06,2018,11,Nov,6,13.9,Colombo,6.9271,79.8612,Open-Meteo Historical API (ERA5 reanalysis)
2018-11-07,2018,11,Nov,7,12.0,Colombo,6.9271,79.8612,Open-Meteo Historical API (ERA5 reanalysis)
2018-11-08,2018,11,Nov,8,32.8,Colombo,6.9271,79.8612,Open-Meteo Historical API (ERA5 reanalysis)
2018-11-09,2018,11,Nov,9,23.5,Colombo,6.9271,79.8612,Open-Meteo Historical API (ERA5 reanalysis)
2018-11-10,2018,11,Nov,10,0.4,Colombo,6.9271,79.8612,Open-Meteo Historical API (ERA5 reanalysis)
2018-11-11,2018,11,Nov,11,0.3,Colombo,6.9271,79.8612,Open-Meteo Historical API (ERA5 reanalysis)
2018-11-12,2018,11,Nov,12,0.9,Colombo,6.9271,79.8612,Open-Meteo Historical API (ERA5 reanalysis)
2018-11-13,2018,11,Nov,13,0.1,Colombo,6.9271,79.8612,Open-Meteo Historical API (ERA5 reanalysis)
2018-11-14,2018,11,Nov,14,0.1,Colombo,6.9271,79.8612,Open-Meteo Historical API (ERA5 reanalysis)
2018-11-15,2018,11,Nov,15,0.0,Colombo,6.9271,79.8612,Open-Meteo Historical API (ERA5 reanalysis)
2018-11-16,2018,11,Nov,16,5.9,Colombo,6.9271,79.8612,Open-Meteo Historical API (ERA5 reanalysis)
2018-11-17,2018,11,Nov,17,1.7,Colombo,6.9271,79.8612,Open-Meteo Historical API (ERA5 reanalysis)
2018-11-18,2018,11,Nov,18,5.7,Colombo,6.9271,79.8612,Open-Meteo Historical API (ERA5 reanalysis)
2018-11-19,2018,11,Nov,19,14.4,Colombo,6.9271,79.8612,Open-Meteo Historical API (ERA5 reanalysis)
2018-11-20,2018,11,Nov,20,14.7,Colombo,6.9271,79.8612,Open-Meteo Historical API (ERA5 reanalysis)
2018-11-21,2018,11,Nov,21,2.8,Colombo,6.9271,79.8612,Open-Meteo Historical API (ERA5 reanalysis)
2018-11-22,2018,11,Nov,22,1.0,Colombo,6.9271,79.8612,Open-Meteo Historical API (ERA5 reanalysis)
2018-11-23,2018,11,Nov,23,21.5,Colombo,6.9271,79.8612,Open-Meteo Historical API (ERA5 reanalysis)
2018-11-24,2018,11,Nov,24,12.7,Colombo,6.9271,79.8612,Open-Meteo Historical API (ERA5 reanalysis)
2018-11-25,2018,11,Nov,25,7.7,Colombo,6.9271,79.8612,Open-Meteo Historical API (ERA5 reanalysis)
2018-11-26,2018,11,Nov,26,1.5,Colombo,6.9271,79.8612,Open-Meteo Historical API (ERA5 reanalysis)
2018-11-27,2018,11,Nov,27,8.1,Colombo,6.9271,79.8612,Open-Meteo Historical API (ERA5 reanalysis)
2018-11-28,2018,11,Nov,28,21.5,Colombo,6.9271,79.8612,Open-Meteo Historical API (ERA5 reanalysis)
2018-11-29,2018,11,Nov,29,16.0,Colombo,6.9271,79.8612,Open-Meteo Historical API (ERA5 reanalysis)
2018-11-30,2018,11,Nov,30,4.3,Colombo,6.9271,79.8612,Open-Meteo Historical API (ERA5 reanalysis)
2018-12-01,2018,12,Dec,1,0.0,Colombo,6.9271,79.8612,Open-Meteo Historical API (ERA5 reanalysis)
2018-12-02,2018,12,Dec,2,0.1,Colombo,6.9271,79.8612,Open-Meteo Historical API (ERA5 reanalysis)
2018-12-03,2018,12,Dec,3,5.0,Colombo,6.9271,79.8612,Open-Meteo Historical API (ERA5 reanalysis)
2018-12-04,2018,12,Dec,4,2.8,Colombo,6.9271,79.8612,Open-Meteo Historical API (ERA5 reanalysis)
2018-12-05,2018,12,Dec,5,4.1,Colombo,6.9271,79.8612,Open-Meteo Historical API (ERA5 reanalysis)
2018-12-06,2018,12,Dec,6,3.6,Colombo,6.9271,79.8612,Open-Meteo Historical API (ERA5 reanalysis)
2018-12-07,2018,12,Dec,7,1.4,Colombo,6.9271,79.8612,Open-Meteo Historical API (ERA5 reanalysis)
2018-12-08,2018,12,Dec,8,0.6,Colombo,6.9271,79.8612,Open-Meteo Historical API (ERA5 reanalysis)
2018-12-09,2018,12,Dec,9,0.3,Colombo,6.9271,79.8612,Open-Meteo Historical API (ERA5 reanalysis)
2018-12-10,2018,12,Dec,10,0.0,Colombo,6.9271,79.8612,Open-Meteo Historical API (ERA5 reanalysis)
2018-12-11,2018,12,Dec,11,0.0,Colombo,6.9271,79.8612,Open-Meteo Historical API (ERA5 reanalysis)
2018-12-12,2018,12,Dec,12,0.0,Colombo,6.9271,79.8612,Open-Meteo Historical API (ERA5 reanalysis)
2018-12-13,2018,12,Dec,13,0.0,Colombo,6.9271,79.8612,Open-Meteo Historical API (ERA5 reanalysis)
2018-12-14,2018,12,Dec,14,0.0,Colombo,6.9271,79.8612,Open-Meteo Historical API (ERA5 reanalysis)
2018-12-15,2018,12,Dec,15,1.0,Colombo,6.9271,79.8612,Open-Meteo Historical API (ERA5 reanalysis)
2018-12-16,2018,12,Dec,16,0.2,Colombo,6.9271,79.8612,Open-Meteo Historical API (ERA5 reanalysis)
2018-12-17,2018,12,Dec,17,0.0,Colombo,6.9271,79.8612,Open-Meteo Historical API (ERA5 reanalysis)
2018-12-18,2018,12,Dec,18,0.0,Colombo,6.9271,79.8612,Open-Meteo Historical API (ERA5 reanalysis)
2018-12-19,2018,12,Dec,19,0.3,Colombo,6.9271,79.8612,Open-Meteo Historical API (ERA5 reanalysis)
2018-12-20,2018,12,Dec,20,1.7,Colombo,6.9271,79.8612,Open-Meteo Historical API (ERA5 reanalysis)
2018-12-21,2018,12,Dec,21,11.4,Colombo,6.9271,79.8612,Open-Meteo Historical API (ERA5 reanalysis)
2018-12-22,2018,12,Dec,22,0.0,Colombo,6.9271,79.8612,Open-Meteo Historical API (ERA5 reanalysis)
2018-12-23,2018,12,Dec,23,9.4,Colombo,6.9271,79.8612,Open-Meteo Historical API (ERA5 reanalysis)
2018-12-24,2018,12,Dec,24,2.0,Colombo,6.9271,79.8612,Open-Meteo Historical API (ERA5 reanalysis)
2018-12-25,2018,12,Dec,25,4.6,Colombo,6.9271,79.8612,Open-Meteo Historical API (ERA5 reanalysis)
2018-12-26,2018,12,Dec,26,2.7,Colombo,6.9271,79.8612,Open-Meteo Historical API (ERA5 reanalysis)
2018-12-27,2018,12,Dec,27,4.0,Colombo,6.9271,79.8612,Open-Meteo Historical API (ERA5 reanalysis)
2018-12-28,2018,12,Dec,28,1.0,Colombo,6.9271,79.8612,Open-Meteo Historical API (ERA5 reanalysis)
2018-12-29,2018,12,Dec,29,0.8,Colombo,6.9271,79.8612,Open-Meteo Historical API (ERA5 reanalysis)
2018-12-30,2018,12,Dec,30,0.0,Colombo,6.9271,79.8612,Open-Meteo Historical API (ERA5 reanalysis)
2018-12-31,2018,12,Dec,31,0.6,Colombo,6.9271,79.8612,Open-Meteo Historical API (ERA5 reanalysis)
2019-01-01,2019,1,Jan,1,0.0,Colombo,6.9271,79.8612,Open-Meteo Historical API (ERA5 reanalysis)
2019-01-02,2019,1,Jan,2,0.0,Colombo,6.9271,79.8612,Open-Meteo Historical API (ERA5 reanalysis)
2019-01-03,2019,1,Jan,3,0.0,Colombo,6.9271,79.8612,Open-Meteo Historical API (ERA5 reanalysis)
2019-01-04,2019,1,Jan,4,0.0,Colombo,6.9271,79.8612,Open-Meteo Historical API (ERA5 reanalysis)
2019-01-05,2019,1,Jan,5,0.0,Colombo,6.9271,79.8612,Open-Meteo Historical API (ERA5 reanalysis)
2019-01-06,2019,1,Jan,6,0.0,Colombo,6.9271,79.8612,Open-Meteo Historical API (ERA5 reanalysis)
2019-01-07,2019,1,Jan,7,0.0,Colombo,6.9271,79.8612,Open-Meteo Historical API (ERA5 reanalysis)
2019-01-08,2019,1,Jan,8,0.0,Colombo,6.9271,79.8612,Open-Meteo Historical API (ERA5 reanalysis)
2019-01-09,2019,1,Jan,9,0.6,Colombo,6.9271,79.8612,Open-Meteo Historical API (ERA5 reanalysis)
2019-01-10,2019,1,Jan,10,3.2,Colombo,6.9271,79.8612,Open-Meteo Historical API (ERA5 reanalysis)
2019-01-11,2019,1,Jan,11,1.1,Colombo,6.9271,79.8612,Open-Meteo Historical API (ERA5 reanalysis)
2019-01-12,2019,1,Jan,12,2.8,Colombo,6.9271,79.8612,Open-Meteo Historical API (ERA5 reanalysis)
2019-01-13,2019,1,Jan,13,2.5,Colombo,6.9271,79.8612,Open-Meteo Historical API (ERA5 reanalysis)
2019-01-14,2019,1,Jan,14,2.5,Colombo,6.9271,79.8612,Open-Meteo Historical API (ERA5 reanalysis)
2019-01-15,2019,1,Jan,15,1.1,Colombo,6.9271,79.8612,Open-Meteo Historical API (ERA5 reanalysis)
2019-01-16,2019,1,Jan,16,0.6,Colombo,6.9271,79.8612,Open-Meteo Historical API (ERA5 reanalysis)
2019-01-17,2019,1,Jan,17,0.0,Colombo,6.9271,79.8612,Open-Meteo Historical API (ERA5 reanalysis)
2019-01-18,2019,1,Jan,18,0.0,Colombo,6.9271,79.8612,Open-Meteo Historical API (ERA5 reanalysis)
2019-01-19,2019,1,Jan,19,0.0,Colombo,6.9271,79.8612,Open-Meteo Historical API (ERA5 reanalysis)
2019-01-20,2019,1,Jan,20,0.0,Colombo,6.9271,79.8612,Open-Meteo Historical API (ERA5 reanalysis)
2019-01-21,2019,1,Jan,21,0.0,Colombo,6.9271,79.8612,Open-Meteo Historical API (ERA5 reanalysis)
2019-01-22,2019,1,Jan,22,0.1,Colombo,6.9271,79.8612,Open-Meteo Historical API (ERA5 reanalysis)
2019-01-23,2019,1,Jan,23,0.0,Colombo,6.9271,79.8612,Open-Meteo Historical API (ERA5 reanalysis)
2019-01-24,2019,1,Jan,24,0.0,Colombo,6.9271,79.8612,Open-Meteo Historical API (ERA5 reanalysis)
2019-01-25,2019,1,Jan,25,0.4,Colombo,6.9271,79.8612,Open-Meteo Historical API (ERA5 reanalysis)
2019-01-26,2019,1,Jan,26,3.1,Colombo,6.9271,79.8612,Open-Meteo Historical API (ERA5 reanalysis)
2019-01-27,2019,1,Jan,27,1.9,Colombo,6.9271,79.8612,Open-Meteo Historical API (ERA5 reanalysis)
2019-01-28,2019,1,Jan,28,1.7,Colombo,6.9271,79.8612,Open-Meteo Historical API (ERA5 reanalysis)
2019-01-29,2019,1,Jan,29,0.0,Colombo,6.9271,79.8612,Open-Meteo Historical API (ERA5 reanalysis)
2019-01-30,2019,1,Jan,30,0.1,Colombo,6.9271,79.8612,Open-Meteo Historical API (ERA5 reanalysis)
2019-01-31,2019,1,Jan,31,0.4,Colombo,6.9271,79.8612,Open-Meteo Historical API (ERA5 reanalysis)
2019-02-01,2019,2,Feb,1,0.9,Colombo,6.9271,79.8612,Open-Meteo Historical API (ERA5 reanalysis)
2019-02-02,2019,2,Feb,2,0.9,Colombo,6.9271,79.8612,Open-Meteo Historical API (ERA5 reanalysis)
2019-02-03,2019,2,Feb,3,2.5,Colombo,6.9271,79.8612,Open-Meteo Historical API (ERA5 reanalysis)
2019-02-04,2019,2,Feb,4,10.4,Colombo,6.9271,79.8612,Open-Meteo Historical API (ERA5 reanalysis)
2019-02-05,2019,2,Feb,5,9.8,Colombo,6.9271,79.8612,Open-Meteo Historical API (ERA5 reanalysis)
2019-02-06,2019,2,Feb,6,23.3,Colombo,6.9271,79.8612,Open-Meteo Historical API (ERA5 reanalysis)
2019-02-07,2019,2,Feb,7,1.1,Colombo,6.9271,79.8612,Open-Meteo Historical API (ERA5 reanalysis)
2019-02-08,2019,2,Feb,8,7.7,Colombo,6.9271,79.8612,Open-Meteo Historical API (ERA5 reanalysis)
2019-02-09,2019,2,Feb,9,20.4,Colombo,6.9271,79.8612,Open-Meteo Historical API (ERA5 reanalysis)
2019-02-10,2019,2,Feb,10,3.7,Colombo,6.9271,79.8612,Open-Meteo Historical API (ERA5 reanalysis)
2019-02-11,2019,2,Feb,11,0.7,Colombo,6.9271,79.8612,Open-Meteo Historical API (ERA5 reanalysis)
2019-02-12,2019,2,Feb,12,0.9,Colombo,6.9271,79.8612,Open-Meteo Historical API (ERA5 reanalysis)
2019-02-13,2019,2,Feb,13,1.2,Colombo,6.9271,79.8612,Open-Meteo Historical API (ERA5 reanalysis)
2019-02-14,2019,2,Feb,14,0.7,Colombo,6.9271,79.8612,Open-Meteo Historical API (ERA5 reanalysis)
2019-02-15,2019,2,Feb,15,10.0,Colombo,6.9271,79.8612,Open-Meteo Historical API (ERA5 reanalysis)
2019-02-16,2019,2,Feb,16,7.8,Colombo,6.9271,79.8612,Open-Meteo Historical API (ERA5 reanalysis)
2019-02-17,2019,2,Feb,17,4.4,Colombo,6.9271,79.8612,Open-Meteo Historical API (ERA5 reanalysis)
2019-02-18,2019,2,Feb,18,2.5,Colombo,6.9271,79.8612,Open-Meteo Historical API (ERA5 reanalysis)
2019-02-19,2019,2,Feb,19,0.4,Colombo,6.9271,79.8612,Open-Meteo Historical API (ERA5 reanalysis)
2019-02-20,2019,2,Feb,20,0.3,Colombo,6.9271,79.8612,Open-Meteo Historical API (ERA5 reanalysis)
2019-02-21,2019,2,Feb,21,0.4,Colombo,6.9271,79.8612,Open-Meteo Historical API (ERA5 reanalysis)
2019-02-22,2019,2,Feb,22,0.3,Colombo,6.9271,79.8612,Open-Meteo Historical API (ERA5 reanalysis)
2019-02-23,2019,2,Feb,23,0.5,Colombo,6.9271,79.8612,Open-Meteo Historical API (ERA5 reanalysis)
2019-02-24,2019,2,Feb,24,0.6,Colombo,6.9271,79.8612,Open-Meteo Historical API (ERA5 reanalysis)
2019-02-25,2019,2,Feb,25,1.4,Colombo,6.9271,79.8612,Open-Meteo Historical API (ERA5 reanalysis)
2019-02-26,2019,2,Feb,26,4.5,Colombo,6.9271,79.8612,Open-Meteo Historical API (ERA5 reanalysis)
2019-02-27,2019,2,Feb,27,2.3,Colombo,6.9271,79.8612,Open-Meteo Historical API (ERA5 reanalysis)
2019-02-28,2019,2,Feb,28,0.9,Colombo,6.9271,79.8612,Open-Meteo Historical API (ERA5 reanalysis)
2019-03-01,2019,3,Mar,1,0.1,Colombo,6.9271,79.8612,Open-Meteo Historical API (ERA5 reanalysis)
2019-03-02,2019,3,Mar,2,0.0,Colombo,6.9271,79.8612,Open-Meteo Historical API (ERA5 reanalysis)
2019-03-03,2019,3,Mar,3,4.9,Colombo,6.9271,79.8612,Open-Meteo Historical API (ERA5 reanalysis)
2019-03-04,2019,3,Mar,4,4.5,Colombo,6.9271,79.8612,Open-Meteo Historical API (ERA5 reanalysis)
2019-03-05,2019,3,Mar,5,1.6,Colombo,6.9271,79.8612,Open-Meteo Historical API (ERA5 reanalysis)
2019-03-06,2019,3,Mar,6,1.9,Colombo,6.9271,79.8612,Open-Meteo Historical API (ERA5 reanalysis)
2019-03-07,2019,3,Mar,7,0.5,Colombo,6.9271,79.8612,Open-Meteo Historical API (ERA5 reanalysis)
2019-03-08,2019,3,Mar,8,1.6,Colombo,6.9271,79.8612,Open-Meteo Historical API (ERA5 reanalysis)
2019-03-09,2019,3,Mar,9,4.1,Colombo,6.9271,79.8612,Open-Meteo Historical API (ERA5 reanalysis)
2019-03-10,2019,3,Mar,10,0.1,Colombo,6.9271,79.8612,Open-Meteo Historical API (ERA5 reanalysis)
2019-03-11,2019,3,Mar,11,2.3,Colombo,6.9271,79.8612,Open-Meteo Historical API (ERA5 reanalysis)
2019-03-12,2019,3,Mar,12,0.5,Colombo,6.9271,79.8612,Open-Meteo Historical API (ERA5 reanalysis)
2019-03-13,2019,3,Mar,13,1.3,Colombo,6.9271,79.8612,Open-Meteo Historical API (ERA5 reanalysis)
2019-03-14,2019,3,Mar,14,0.0,Colombo,6.9271,79.8612,Open-Meteo Historical API (ERA5 reanalysis)
2019-03-15,2019,3,Mar,15,0.3,Colombo,6.9271,79.8612,Open-Meteo Historical API (ERA5 reanalysis)
2019-03-16,2019,3,Mar,16,1.5,Colombo,6.9271,79.8612,Open-Meteo Historical API (ERA5 reanalysis)
2019-03-17,2019,3,Mar,17,2.4,Colombo,6.9271,79.8612,Open-Meteo Historical API (ERA5 reanalysis)
2019-03-18,2019,3,Mar,18,32.3,Colombo,6.9271,79.8612,Open-Meteo Historical API (ERA5 reanalysis)
2019-03-19,2019,3,Mar,19,0.1,Colombo,6.9271,79.8612,Open-Meteo Historical API (ERA5 reanalysis)
2019-03-20,2019,3,Mar,20,0.8,Colombo,6.9271,79.8612,Open-Meteo Historical API (ERA5 reanalysis)
2019-03-21,2019,3,Mar,21,5.4,Colombo,6.9271,79.8612,Open-Meteo Historical API (ERA5 reanalysis)
2019-03-22,2019,3,Mar,22,0.2,Colombo,6.9271,79.8612,Open-Meteo Historical API (ERA5 reanalysis)
2019-03-23,2019,3,Mar,23,2.4,Colombo,6.9271,79.8612,Open-Meteo Historical API (ERA5 reanalysis)
2019-03-24,2019,3,Mar,24,0.0,Colombo,6.9271,79.8612,Open-Meteo Historical API (ERA5 reanalysis)
2019-03-25,2019,3,Mar,25,0.1,Colombo,6.9271,79.8612,Open-Meteo Historical API (ERA5 reanalysis)
2019-03-26,2019,3,Mar,26,0.0,Colombo,6.9271,79.8612,Open-Meteo Historical API (ERA5 reanalysis)
2019-03-27,2019,3,Mar,27,0.0,Colombo,6.9271,79.8612,Open-Meteo Historical API (ERA5 reanalysis)
2019-03-28,2019,3,Mar,28,0.4,Colombo,6.9271,79.8612,Open-Meteo Historical API (ERA5 reanalysis)
2019-03-29,2019,3,Mar,29,1.7,Colombo,6.9271,79.8612,Open-Meteo Historical API (ERA5 reanalysis)
2019-03-30,2019,3,Mar,30,1.5,Colombo,6.9271,79.8612,Open-Meteo Historical API (ERA5 reanalysis)
2019-03-31,2019,3,Mar,31,0.1,Colombo,6.9271,79.8612,Open-Meteo Historical API (ERA5 reanalysis)
2019-04-01,2019,4,Apr,1,0.1,Colombo,6.9271,79.8612,Open-Meteo Historical API (ERA5 reanalysis)
2019-04-02,2019,4,Apr,2,2.0,Colombo,6.9271,79.8612,Open-Meteo Historical API (ERA5 reanalysis)
2019-04-03,2019,4,Apr,3,0.1,Colombo,6.9271,79.8612,Open-Meteo Historical API (ERA5 reanalysis)
2019-04-04,2019,4,Apr,4,0.0,Colombo,6.9271,79.8612,Open-Meteo Historical API (ERA5 reanalysis)
2019-04-05,2019,4,Apr,5,0.1,Colombo,6.9271,79.8612,Open-Meteo Historical API (ERA5 reanalysis)
2019-04-06,2019,4,Apr,6,0.2,Colombo,6.9271,79.8612,Open-Meteo Historical API (ERA5 reanalysis)
2019-04-07,2019,4,Apr,7,0.1,Colombo,6.9271,79.8612,Open-Meteo Historical API (ERA5 reanalysis)
2019-04-08,2019,4,Apr,8,0.1,Colombo,6.9271,79.8612,Open-Meteo Historical API (ERA5 reanalysis)
2019-04-09,2019,4,Apr,9,2.6,Colombo,6.9271,79.8612,Open-Meteo Historical API (ERA5 reanalysis)
2019-04-10,2019,4,Apr,10,1.2,Colombo,6.9271,79.8612,Open-Meteo Historical API (ERA5 reanalysis)
2019-04-11,2019,4,Apr,11,3.9,Colombo,6.9271,79.8612,Open-Meteo Historical API (ERA5 reanalysis)
2019-04-12,2019,4,Apr,12,1.3,Colombo,6.9271,79.8612,Open-Meteo Historical API (ERA5 reanalysis)
2019-04-13,2019,4,Apr,13,2.0,Colombo,6.9271,79.8612,Open-Meteo Historical API (ERA5 reanalysis)
2019-04-14,2019,4,Apr,14,3.0,Colombo,6.9271,79.8612,Open-Meteo Historical API (ERA5 reanalysis)
2019-04-15,2019,4,Apr,15,3.9,Colombo,6.9271,79.8612,Open-Meteo Historical API (ERA5 reanalysis)
2019-04-16,2019,4,Apr,16,15.9,Colombo,6.9271,79.8612,Open-Meteo Historical API (ERA5 reanalysis)
2019-04-17,2019,4,Apr,17,17.6,Colombo,6.9271,79.8612,Open-Meteo Historical API (ERA5 reanalysis)
2019-04-18,2019,4,Apr,18,9.5,Colombo,6.9271,79.8612,Open-Meteo Historical API (ERA5 reanalysis)
2019-04-19,2019,4,Apr,19,6.0,Colombo,6.9271,79.8612,Open-Meteo Historical API (ERA5 reanalysis)
2019-04-20,2019,4,Apr,20,14.8,Colombo,6.9271,79.8612,Open-Meteo Historical API (ERA5 reanalysis)
2019-04-21,2019,4,Apr,21,3.6,Colombo,6.9271,79.8612,Open-Meteo Historical API (ERA5 reanalysis)
2019-04-22,2019,4,Apr,22,1.3,Colombo,6.9271,79.8612,Open-Meteo Historical API (ERA5 reanalysis)
2019-04-23,2019,4,Apr,23,1.6,Colombo,6.9271,79.8612,Open-Meteo Historical API (ERA5 reanalysis)
2019-04-24,2019,4,Apr,24,1.3,Colombo,6.9271,79.8612,Open-Meteo Historical API (ERA5 reanalysis)
2019-04-25,2019,4,Apr,25,1.6,Colombo,6.9271,79.8612,Open-Meteo Historical API (ERA5 reanalysis)
2019-04-26,2019,4,Apr,26,1.2,Colombo,6.9271,79.8612,Open-Meteo Historical API (ERA5 reanalysis)
2019-04-27,2019,4,Apr,27,0.3,Colombo,6.9271,79.8612,Open-Meteo Historical API (ERA5 reanalysis)
2019-04-28,2019,4,Apr,28,2.8,Colombo,6.9271,79.8612,Open-Meteo Historical API (ERA5 reanalysis)
2019-04-29,2019,4,Apr,29,17.8,Colombo,6.9271,79.8612,Open-Meteo Historical API (ERA5 reanalysis)
2019-04-30,2019,4,Apr,30,11.0,Colombo,6.9271,79.8612,Open-Meteo Historical API (ERA5 reanalysis)
2019-05-01,2019,5,May,1,6.8,Colombo,6.9271,79.8612,Open-Meteo Historical API (ERA5 reanalysis)
2019-05-02,2019,5,May,2,5.7,Colombo,6.9271,79.8612,Open-Meteo Historical API (ERA5 reanalysis)
2019-05-03,2019,5,May,3,11.5,Colombo,6.9271,79.8612,Open-Meteo Historical API (ERA5 reanalysis)
2019-05-04,2019,5,May,4,7.0,Colombo,6.9271,79.8612,Open-Meteo Historical API (ERA5 reanalysis)
2019-05-05,2019,5,May,5,0.5,Colombo,6.9271,79.8612,Open-Meteo Historical API (ERA5 reanalysis)
2019-05-06,2019,5,May,6,0.0,Colombo,6.9271,79.8612,Open-Meteo Historical API (ERA5 reanalysis)
2019-05-07,2019,5,May,7,1.3,Colombo,6.9271,79.8612,Open-Meteo Historical API (ERA5 reanalysis)
2019-05-08,2019,5,May,8,0.5,Colombo,6.9271,79.8612,Open-Meteo Historical API (ERA5 reanalysis)
2019-05-09,2019,5,May,9,0.7,Colombo,6.9271,79.8612,Open-Meteo Historical API (ERA5 reanalysis)
2019-05-10,2019,5,May,10,1.9,Colombo,6.9271,79.8612,Open-Meteo Historical API (ERA5 reanalysis)
2019-05-11,2019,5,May,11,1.8,Colombo,6.9271,79.8612,Open-Meteo Historical API (ERA5 reanalysis)
2019-05-12,2019,5,May,12,3.2,Colombo,6.9271,79.8612,Open-Meteo Historical API (ERA5 reanalysis)
2019-05-13,2019,5,May,13,3.3,Colombo,6.9271,79.8612,Open-Meteo Historical API (ERA5 reanalysis)
2019-05-14,2019,5,May,14,2.7,Colombo,6.9271,79.8612,Open-Meteo Historical API (ERA5 reanalysis)
2019-05-15,2019,5,May,15,2.0,Colombo,6.9271,79.8612,Open-Meteo Historical API (ERA5 reanalysis)
2019-05-16,2019,5,May,16,4.5,Colombo,6.9271,79.8612,Open-Meteo Historical API (ERA5 reanalysis)
2019-05-17,2019,5,May,17,3.5,Colombo,6.9271,79.8612,Open-Meteo Historical API (ERA5 reanalysis)
2019-05-18,2019,5,May,18,4.3,Colombo,6.9271,79.8612,Open-Meteo Historical API (ERA5 reanalysis)
2019-05-19,2019,5,May,19,2.7,Colombo,6.9271,79.8612,Open-Meteo Historical API (ERA5 reanalysis)
2019-05-20,2019,5,May,20,3.1,Colombo,6.9271,79.8612,Open-Meteo Historical API (ERA5 reanalysis)
2019-05-21,2019,5,May,21,2.7,Colombo,6.9271,79.8612,Open-Meteo Historical API (ERA5 reanalysis)
2019-05-22,2019,5,May,22,4.9,Colombo,6.9271,79.8612,Open-Meteo Historical API (ERA5 reanalysis)
2019-05-23,2019,5,May,23,9.5,Colombo,6.9271,79.8612,Open-Meteo Historical API (ERA5 reanalysis)
2019-05-24,2019,5,May,24,10.6,Colombo,6.9271,79.8612,Open-Meteo Historical API (ERA5 reanalysis)
2019-05-25,2019,5,May,25,9.4,Colombo,6.9271,79.8612,Open-Meteo Historical API (ERA5 reanalysis)
2019-05-26,2019,5,May,26,4.4,Colombo,6.9271,79.8612,Open-Meteo Historical API (ERA5 reanalysis)
2019-05-27,2019,5,May,27,3.6,Colombo,6.9271,79.8612,Open-Meteo Historical API (ERA5 reanalysis)
2019-05-28,2019,5,May,28,3.0,Colombo,6.9271,79.8612,Open-Meteo Historical API (ERA5 reanalysis)
2019-05-29,2019,5,May,29,5.8,Colombo,6.9271,79.8612,Open-Meteo Historical API (ERA5 reanalysis)
2019-05-30,2019,5,May,30,4.2,Colombo,6.9271,79.8612,Open-Meteo Historical API (ERA5 reanalysis)
2019-05-31,2019,5,May,31,4.8,Colombo,6.9271,79.8612,Open-Meteo Historical API (ERA5 reanalysis)
2019-06-01,2019,6,Jun,1,1.2,Colombo,6.9271,79.8612,Open-Meteo Historical API (ERA5 reanalysis)
2019-06-02,2019,6,Jun,2,3.7,Colombo,6.9271,79.8612,Open-Meteo Historical API (ERA5 reanalysis)
2019-06-03,2019,6,Jun,3,8.2,Colombo,6.9271,79.8612,Open-Meteo Historical API (ERA5 reanalysis)
2019-06-04,2019,6,Jun,4,32.1,Colombo,6.9271,79.8612,Open-Meteo Historical API (ERA5 reanalysis)
2019-06-05,2019,6,Jun,5,12.3,Colombo,6.9271,79.8612,Open-Meteo Historical API (ERA5 reanalysis)
2019-06-06,2019,6,Jun,6,21.8,Colombo,6.9271,79.8612,Open-Meteo Historical API (ERA5 reanalysis)
2019-06-07,2019,6,Jun,7,26.7,Colombo,6.9271,79.8612,Open-Meteo Historical API (ERA5 reanalysis)
2019-06-08,2019,6,Jun,8,20.3,Colombo,6.9271,79.8612,Open-Meteo Historical API (ERA5 reanalysis)
2019-06-09,2019,6,Jun,9,13.5,Colombo,6.9271,79.8612,Open-Meteo Historical API (ERA5 reanalysis)
2019-06-10,2019,6,Jun,10,8.6,Colombo,6.9271,79.8612,Open-Meteo Historical API (ERA5 reanalysis)
2019-06-11,2019,6,Jun,11,2.2,Colombo,6.9271,79.8612,Open-Meteo Historical API (ERA5 reanalysis)
2019-06-12,2019,6,Jun,12,7.1,Colombo,6.9271,79.8612,Open-Meteo Historical API (ERA5 reanalysis)
2019-06-13,2019,6,Jun,13,15.4,Colombo,6.9271,79.8612,Open-Meteo Historical API (ERA5 reanalysis)
2019-06-14,2019,6,Jun,14,12.1,Colombo,6.9271,79.8612,Open-Meteo Historical API (ERA5 reanalysis)
2019-06-15,2019,6,Jun,15,9.4,Colombo,6.9271,79.8612,Open-Meteo Historical API (ERA5 reanalysis)
2019-06-16,2019,6,Jun,16,11.8,Colombo,6.9271,79.8612,Open-Meteo Historical API (ERA5 reanalysis)
2019-06-17,2019,6,Jun,17,3.6,Colombo,6.9271,79.8612,Open-Meteo Historical API (ERA5 reanalysis)
2019-06-18,2019,6,Jun,18,4.5,Colombo,6.9271,79.8612,Open-Meteo Historical API (ERA5 reanalysis)
2019-06-19,2019,6,Jun,19,5.0,Colombo,6.9271,79.8612,Open-Meteo Historical API (ERA5 reanalysis)
2019-06-20,2019,6,Jun,20,13.4,Colombo,6.9271,79.8612,Open-Meteo Historical API (ERA5 reanalysis)
2019-06-21,2019,6,Jun,21,17.2,Colombo,6.9271,79.8612,Open-Meteo Historical API (ERA5 reanalysis)
2019-06-22,2019,6,Jun,22,10.2,Colombo,6.9271,79.8612,Open-Meteo Historical API (ERA5 reanalysis)
2019-06-23,2019,6,Jun,23,4.6,Colombo,6.9271,79.8612,Open-Meteo Historical API (ERA5 reanalysis)
2019-06-24,2019,6,Jun,24,5.7,Colombo,6.9271,79.8612,Open-Meteo Historical API (ERA5 reanalysis)
2019-06-25,2019,6,Jun,25,6.1,Colombo,6.9271,79.8612,Open-Meteo Historical API (ERA5 reanalysis)
2019-06-26,2019,6,Jun,26,4.7,Colombo,6.9271,79.8612,Open-Meteo Historical API (ERA5 reanalysis)
2019-06-27,2019,6,Jun,27,1.7,Colombo,6.9271,79.8612,Open-Meteo Historical API (ERA5 reanalysis)
2019-06-28,2019,6,Jun,28,1.9,Colombo,6.9271,79.8612,Open-Meteo Historical API (ERA5 reanalysis)
2019-06-29,2019,6,Jun,29,1.5,Colombo,6.9271,79.8612,Open-Meteo Historical API (ERA5 reanalysis)
2019-06-30,2019,6,Jun,30,1.5,Colombo,6.9271,79.8612,Open-Meteo Historical API (ERA5 reanalysis)
2019-07-01,2019,7,Jul,1,0.3,Colombo,6.9271,79.8612,Open-Meteo Historical API (ERA5 reanalysis)
2019-07-02,2019,7,Jul,2,3.6,Colombo,6.9271,79.8612,Open-Meteo Historical API (ERA5 reanalysis)
2019-07-03,2019,7,Jul,3,2.8,Colombo,6.9271,79.8612,Open-Meteo Historical API (ERA5 reanalysis)
2019-07-04,2019,7,Jul,4,3.2,Colombo,6.9271,79.8612,Open-Meteo Historical API (ERA5 reanalysis)
2019-07-05,2019,7,Jul,5,1.7,Colombo,6.9271,79.8612,Open-Meteo Historical API (ERA5 reanalysis)
2019-07-06,2019,7,Jul,6,0.4,Colombo,6.9271,79.8612,Open-Meteo Historical API (ERA5 reanalysis)
2019-07-07,2019,7,Jul,7,0.3,Colombo,6.9271,79.8612,Open-Meteo Historical API (ERA5 reanalysis)
2019-07-08,2019,7,Jul,8,2.3,Colombo,6.9271,79.8612,Open-Meteo Historical API (ERA5 reanalysis)
2019-07-09,2019,7,Jul,9,7.9,Colombo,6.9271,79.8612,Open-Meteo Historical API (ERA5 reanalysis)
2019-07-10,2019,7,Jul,10,13.0,Colombo,6.9271,79.8612,Open-Meteo Historical API (ERA5 reanalysis)
2019-07-11,2019,7,Jul,11,1.4,Colombo,6.9271,79.8612,Open-Meteo Historical API (ERA5 reanalysis)
2019-07-12,2019,7,Jul,12,4.3,Colombo,6.9271,79.8612,Open-Meteo Historical API (ERA5 reanalysis)
2019-07-13,2019,7,Jul,13,6.6,Colombo,6.9271,79.8612,Open-Meteo Historical API (ERA5 reanalysis)
2019-07-14,2019,7,Jul,14,4.7,Colombo,6.9271,79.8612,Open-Meteo Historical API (ERA5 reanalysis)
2019-07-15,2019,7,Jul,15,5.8,Colombo,6.9271,79.8612,Open-Meteo Historical API (ERA5 reanalysis)
2019-07-16,2019,7,Jul,16,12.1,Colombo,6.9271,79.8612,Open-Meteo Historical API (ERA5 reanalysis)
2019-07-17,2019,7,Jul,17,10.1,Colombo,6.9271,79.8612,Open-Meteo Historical API (ERA5 reanalysis)
2019-07-18,2019,7,Jul,18,19.2,Colombo,6.9271,79.8612,Open-Meteo Historical API (ERA5 reanalysis)
2019-07-19,2019,7,Jul,19,4.4,Colombo,6.9271,79.8612,Open-Meteo Historical API (ERA5 reanalysis)
2019-07-20,2019,7,Jul,20,2.3,Colombo,6.9271,79.8612,Open-Meteo Historical API (ERA5 reanalysis)
2019-07-21,2019,7,Jul,21,16.3,Colombo,6.9271,79.8612,Open-Meteo Historical API (ERA5 reanalysis)
2019-07-22,2019,7,Jul,22,23.3,Colombo,6.9271,79.8612,Open-Meteo Historical API (ERA5 reanalysis)
2019-07-23,2019,7,Jul,23,0.8,Colombo,6.9271,79.8612,Open-Meteo Historical API (ERA5 reanalysis)
2019-07-24,2019,7,Jul,24,1.5,Colombo,6.9271,79.8612,Open-Meteo Historical API (ERA5 reanalysis)
2019-07-25,2019,7,Jul,25,14.5,Colombo,6.9271,79.8612,Open-Meteo Historical API (ERA5 reanalysis)
2019-07-26,2019,7,Jul,26,3.2,Colombo,6.9271,79.8612,Open-Meteo Historical API (ERA5 reanalysis)
2019-07-27,2019,7,Jul,27,0.5,Colombo,6.9271,79.8612,Open-Meteo Historical API (ERA5 reanalysis)
2019-07-28,2019,7,Jul,28,2.9,Colombo,6.9271,79.8612,Open-Meteo Historical API (ERA5 reanalysis)
2019-07-29,2019,7,Jul,29,5.1,Colombo,6.9271,79.8612,Open-Meteo Historical API (ERA5 reanalysis)
2019-07-30,2019,7,Jul,30,2.2,Colombo,6.9271,79.8612,Open-Meteo Historical API (ERA5 reanalysis)
2019-07-31,2019,7,Jul,31,3.1,Colombo,6.9271,79.8612,Open-Meteo Historical API (ERA5 reanalysis)
2019-08-01,2019,8,Aug,1,4.8,Colombo,6.9271,79.8612,Open-Meteo Historical API (ERA5 reanalysis)
2019-08-02,2019,8,Aug,2,4.7,Colombo,6.9271,79.8612,Open-Meteo Historical API (ERA5 reanalysis)
2019-08-03,2019,8,Aug,3,3.5,Colombo,6.9271,79.8612,Open-Meteo Historical API (ERA5 reanalysis)
2019-08-04,2019,8,Aug,4,2.6,Colombo,6.9271,79.8612,Open-Meteo Historical API (ERA5 reanalysis)
2019-08-05,2019,8,Aug,5,9.0,Colombo,6.9271,79.8612,Open-Meteo Historical API (ERA5 reanalysis)
2019-08-06,2019,8,Aug,6,3.6,Colombo,6.9271,79.8612,Open-Meteo Historical API (ERA5 reanalysis)
2019-08-07,2019,8,Aug,7,6.6,Colombo,6.9271,79.8612,Open-Meteo Historical API (ERA5 reanalysis)
2019-08-08,2019,8,Aug,8,28.4,Colombo,6.9271,79.8612,Open-Meteo Historical API (ERA5 reanalysis)
2019-08-09,2019,8,Aug,9,12.2,Colombo,6.9271,79.8612,Open-Meteo Historical API (ERA5 reanalysis)
2019-08-10,2019,8,Aug,10,21.4,Colombo,6.9271,79.8612,Open-Meteo Historical API (ERA5 reanalysis)
2019-08-11,2019,8,Aug,11,11.2,Colombo,6.9271,79.8612,Open-Meteo Historical API (ERA5 reanalysis)
2019-08-12,2019,8,Aug,12,8.4,Colombo,6.9271,79.8612,Open-Meteo Historical API (ERA5 reanalysis)
2019-08-13,2019,8,Aug,13,43.2,Colombo,6.9271,79.8612,Open-Meteo Historical API (ERA5 reanalysis)
2019-08-14,2019,8,Aug,14,10.7,Colombo,6.9271,79.8612,Open-Meteo Historical API (ERA5 reanalysis)
2019-08-15,2019,8,Aug,15,1.6,Colombo,6.9271,79.8612,Open-Meteo Historical API (ERA5 reanalysis)
2019-08-16,2019,8,Aug,16,22.7,Colombo,6.9271,79.8612,Open-Meteo Historical API (ERA5 reanalysis)
2019-08-17,2019,8,Aug,17,26.1,Colombo,6.9271,79.8612,Open-Meteo Historical API (ERA5 reanalysis)
2019-08-18,2019,8,Aug,18,10.3,Colombo,6.9271,79.8612,Open-Meteo Historical API (ERA5 reanalysis)
2019-08-19,2019,8,Aug,19,8.6,Colombo,6.9271,79.8612,Open-Meteo Historical API (ERA5 reanalysis)
2019-08-20,2019,8,Aug,20,6.4,Colombo,6.9271,79.8612,Open-Meteo Historical API (ERA5 reanalysis)
2019-08-21,2019,8,Aug,21,15.8,Colombo,6.9271,79.8612,Open-Meteo Historical API (ERA5 reanalysis)
2019-08-22,2019,8,Aug,22,18.9,Colombo,6.9271,79.8612,Open-Meteo Historical API (ERA5 reanalysis)
2019-08-23,2019,8,Aug,23,21.5,Colombo,6.9271,79.8612,Open-Meteo Historical API (ERA5 reanalysis)
2019-08-24,2019,8,Aug,24,15.2,Colombo,6.9271,79.8612,Open-Meteo Historical API (ERA5 reanalysis)
2019-08-25,2019,8,Aug,25,10.3,Colombo,6.9271,79.8612,Open-Meteo Historical API (ERA5 reanalysis)
2019-08-26,2019,8,Aug,26,16.3,Colombo,6.9271,79.8612,Open-Meteo Historical API (ERA5 reanalysis)
2019-08-27,2019,8,Aug,27,10.5,Colombo,6.9271,79.8612,Open-Meteo Historical API (ERA5 reanalysis)
2019-08-28,2019,8,Aug,28,8.1,Colombo,6.9271,79.8612,Open-Meteo Historical API (ERA5 reanalysis)
2019-08-29,2019,8,Aug,29,29.8,Colombo,6.9271,79.8612,Open-Meteo Historical API (ERA5 reanalysis)
2019-08-30,2019,8,Aug,30,10.7,Colombo,6.9271,79.8612,Open-Meteo Historical API (ERA5 reanalysis)
2019-08-31,2019,8,Aug,31,8.6,Colombo,6.9271,79.8612,Open-Meteo Historical API (ERA5 reanalysis)
2019-09-01,2019,9,Sep,1,8.3,Colombo,6.9271,79.8612,Open-Meteo Historical API (ERA5 reanalysis)
2019-09-02,2019,9,Sep,2,6.3,Colombo,6.9271,79.8612,Open-Meteo Historical API (ERA5 reanalysis)
2019-09-03,2019,9,Sep,3,5.3,Colombo,6.9271,79.8612,Open-Meteo Historical API (ERA5 reanalysis)
2019-09-04,2019,9,Sep,4,2.5,Colombo,6.9271,79.8612,Open-Meteo Historical API (ERA5 reanalysis)
2019-09-05,2019,9,Sep,5,4.8,Colombo,6.9271,79.8612,Open-Meteo Historical API (ERA5 reanalysis)
2019-09-06,2019,9,Sep,6,5.9,Colombo,6.9271,79.8612,Open-Meteo Historical API (ERA5 reanalysis)
2019-09-07,2019,9,Sep,7,3.7,Colombo,6.9271,79.8612,Open-Meteo Historical API (ERA5 reanalysis)
2019-09-08,2019,9,Sep,8,1.6,Colombo,6.9271,79.8612,Open-Meteo Historical API (ERA5 reanalysis)
2019-09-09,2019,9,Sep,9,1.5,Colombo,6.9271,79.8612,Open-Meteo Historical API (ERA5 reanalysis)
2019-09-10,2019,9,Sep,10,5.0,Colombo,6.9271,79.8612,Open-Meteo Historical API (ERA5 reanalysis)
2019-09-11,2019,9,Sep,11,20.1,Colombo,6.9271,79.8612,Open-Meteo Historical API (ERA5 reanalysis)
2019-09-12,2019,9,Sep,12,16.7,Colombo,6.9271,79.8612,Open-Meteo Historical API (ERA5 reanalysis)
2019-09-13,2019,9,Sep,13,15.0,Colombo,6.9271,79.8612,Open-Meteo Historical API (ERA5 reanalysis)
2019-09-14,2019,9,Sep,14,7.7,Colombo,6.9271,79.8612,Open-Meteo Historical API (ERA5 reanalysis)
2019-09-15,2019,9,Sep,15,20.5,Colombo,6.9271,79.8612,Open-Meteo Historical API (ERA5 reanalysis)
2019-09-16,2019,9,Sep,16,19.5,Colombo,6.9271,79.8612,Open-Meteo Historical API (ERA5 reanalysis)
2019-09-17,2019,9,Sep,17,10.4,Colombo,6.9271,79.8612,Open-Meteo Historical API (ERA5 reanalysis)
2019-09-18,2019,9,Sep,18,6.1,Colombo,6.9271,79.8612,Open-Meteo Historical API (ERA5 reanalysis)
2019-09-19,2019,9,Sep,19,10.3,Colombo,6.9271,79.8612,Open-Meteo Historical API (ERA5 reanalysis)
2019-09-20,2019,9,Sep,20,11.9,Colombo,6.9271,79.8612,Open-Meteo Historical API (ERA5 reanalysis)
2019-09-21,2019,9,Sep,21,9.9,Colombo,6.9271,79.8612,Open-Meteo Historical API (ERA5 reanalysis)
2019-09-22,2019,9,Sep,22,11.1,Colombo,6.9271,79.8612,Open-Meteo Historical API (ERA5 reanalysis)
2019-09-23,2019,9,Sep,23,33.0,Colombo,6.9271,79.8612,Open-Meteo Historical API (ERA5 reanalysis)
2019-09-24,2019,9,Sep,24,58.6,Colombo,6.9271,79.8612,Open-Meteo Historical API (ERA5 reanalysis)
2019-09-25,2019,9,Sep,25,23.5,Colombo,6.9271,79.8612,Open-Meteo Historical API (ERA5 reanalysis)
2019-09-26,2019,9,Sep,26,0.9,Colombo,6.9271,79.8612,Open-Meteo Historical API (ERA5 reanalysis)
2019-09-27,2019,9,Sep,27,1.3,Colombo,6.9271,79.8612,Open-Meteo Historical API (ERA5 reanalysis)
2019-09-28,2019,9,Sep,28,20.3,Colombo,6.9271,79.8612,Open-Meteo Historical API (ERA5 reanalysis)
2019-09-29,2019,9,Sep,29,1.5,Colombo,6.9271,79.8612,Open-Meteo Historical API (ERA5 reanalysis)
2019-09-30,2019,9,Sep,30,20.0,Colombo,6.9271,79.8612,Open-Meteo Historical API (ERA5 reanalysis)
2019-10-01,2019,10,Oct,1,8.0,Colombo,6.9271,79.8612,Open-Meteo Historical API (ERA5 reanalysis)
2019-10-02,2019,10,Oct,2,0.4,Colombo,6.9271,79.8612,Open-Meteo Historical API (ERA5 reanalysis)
2019-10-03,2019,10,Oct,3,20.0,Colombo,6.9271,79.8612,Open-Meteo Historical API (ERA5 reanalysis)
2019-10-04,2019,10,Oct,4,5.5,Colombo,6.9271,79.8612,Open-Meteo Historical API (ERA5 reanalysis)
2019-10-05,2019,10,Oct,5,13.7,Colombo,6.9271,79.8612,Open-Meteo Historical API (ERA5 reanalysis)
2019-10-06,2019,10,Oct,6,11.8,Colombo,6.9271,79.8612,Open-Meteo Historical API (ERA5 reanalysis)
2019-10-07,2019,10,Oct,7,8.7,Colombo,6.9271,79.8612,Open-Meteo Historical API (ERA5 reanalysis)
2019-10-08,2019,10,Oct,8,9.4,Colombo,6.9271,79.8612,Open-Meteo Historical API (ERA5 reanalysis)
2019-10-09,2019,10,Oct,9,14.6,Colombo,6.9271,79.8612,Open-Meteo Historical API (ERA5 reanalysis)
2019-10-10,2019,10,Oct,10,4.5,Colombo,6.9271,79.8612,Open-Meteo Historical API (ERA5 reanalysis)
2019-10-11,2019,10,Oct,11,8.2,Colombo,6.9271,79.8612,Open-Meteo Historical API (ERA5 reanalysis)
2019-10-12,2019,10,Oct,12,15.0,Colombo,6.9271,79.8612,Open-Meteo Historical API (ERA5 reanalysis)
2019-10-13,2019,10,Oct,13,41.4,Colombo,6.9271,79.8612,Open-Meteo Historical API (ERA5 reanalysis)
2019-10-14,2019,10,Oct,14,9.5,Colombo,6.9271,79.8612,Open-Meteo Historical API (ERA5 reanalysis)
2019-10-15,2019,10,Oct,15,67.7,Colombo,6.9271,79.8612,Open-Meteo Historical API (ERA5 reanalysis)
2019-10-16,2019,10,Oct,16,22.8,Colombo,6.9271,79.8612,Open-Meteo Historical API (ERA5 reanalysis)
2019-10-17,2019,10,Oct,17,12.2,Colombo,6.9271,79.8612,Open-Meteo Historical API (ERA5 reanalysis)
2019-10-18,2019,10,Oct,18,8.3,Colombo,6.9271,79.8612,Open-Meteo Historical API (ERA5 reanalysis)
2019-10-19,2019,10,Oct,19,10.0,Colombo,6.9271,79.8612,Open-Meteo Historical API (ERA5 reanalysis)
2019-10-20,2019,10,Oct,20,36.8,Colombo,6.9271,79.8612,Open-Meteo Historical API (ERA5 reanalysis)
2019-10-21,2019,10,Oct,21,33.7,Colombo,6.9271,79.8612,Open-Meteo Historical API (ERA5 reanalysis)
2019-10-22,2019,10,Oct,22,6.6,Colombo,6.9271,79.8612,Open-Meteo Historical API (ERA5 reanalysis)
2019-10-23,2019,10,Oct,23,17.0,Colombo,6.9271,79.8612,Open-Meteo Historical API (ERA5 reanalysis)
2019-10-24,2019,10,Oct,24,53.0,Colombo,6.9271,79.8612,Open-Meteo Historical API (ERA5 reanalysis)
2019-10-25,2019,10,Oct,25,1.4,Colombo,6.9271,79.8612,Open-Meteo Historical API (ERA5 reanalysis)
2019-10-26,2019,10,Oct,26,6.2,Colombo,6.9271,79.8612,Open-Meteo Historical API (ERA5 reanalysis)
2019-10-27,2019,10,Oct,27,2.1,Colombo,6.9271,79.8612,Open-Meteo Historical API (ERA5 reanalysis)
2019-10-28,2019,10,Oct,28,21.8,Colombo,6.9271,79.8612,Open-Meteo Historical API (ERA5 reanalysis)
2019-10-29,2019,10,Oct,29,9.0,Colombo,6.9271,79.8612,Open-Meteo Historical API (ERA5 reanalysis)
2019-10-30,2019,10,Oct,30,6.6,Colombo,6.9271,79.8612,Open-Meteo Historical API (ERA5 reanalysis)
2019-10-31,2019,10,Oct,31,6.3,Colombo,6.9271,79.8612,Open-Meteo Historical API (ERA5 reanalysis)
2019-11-01,2019,11,Nov,1,1.5,Colombo,6.9271,79.8612,Open-Meteo Historical API (ERA5 reanalysis)
2019-11-02,2019,11,Nov,2,9.7,Colombo,6.9271,79.8612,Open-Meteo Historical API (ERA5 reanalysis)
2019-11-03,2019,11,Nov,3,65.4,Colombo,6.9271,79.8612,Open-Meteo Historical API (ERA5 reanalysis)
2019-11-04,2019,11,Nov,4,4.9,Colombo,6.9271,79.8612,Open-Meteo Historical API (ERA5 reanalysis)
2019-11-05,2019,11,Nov,5,5.4,Colombo,6.9271,79.8612,Open-Meteo Historical API (ERA5 reanalysis)
2019-11-06,2019,11,Nov,6,3.8,Colombo,6.9271,79.8612,Open-Meteo Historical API (ERA5 reanalysis)
2019-11-07,2019,11,Nov,7,4.1,Colombo,6.9271,79.8612,Open-Meteo Historical API (ERA5 reanalysis)
2019-11-08,2019,11,Nov,8,10.0,Colombo,6.9271,79.8612,Open-Meteo Historical API (ERA5 reanalysis)
2019-11-09,2019,11,Nov,9,9.0,Colombo,6.9271,79.8612,Open-Meteo Historical API (ERA5 reanalysis)
2019-11-10,2019,11,Nov,10,9.1,Colombo,6.9271,79.8612,Open-Meteo Historical API (ERA5 reanalysis)
2019-11-11,2019,11,Nov,11,9.1,Colombo,6.9271,79.8612,Open-Meteo Historical API (ERA5 reanalysis)
2019-11-12,2019,11,Nov,12,7.5,Colombo,6.9271,79.8612,Open-Meteo Historical API (ERA5 reanalysis)
2019-11-13,2019,11,Nov,13,2.5,Colombo,6.9271,79.8612,Open-Meteo Historical API (ERA5 reanalysis)
2019-11-14,2019,11,Nov,14,0.4,Colombo,6.9271,79.8612,Open-Meteo Historical API (ERA5 reanalysis)
2019-11-15,2019,11,Nov,15,22.7,Colombo,6.9271,79.8612,Open-Meteo Historical API (ERA5 reanalysis)
2019-11-16,2019,11,Nov,16,13.5,Colombo,6.9271,79.8612,Open-Meteo Historical API (ERA5 reanalysis)
2019-11-17,2019,11,Nov,17,7.1,Colombo,6.9271,79.8612,Open-Meteo Historical API (ERA5 reanalysis)
2019-11-18,2019,11,Nov,18,6.5,Colombo,6.9271,79.8612,Open-Meteo Historical API (ERA5 reanalysis)
2019-11-19,2019,11,Nov,19,20.5,Colombo,6.9271,79.8612,Open-Meteo Historical API (ERA5 reanalysis)
2019-11-20,2019,11,Nov,20,45.9,Colombo,6.9271,79.8612,Open-Meteo Historical API (ERA5 reanalysis)
2019-11-21,2019,11,Nov,21,13.0,Colombo,6.9271,79.8612,Open-Meteo Historical API (ERA5 reanalysis)
2019-11-22,2019,11,Nov,22,15.5,Colombo,6.9271,79.8612,Open-Meteo Historical API (ERA5 reanalysis)
2019-11-23,2019,11,Nov,23,10.0,Colombo,6.9271,79.8612,Open-Meteo Historical API (ERA5 reanalysis)
2019-11-24,2019,11,Nov,24,10.2,Colombo,6.9271,79.8612,Open-Meteo Historical API (ERA5 reanalysis)
2019-11-25,2019,11,Nov,25,16.2,Colombo,6.9271,79.8612,Open-Meteo Historical API (ERA5 reanalysis)
2019-11-26,2019,11,Nov,26,9.0,Colombo,6.9271,79.8612,Open-Meteo Historical API (ERA5 reanalysis)
2019-11-27,2019,11,Nov,27,4.4,Colombo,6.9271,79.8612,Open-Meteo Historical API (ERA5 reanalysis)
2019-11-28,2019,11,Nov,28,17.8,Colombo,6.9271,79.8612,Open-Meteo Historical API (ERA5 reanalysis)
2019-11-29,2019,11,Nov,29,13.0,Colombo,6.9271,79.8612,Open-Meteo Historical API (ERA5 reanalysis)
2019-11-30,2019,11,Nov,30,27.8,Colombo,6.9271,79.8612,Open-Meteo Historical API (ERA5 reanalysis)
2019-12-01,2019,12,Dec,1,8.3,Colombo,6.9271,79.8612,Open-Meteo Historical API (ERA5 reanalysis)
2019-12-02,2019,12,Dec,2,8.7,Colombo,6.9271,79.8612,Open-Meteo Historical API (ERA5 reanalysis)
2019-12-03,2019,12,Dec,3,3.8,Colombo,6.9271,79.8612,Open-Meteo Historical API (ERA5 reanalysis)
2019-12-04,2019,12,Dec,4,24.0,Colombo,6.9271,79.8612,Open-Meteo Historical API (ERA5 reanalysis)
2019-12-05,2019,12,Dec,5,7.6,Colombo,6.9271,79.8612,Open-Meteo Historical API (ERA5 reanalysis)
2019-12-06,2019,12,Dec,6,2.6,Colombo,6.9271,79.8612,Open-Meteo Historical API (ERA5 reanalysis)
2019-12-07,2019,12,Dec,7,6.6,Colombo,6.9271,79.8612,Open-Meteo Historical API (ERA5 reanalysis)
2019-12-08,2019,12,Dec,8,3.9,Colombo,6.9271,79.8612,Open-Meteo Historical API (ERA5 reanalysis)
2019-12-09,2019,12,Dec,9,0.5,Colombo,6.9271,79.8612,Open-Meteo Historical API (ERA5 reanalysis)
2019-12-10,2019,12,Dec,10,4.0,Colombo,6.9271,79.8612,Open-Meteo Historical API (ERA5 reanalysis)
2019-12-11,2019,12,Dec,11,13.1,Colombo,6.9271,79.8612,Open-Meteo Historical API (ERA5 reanalysis)
2019-12-12,2019,12,Dec,12,1.7,Colombo,6.9271,79.8612,Open-Meteo Historical API (ERA5 reanalysis)
2019-12-13,2019,12,Dec,13,3.9,Colombo,6.9271,79.8612,Open-Meteo Historical API (ERA5 reanalysis)
2019-12-14,2019,12,Dec,14,3.6,Colombo,6.9271,79.8612,Open-Meteo Historical API (ERA5 reanalysis)
2019-12-15,2019,12,Dec,15,0.6,Colombo,6.9271,79.8612,Open-Meteo Historical API (ERA5 reanalysis)
2019-12-16,2019,12,Dec,16,0.8,Colombo,6.9271,79.8612,Open-Meteo Historical API (ERA5 reanalysis)
2019-12-17,2019,12,Dec,17,12.9,Colombo,6.9271,79.8612,Open-Meteo Historical API (ERA5 reanalysis)
2019-12-18,2019,12,Dec,18,3.3,Colombo,6.9271,79.8612,Open-Meteo Historical API (ERA5 reanalysis)
2019-12-19,2019,12,Dec,19,5.8,Colombo,6.9271,79.8612,Open-Meteo Historical API (ERA5 reanalysis)
2019-12-20,2019,12,Dec,20,18.9,Colombo,6.9271,79.8612,Open-Meteo Historical API (ERA5 reanalysis)
2019-12-21,2019,12,Dec,21,6.1,Colombo,6.9271,79.8612,Open-Meteo Historical API (ERA5 reanalysis)
2019-12-22,2019,12,Dec,22,10.6,Colombo,6.9271,79.8612,Open-Meteo Historical API (ERA5 reanalysis)
2019-12-23,2019,12,Dec,23,3.5,Colombo,6.9271,79.8612,Open-Meteo Historical API (ERA5 reanalysis)
2019-12-24,2019,12,Dec,24,2.3,Colombo,6.9271,79.8612,Open-Meteo Historical API (ERA5 reanalysis)
2019-12-25,2019,12,Dec,25,2.5,Colombo,6.9271,79.8612,Open-Meteo Historical API (ERA5 reanalysis)
2019-12-26,2019,12,Dec,26,0.1,Colombo,6.9271,79.8612,Open-Meteo Historical API (ERA5 reanalysis)
2019-12-27,2019,12,Dec,27,0.0,Colombo,6.9271,79.8612,Open-Meteo Historical API (ERA5 reanalysis)
2019-12-28,2019,12,Dec,28,0.0,Colombo,6.9271,79.8612,Open-Meteo Historical API (ERA5 reanalysis)
2019-12-29,2019,12,Dec,29,0.0,Colombo,6.9271,79.8612,Open-Meteo Historical API (ERA5 reanalysis)
2019-12-30,2019,12,Dec,30,0.7,Colombo,6.9271,79.8612,Open-Meteo Historical API (ERA5 reanalysis)
2019-12-31,2019,12,Dec,31,0.4,Colombo,6.9271,79.8612,Open-Meteo Historical API (ERA5 reanalysis)
2020-01-01,2020,1,Jan,1,1.1,Colombo,6.9271,79.8612,Open-Meteo Historical API (ERA5 reanalysis)
2020-01-02,2020,1,Jan,2,1.6,Colombo,6.9271,79.8612,Open-Meteo Historical API (ERA5 reanalysis)
2020-01-03,2020,1,Jan,3,0.8,Colombo,6.9271,79.8612,Open-Meteo Historical API (ERA5 reanalysis)
2020-01-04,2020,1,Jan,4,2.3,Colombo,6.9271,79.8612,Open-Meteo Historical API (ERA5 reanalysis)
2020-01-05,2020,1,Jan,5,0.5,Colombo,6.9271,79.8612,Open-Meteo Historical API (ERA5 reanalysis)
2020-01-06,2020,1,Jan,6,0.5,Colombo,6.9271,79.8612,Open-Meteo Historical API (ERA5 reanalysis)
2020-01-07,2020,1,Jan,7,0.4,Colombo,6.9271,79.8612,Open-Meteo Historical API (ERA5 reanalysis)
2020-01-08,2020,1,Jan,8,0.2,Colombo,6.9271,79.8612,Open-Meteo Historical API (ERA5 reanalysis)
2020-01-09,2020,1,Jan,9,0.0,Colombo,6.9271,79.8612,Open-Meteo Historical API (ERA5 reanalysis)
2020-01-10,2020,1,Jan,10,0.0,Colombo,6.9271,79.8612,Open-Meteo Historical API (ERA5 reanalysis)
2020-01-11,2020,1,Jan,11,0.0,Colombo,6.9271,79.8612,Open-Meteo Historical API (ERA5 reanalysis)
2020-01-12,2020,1,Jan,12,0.6,Colombo,6.9271,79.8612,Open-Meteo Historical API (ERA5 reanalysis)
2020-01-13,2020,1,Jan,13,0.0,Colombo,6.9271,79.8612,Open-Meteo Historical API (ERA5 reanalysis)
2020-01-14,2020,1,Jan,14,0.0,Colombo,6.9271,79.8612,Open-Meteo Historical API (ERA5 reanalysis)
2020-01-15,2020,1,Jan,15,0.0,Colombo,6.9271,79.8612,Open-Meteo Historical API (ERA5 reanalysis)
2020-01-16,2020,1,Jan,16,1.0,Colombo,6.9271,79.8612,Open-Meteo Historical API (ERA5 reanalysis)
2020-01-17,2020,1,Jan,17,0.1,Colombo,6.9271,79.8612,Open-Meteo Historical API (ERA5 reanalysis)
2020-01-18,2020,1,Jan,18,0.5,Colombo,6.9271,79.8612,Open-Meteo Historical API (ERA5 reanalysis)
2020-01-19,2020,1,Jan,19,1.2,Colombo,6.9271,79.8612,Open-Meteo Historical API (ERA5 reanalysis)
2020-01-20,2020,1,Jan,20,1.1,Colombo,6.9271,79.8612,Open-Meteo Historical API (ERA5 reanalysis)
2020-01-21,2020,1,Jan,21,4.1,Colombo,6.9271,79.8612,Open-Meteo Historical API (ERA5 reanalysis)
2020-01-22,2020,1,Jan,22,1.9,Colombo,6.9271,79.8612,Open-Meteo Historical API (ERA5 reanalysis)
2020-01-23,2020,1,Jan,23,1.8,Colombo,6.9271,79.8612,Open-Meteo Historical API (ERA5 reanalysis)
2020-01-24,2020,1,Jan,24,0.2,Colombo,6.9271,79.8612,Open-Meteo Historical API (ERA5 reanalysis)
2020-01-25,2020,1,Jan,25,0.0,Colombo,6.9271,79.8612,Open-Meteo Historical API (ERA5 reanalysis)
2020-01-26,2020,1,Jan,26,0.0,Colombo,6.9271,79.8612,Open-Meteo Historical API (ERA5 reanalysis)
2020-01-27,2020,1,Jan,27,0.0,Colombo,6.9271,79.8612,Open-Meteo Historical API (ERA5 reanalysis)
2020-01-28,2020,1,Jan,28,0.0,Colombo,6.9271,79.8612,Open-Meteo Historical API (ERA5 reanalysis)
2020-01-29,2020,1,Jan,29,0.0,Colombo,6.9271,79.8612,Open-Meteo Historical API (ERA5 reanalysis)
2020-01-30,2020,1,Jan,30,0.0,Colombo,6.9271,79.8612,Open-Meteo Historical API (ERA5 reanalysis)
2020-01-31,2020,1,Jan,31,0.0,Colombo,6.9271,79.8612,Open-Meteo Historical API (ERA5 reanalysis)
2020-02-01,2020,2,Feb,1,0.0,Colombo,6.9271,79.8612,Open-Meteo Historical API (ERA5 reanalysis)
2020-02-02,2020,2,Feb,2,4.9,Colombo,6.9271,79.8612,Open-Meteo Historical API (ERA5 reanalysis)
2020-02-03,2020,2,Feb,3,0.8,Colombo,6.9271,79.8612,Open-Meteo Historical API (ERA5 reanalysis)
2020-02-04,2020,2,Feb,4,0.0,Colombo,6.9271,79.8612,Open-Meteo Historical API (ERA5 reanalysis)
2020-02-05,2020,2,Feb,5,0.4,Colombo,6.9271,79.8612,Open-Meteo Historical API (ERA5 reanalysis)
2020-02-06,2020,2,Feb,6,0.0,Colombo,6.9271,79.8612,Open-Meteo Historical API (ERA5 reanalysis)
2020-02-07,2020,2,Feb,7,0.0,Colombo,6.9271,79.8612,Open-Meteo Historical API (ERA5 reanalysis)
2020-02-08,2020,2,Feb,8,0.2,Colombo,6.9271,79.8612,Open-Meteo Historical API (ERA5 reanalysis)
2020-02-09,2020,2,Feb,9,0.0,Colombo,6.9271,79.8612,Open-Meteo Historical API (ERA5 reanalysis)
2020-02-10,2020,2,Feb,10,0.0,Colombo,6.9271,79.8612,Open-Meteo Historical API (ERA5 reanalysis)
2020-02-11,2020,2,Feb,11,0.0,Colombo,6.9271,79.8612,Open-Meteo Historical API (ERA5 reanalysis)
2020-02-12,2020,2,Feb,12,0.0,Colombo,6.9271,79.8612,Open-Meteo Historical API (ERA5 reanalysis)
2020-02-13,2020,2,Feb,13,1.4,Colombo,6.9271,79.8612,Open-Meteo Historical API (ERA5 reanalysis)
2020-02-14,2020,2,Feb,14,3.6,Colombo,6.9271,79.8612,Open-Meteo Historical API (ERA5 reanalysis)
2020-02-15,2020,2,Feb,15,4.6,Colombo,6.9271,79.8612,Open-Meteo Historical API (ERA5 reanalysis)
2020-02-16,2020,2,Feb,16,1.3,Colombo,6.9271,79.8612,Open-Meteo Historical API (ERA5 reanalysis)
2020-02-17,2020,2,Feb,17,0.7,Colombo,6.9271,79.8612,Open-Meteo Historical API (ERA5 reanalysis)
2020-02-18,2020,2,Feb,18,0.1,Colombo,6.9271,79.8612,Open-Meteo Historical API (ERA5 reanalysis)
2020-02-19,2020,2,Feb,19,0.0,Colombo,6.9271,79.8612,Open-Meteo Historical API (ERA5 reanalysis)
2020-02-20,2020,2,Feb,20,0.0,Colombo,6.9271,79.8612,Open-Meteo Historical API (ERA5 reanalysis)
2020-02-21,2020,2,Feb,21,1.5,Colombo,6.9271,79.8612,Open-Meteo Historical API (ERA5 reanalysis)
2020-02-22,2020,2,Feb,22,1.6,Colombo,6.9271,79.8612,Open-Meteo Historical API (ERA5 reanalysis)
2020-02-23,2020,2,Feb,23,2.0,Colombo,6.9271,79.8612,Open-Meteo Historical API (ERA5 reanalysis)
2020-02-24,2020,2,Feb,24,0.0,Colombo,6.9271,79.8612,Open-Meteo Historical API (ERA5 reanalysis)
2020-02-25,2020,2,Feb,25,0.0,Colombo,6.9271,79.8612,Open-Meteo Historical API (ERA5 reanalysis)
2020-02-26,2020,2,Feb,26,0.4,Colombo,6.9271,79.8612,Open-Meteo Historical API (ERA5 reanalysis)
2020-02-27,2020,2,Feb,27,0.0,Colombo,6.9271,79.8612,Open-Meteo Historical API (ERA5 reanalysis)
2020-02-28,2020,2,Feb,28,0.4,Colombo,6.9271,79.8612,Open-Meteo Historical API (ERA5 reanalysis)
2020-02-29,2020,2,Feb,29,0.2,Colombo,6.9271,79.8612,Open-Meteo Historical API (ERA5 reanalysis)
2020-03-01,2020,3,Mar,1,0.2,Colombo,6.9271,79.8612,Open-Meteo Historical API (ERA5 reanalysis)
2020-03-02,2020,3,Mar,2,0.0,Colombo,6.9271,79.8612,Open-Meteo Historical API (ERA5 reanalysis)
2020-03-03,2020,3,Mar,3,0.0,Colombo,6.9271,79.8612,Open-Meteo Historical API (ERA5 reanalysis)
2020-03-04,2020,3,Mar,4,0.0,Colombo,6.9271,79.8612,Open-Meteo Historical API (ERA5 reanalysis)
2020-03-05,2020,3,Mar,5,0.9,Colombo,6.9271,79.8612,Open-Meteo Historical API (ERA5 reanalysis)
2020-03-06,2020,3,Mar,6,0.7,Colombo,6.9271,79.8612,Open-Meteo Historical API (ERA5 reanalysis)
2020-03-07,2020,3,Mar,7,0.7,Colombo,6.9271,79.8612,Open-Meteo Historical API (ERA5 reanalysis)
2020-03-08,2020,3,Mar,8,0.8,Colombo,6.9271,79.8612,Open-Meteo Historical API (ERA5 reanalysis)
2020-03-09,2020,3,Mar,9,0.0,Colombo,6.9271,79.8612,Open-Meteo Historical API (ERA5 reanalysis)
2020-03-10,2020,3,Mar,10,0.1,Colombo,6.9271,79.8612,Open-Meteo Historical API (ERA5 reanalysis)
2020-03-11,2020,3,Mar,11,1.1,Colombo,6.9271,79.8612,Open-Meteo Historical API (ERA5 reanalysis)
2020-03-12,2020,3,Mar,12,1.1,Colombo,6.9271,79.8612,Open-Meteo Historical API (ERA5 reanalysis)
2020-03-13,2020,3,Mar,13,0.8,Colombo,6.9271,79.8612,Open-Meteo Historical API (ERA5 reanalysis)
2020-03-14,2020,3,Mar,14,1.3,Colombo,6.9271,79.8612,Open-Meteo Historical API (ERA5 reanalysis)
2020-03-15,2020,3,Mar,15,1.4,Colombo,6.9271,79.8612,Open-Meteo Historical API (ERA5 reanalysis)
2020-03-16,2020,3,Mar,16,3.5,Colombo,6.9271,79.8612,Open-Meteo Historical API (ERA5 reanalysis)
2020-03-17,2020,3,Mar,17,4.7,Colombo,6.9271,79.8612,Open-Meteo Historical API (ERA5 reanalysis)
2020-03-18,2020,3,Mar,18,0.1,Colombo,6.9271,79.8612,Open-Meteo Historical API (ERA5 reanalysis)
2020-03-19,2020,3,Mar,19,10.4,Colombo,6.9271,79.8612,Open-Meteo Historical API (ERA5 reanalysis)
2020-03-20,2020,3,Mar,20,0.8,Colombo,6.9271,79.8612,Open-Meteo Historical API (ERA5 reanalysis)
2020-03-21,2020,3,Mar,21,0.7,Colombo,6.9271,79.8612,Open-Meteo Historical API (ERA5 reanalysis)
2020-03-22,2020,3,Mar,22,0.0,Colombo,6.9271,79.8612,Open-Meteo Historical API (ERA5 reanalysis)
2020-03-23,2020,3,Mar,23,0.2,Colombo,6.9271,79.8612,Open-Meteo Historical API (ERA5 reanalysis)
2020-03-24,2020,3,Mar,24,0.4,Colombo,6.9271,79.8612,Open-Meteo Historical API (ERA5 reanalysis)
2020-03-25,2020,3,Mar,25,1.3,Colombo,6.9271,79.8612,Open-Meteo Historical API (ERA5 reanalysis)
2020-03-26,2020,3,Mar,26,0.1,Colombo,6.9271,79.8612,Open-Meteo Historical API (ERA5 reanalysis)
2020-03-27,2020,3,Mar,27,0.0,Colombo,6.9271,79.8612,Open-Meteo Historical API (ERA5 reanalysis)
2020-03-28,2020,3,Mar,28,0.5,Colombo,6.9271,79.8612,Open-Meteo Historical API (ERA5 reanalysis)
2020-03-29,2020,3,Mar,29,1.2,Colombo,6.9271,79.8612,Open-Meteo Historical API (ERA5 reanalysis)
2020-03-30,2020,3,Mar,30,12.6,Colombo,6.9271,79.8612,Open-Meteo Historical API (ERA5 reanalysis)
2020-03-31,2020,3,Mar,31,3.0,Colombo,6.9271,79.8612,Open-Meteo Historical API (ERA5 reanalysis)
2020-04-01,2020,4,Apr,1,0.0,Colombo,6.9271,79.8612,Open-Meteo Historical API (ERA5 reanalysis)
2020-04-02,2020,4,Apr,2,0.0,Colombo,6.9271,79.8612,Open-Meteo Historical API (ERA5 reanalysis)
2020-04-03,2020,4,Apr,3,0.5,Colombo,6.9271,79.8612,Open-Meteo Historical API (ERA5 reanalysis)
2020-04-04,2020,4,Apr,4,43.0,Colombo,6.9271,79.8612,Open-Meteo Historical API (ERA5 reanalysis)
2020-04-05,2020,4,Apr,5,2.2,Colombo,6.9271,79.8612,Open-Meteo Historical API (ERA5 reanalysis)
2020-04-06,2020,4,Apr,6,2.1,Colombo,6.9271,79.8612,Open-Meteo Historical API (ERA5 reanalysis)
2020-04-07,2020,4,Apr,7,2.5,Colombo,6.9271,79.8612,Open-Meteo Historical API (ERA5 reanalysis)
2020-04-08,2020,4,Apr,8,3.3,Colombo,6.9271,79.8612,Open-Meteo Historical API (ERA5 reanalysis)
2020-04-09,2020,4,Apr,9,5.1,Colombo,6.9271,79.8612,Open-Meteo Historical API (ERA5 reanalysis)
2020-04-10,2020,4,Apr,10,9.7,Colombo,6.9271,79.8612,Open-Meteo Historical API (ERA5 reanalysis)
2020-04-11,2020,4,Apr,11,6.0,Colombo,6.9271,79.8612,Open-Meteo Historical API (ERA5 reanalysis)
2020-04-12,2020,4,Apr,12,5.3,Colombo,6.9271,79.8612,Open-Meteo Historical API (ERA5 reanalysis)
2020-04-13,2020,4,Apr,13,1.2,Colombo,6.9271,79.8612,Open-Meteo Historical API (ERA5 reanalysis)
2020-04-14,2020,4,Apr,14,8.5,Colombo,6.9271,79.8612,Open-Meteo Historical API (ERA5 reanalysis)
2020-04-15,2020,4,Apr,15,4.5,Colombo,6.9271,79.8612,Open-Meteo Historical API (ERA5 reanalysis)
2020-04-16,2020,4,Apr,16,6.0,Colombo,6.9271,79.8612,Open-Meteo Historical API (ERA5 reanalysis)
2020-04-17,2020,4,Apr,17,4.9,Colombo,6.9271,79.8612,Open-Meteo Historical API (ERA5 reanalysis)
2020-04-18,2020,4,Apr,18,3.7,Colombo,6.9271,79.8612,Open-Meteo Historical API (ERA5 reanalysis)
2020-04-19,2020,4,Apr,19,1.4,Colombo,6.9271,79.8612,Open-Meteo Historical API (ERA5 reanalysis)
2020-04-20,2020,4,Apr,20,0.9,Colombo,6.9271,79.8612,Open-Meteo Historical API (ERA5 reanalysis)
2020-04-21,2020,4,Apr,21,6.3,Colombo,6.9271,79.8612,Open-Meteo Historical API (ERA5 reanalysis)
2020-04-22,2020,4,Apr,22,5.2,Colombo,6.9271,79.8612,Open-Meteo Historical API (ERA5 reanalysis)
2020-04-23,2020,4,Apr,23,7.5,Colombo,6.9271,79.8612,Open-Meteo Historical API (ERA5 reanalysis)
2020-04-24,2020,4,Apr,24,3.6,Colombo,6.9271,79.8612,Open-Meteo Historical API (ERA5 reanalysis)
2020-04-25,2020,4,Apr,25,2.5,Colombo,6.9271,79.8612,Open-Meteo Historical API (ERA5 reanalysis)
2020-04-26,2020,4,Apr,26,4.2,Colombo,6.9271,79.8612,Open-Meteo Historical API (ERA5 reanalysis)
2020-04-27,2020,4,Apr,27,0.9,Colombo,6.9271,79.8612,Open-Meteo Historical API (ERA5 reanalysis)
2020-04-28,2020,4,Apr,28,6.6,Colombo,6.9271,79.8612,Open-Meteo Historical API (ERA5 reanalysis)
2020-04-29,2020,4,Apr,29,2.8,Colombo,6.9271,79.8612,Open-Meteo Historical API (ERA5 reanalysis)
2020-04-30,2020,4,Apr,30,2.2,Colombo,6.9271,79.8612,Open-Meteo Historical API (ERA5 reanalysis)
2020-05-01,2020,5,May,1,2.7,Colombo,6.9271,79.8612,Open-Meteo Historical API (ERA5 reanalysis)
2020-05-02,2020,5,May,2,2.0,Colombo,6.9271,79.8612,Open-Meteo Historical API (ERA5 reanalysis)
2020-05-03,2020,5,May,3,5.1,Colombo,6.9271,79.8612,Open-Meteo Historical API (ERA5 reanalysis)
2020-05-04,2020,5,May,4,5.0,Colombo,6.9271,79.8612,Open-Meteo Historical API (ERA5 reanalysis)
2020-05-05,2020,5,May,5,4.0,Colombo,6.9271,79.8612,Open-Meteo Historical API (ERA5 reanalysis)
2020-05-06,2020,5,May,6,5.2,Colombo,6.9271,79.8612,Open-Meteo Historical API (ERA5 reanalysis)
2020-05-07,2020,5,May,7,5.2,Colombo,6.9271,79.8612,Open-Meteo Historical API (ERA5 reanalysis)
2020-05-08,2020,5,May,8,2.9,Colombo,6.9271,79.8612,Open-Meteo Historical API (ERA5 reanalysis)
2020-05-09,2020,5,May,9,4.8,Colombo,6.9271,79.8612,Open-Meteo Historical API (ERA5 reanalysis)
2020-05-10,2020,5,May,10,13.8,Colombo,6.9271,79.8612,Open-Meteo Historical API (ERA5 reanalysis)
2020-05-11,2020,5,May,11,18.8,Colombo,6.9271,79.8612,Open-Meteo Historical API (ERA5 reanalysis)
2020-05-12,2020,5,May,12,6.5,Colombo,6.9271,79.8612,Open-Meteo Historical API (ERA5 reanalysis)
2020-05-13,2020,5,May,13,3.0,Colombo,6.9271,79.8612,Open-Meteo Historical API (ERA5 reanalysis)
2020-05-14,2020,5,May,14,4.2,Colombo,6.9271,79.8612,Open-Meteo Historical API (ERA5 reanalysis)
2020-05-15,2020,5,May,15,11.9,Colombo,6.9271,79.8612,Open-Meteo Historical API (ERA5 reanalysis)
2020-05-16,2020,5,May,16,12.4,Colombo,6.9271,79.8612,Open-Meteo Historical API (ERA5 reanalysis)
2020-05-17,2020,5,May,17,8.8,Colombo,6.9271,79.8612,Open-Meteo Historical API (ERA5 reanalysis)
2020-05-18,2020,5,May,18,37.7,Colombo,6.9271,79.8612,Open-Meteo Historical API (ERA5 reanalysis)
2020-05-19,2020,5,May,19,9.0,Colombo,6.9271,79.8612,Open-Meteo Historical API (ERA5 reanalysis)
2020-05-20,2020,5,May,20,5.9,Colombo,6.9271,79.8612,Open-Meteo Historical API (ERA5 reanalysis)
2020-05-21,2020,5,May,21,11.5,Colombo,6.9271,79.8612,Open-Meteo Historical API (ERA5 reanalysis)
2020-05-22,2020,5,May,22,25.2,Colombo,6.9271,79.8612,Open-Meteo Historical API (ERA5 reanalysis)
2020-05-23,2020,5,May,23,4.5,Colombo,6.9271,79.8612,Open-Meteo Historical API (ERA5 reanalysis)
2020-05-24,2020,5,May,24,12.0,Colombo,6.9271,79.8612,Open-Meteo Historical API (ERA5 reanalysis)
2020-05-25,2020,5,May,25,4.8,Colombo,6.9271,79.8612,Open-Meteo Historical API (ERA5 reanalysis)
2020-05-26,2020,5,May,26,7.7,Colombo,6.9271,79.8612,Open-Meteo Historical API (ERA5 reanalysis)
2020-05-27,2020,5,May,27,11.6,Colombo,6.9271,79.8612,Open-Meteo Historical API (ERA5 reanalysis)
2020-05-28,2020,5,May,28,19.3,Colombo,6.9271,79.8612,Open-Meteo Historical API (ERA5 reanalysis)
2020-05-29,2020,5,May,29,17.3,Colombo,6.9271,79.8612,Open-Meteo Historical API (ERA5 reanalysis)
2020-05-30,2020,5,May,30,1.9,Colombo,6.9271,79.8612,Open-Meteo Historical API (ERA5 reanalysis)
2020-05-31,2020,5,May,31,2.7,Colombo,6.9271,79.8612,Open-Meteo Historical API (ERA5 reanalysis)
2020-06-01,2020,6,Jun,1,6.9,Colombo,6.9271,79.8612,Open-Meteo Historical API (ERA5 reanalysis)
2020-06-02,2020,6,Jun,2,1.4,Colombo,6.9271,79.8612,Open-Meteo Historical API (ERA5 reanalysis)
2020-06-03,2020,6,Jun,3,1.0,Colombo,6.9271,79.8612,Open-Meteo Historical API (ERA5 reanalysis)
2020-06-04,2020,6,Jun,4,0.2,Colombo,6.9271,79.8612,Open-Meteo Historical API (ERA5 reanalysis)
2020-06-05,2020,6,Jun,5,7.4,Colombo,6.9271,79.8612,Open-Meteo Historical API (ERA5 reanalysis)
2020-06-06,2020,6,Jun,6,44.5,Colombo,6.9271,79.8612,Open-Meteo Historical API (ERA5 reanalysis)
2020-06-07,2020,6,Jun,7,26.5,Colombo,6.9271,79.8612,Open-Meteo Historical API (ERA5 reanalysis)
2020-06-08,2020,6,Jun,8,13.8,Colombo,6.9271,79.8612,Open-Meteo Historical API (ERA5 reanalysis)
2020-06-09,2020,6,Jun,9,4.9,Colombo,6.9271,79.8612,Open-Meteo Historical API (ERA5 reanalysis)
2020-06-10,2020,6,Jun,10,7.6,Colombo,6.9271,79.8612,Open-Meteo Historical API (ERA5 reanalysis)
2020-06-11,2020,6,Jun,11,13.4,Colombo,6.9271,79.8612,Open-Meteo Historical API (ERA5 reanalysis)
2020-06-12,2020,6,Jun,12,14.0,Colombo,6.9271,79.8612,Open-Meteo Historical API (ERA5 reanalysis)
2020-06-13,2020,6,Jun,13,4.6,Colombo,6.9271,79.8612,Open-Meteo Historical API (ERA5 reanalysis)
2020-06-14,2020,6,Jun,14,9.7,Colombo,6.9271,79.8612,Open-Meteo Historical API (ERA5 reanalysis)
2020-06-15,2020,6,Jun,15,4.4,Colombo,6.9271,79.8612,Open-Meteo Historical API (ERA5 reanalysis)
2020-06-16,2020,6,Jun,16,9.5,Colombo,6.9271,79.8612,Open-Meteo Historical API (ERA5 reanalysis)
2020-06-17,2020,6,Jun,17,7.6,Colombo,6.9271,79.8612,Open-Meteo Historical API (ERA5 reanalysis)
2020-06-18,2020,6,Jun,18,3.0,Colombo,6.9271,79.8612,Open-Meteo Historical API (ERA5 reanalysis)
2020-06-19,2020,6,Jun,19,4.9,Colombo,6.9271,79.8612,Open-Meteo Historical API (ERA5 reanalysis)
2020-06-20,2020,6,Jun,20,2.0,Colombo,6.9271,79.8612,Open-Meteo Historical API (ERA5 reanalysis)
2020-06-21,2020,6,Jun,21,12.1,Colombo,6.9271,79.8612,Open-Meteo Historical API (ERA5 reanalysis)
2020-06-22,2020,6,Jun,22,2.2,Colombo,6.9271,79.8612,Open-Meteo Historical API (ERA5 reanalysis)
2020-06-23,2020,6,Jun,23,0.0,Colombo,6.9271,79.8612,Open-Meteo Historical API (ERA5 reanalysis)
2020-06-24,2020,6,Jun,24,2.9,Colombo,6.9271,79.8612,Open-Meteo Historical API (ERA5 reanalysis)
2020-06-25,2020,6,Jun,25,19.4,Colombo,6.9271,79.8612,Open-Meteo Historical API (ERA5 reanalysis)
2020-06-26,2020,6,Jun,26,16.9,Colombo,6.9271,79.8612,Open-Meteo Historical API (ERA5 reanalysis)
2020-06-27,2020,6,Jun,27,5.1,Colombo,6.9271,79.8612,Open-Meteo Historical API (ERA5 reanalysis)
2020-06-28,2020,6,Jun,28,3.6,Colombo,6.9271,79.8612,Open-Meteo Historical API (ERA5 reanalysis)
2020-06-29,2020,6,Jun,29,9.6,Colombo,6.9271,79.8612,Open-Meteo Historical API (ERA5 reanalysis)
2020-06-30,2020,6,Jun,30,5.2,Colombo,6.9271,79.8612,Open-Meteo Historical API (ERA5 reanalysis)
2020-07-01,2020,7,Jul,1,3.0,Colombo,6.9271,79.8612,Open-Meteo Historical API (ERA5 reanalysis)
2020-07-02,2020,7,Jul,2,8.9,Colombo,6.9271,79.8612,Open-Meteo Historical API (ERA5 reanalysis)
2020-07-03,2020,7,Jul,3,13.4,Colombo,6.9271,79.8612,Open-Meteo Historical API (ERA5 reanalysis)
2020-07-04,2020,7,Jul,4,4.8,Colombo,6.9271,79.8612,Open-Meteo Historical API (ERA5 reanalysis)
2020-07-05,2020,7,Jul,5,3.7,Colombo,6.9271,79.8612,Open-Meteo Historical API (ERA5 reanalysis)
2020-07-06,2020,7,Jul,6,6.7,Colombo,6.9271,79.8612,Open-Meteo Historical API (ERA5 reanalysis)
2020-07-07,2020,7,Jul,7,13.7,Colombo,6.9271,79.8612,Open-Meteo Historical API (ERA5 reanalysis)
2020-07-08,2020,7,Jul,8,10.2,Colombo,6.9271,79.8612,Open-Meteo Historical API (ERA5 reanalysis)
2020-07-09,2020,7,Jul,9,13.0,Colombo,6.9271,79.8612,Open-Meteo Historical API (ERA5 reanalysis)
2020-07-10,2020,7,Jul,10,11.2,Colombo,6.9271,79.8612,Open-Meteo Historical API (ERA5 reanalysis)
2020-07-11,2020,7,Jul,11,5.7,Colombo,6.9271,79.8612,Open-Meteo Historical API (ERA5 reanalysis)
2020-07-12,2020,7,Jul,12,3.6,Colombo,6.9271,79.8612,Open-Meteo Historical API (ERA5 reanalysis)
2020-07-13,2020,7,Jul,13,6.9,Colombo,6.9271,79.8612,Open-Meteo Historical API (ERA5 reanalysis)
2020-07-14,2020,7,Jul,14,3.5,Colombo,6.9271,79.8612,Open-Meteo Historical API (ERA5 reanalysis)
2020-07-15,2020,7,Jul,15,14.1,Colombo,6.9271,79.8612,Open-Meteo Historical API (ERA5 reanalysis)
2020-07-16,2020,7,Jul,16,19.6,Colombo,6.9271,79.8612,Open-Meteo Historical API (ERA5 reanalysis)
2020-07-17,2020,7,Jul,17,1.8,Colombo,6.9271,79.8612,Open-Meteo Historical API (ERA5 reanalysis)
2020-07-18,2020,7,Jul,18,2.3,Colombo,6.9271,79.8612,Open-Meteo Historical API (ERA5 reanalysis)
2020-07-19,2020,7,Jul,19,2.8,Colombo,6.9271,79.8612,Open-Meteo Historical API (ERA5 reanalysis)
2020-07-20,2020,7,Jul,20,10.7,Colombo,6.9271,79.8612,Open-Meteo Historical API (ERA5 reanalysis)
2020-07-21,2020,7,Jul,21,1.3,Colombo,6.9271,79.8612,Open-Meteo Historical API (ERA5 reanalysis)
2020-07-22,2020,7,Jul,22,4.1,Colombo,6.9271,79.8612,Open-Meteo Historical API (ERA5 reanalysis)
2020-07-23,2020,7,Jul,23,19.8,Colombo,6.9271,79.8612,Open-Meteo Historical API (ERA5 reanalysis)
2020-07-24,2020,7,Jul,24,10.2,Colombo,6.9271,79.8612,Open-Meteo Historical API (ERA5 reanalysis)
2020-07-25,2020,7,Jul,25,2.2,Colombo,6.9271,79.8612,Open-Meteo Historical API (ERA5 reanalysis)
2020-07-26,2020,7,Jul,26,4.6,Colombo,6.9271,79.8612,Open-Meteo Historical API (ERA5 reanalysis)
2020-07-27,2020,7,Jul,27,0.1,Colombo,6.9271,79.8612,Open-Meteo Historical API (ERA5 reanalysis)
2020-07-28,2020,7,Jul,28,16.4,Colombo,6.9271,79.8612,Open-Meteo Historical API (ERA5 reanalysis)
2020-07-29,2020,7,Jul,29,18.6,Colombo,6.9271,79.8612,Open-Meteo Historical API (ERA5 reanalysis)
2020-07-30,2020,7,Jul,30,3.5,Colombo,6.9271,79.8612,Open-Meteo Historical API (ERA5 reanalysis)
2020-07-31,2020,7,Jul,31,11.6,Colombo,6.9271,79.8612,Open-Meteo Historical API (ERA5 reanalysis)
2020-08-01,2020,8,Aug,1,7.1,Colombo,6.9271,79.8612,Open-Meteo Historical API (ERA5 reanalysis)
2020-08-02,2020,8,Aug,2,21.1,Colombo,6.9271,79.8612,Open-Meteo Historical API (ERA5 reanalysis)
2020-08-03,2020,8,Aug,3,11.8,Colombo,6.9271,79.8612,Open-Meteo Historical API (ERA5 reanalysis)
2020-08-04,2020,8,Aug,4,3.3,Colombo,6.9271,79.8612,Open-Meteo Historical API (ERA5 reanalysis)
2020-08-05,2020,8,Aug,5,4.9,Colombo,6.9271,79.8612,Open-Meteo Historical API (ERA5 reanalysis)
2020-08-06,2020,8,Aug,6,30.3,Colombo,6.9271,79.8612,Open-Meteo Historical API (ERA5 reanalysis)
2020-08-07,2020,8,Aug,7,20.0,Colombo,6.9271,79.8612,Open-Meteo Historical API (ERA5 reanalysis)
2020-08-08,2020,8,Aug,8,24.8,Colombo,6.9271,79.8612,Open-Meteo Historical API (ERA5 reanalysis)
2020-08-09,2020,8,Aug,9,17.4,Colombo,6.9271,79.8612,Open-Meteo Historical API (ERA5 reanalysis)
2020-08-10,2020,8,Aug,10,7.8,Colombo,6.9271,79.8612,Open-Meteo Historical API (ERA5 reanalysis)
2020-08-11,2020,8,Aug,11,9.0,Colombo,6.9271,79.8612,Open-Meteo Historical API (ERA5 reanalysis)
2020-08-12,2020,8,Aug,12,0.4,Colombo,6.9271,79.8612,Open-Meteo Historical API (ERA5 reanalysis)
2020-08-13,2020,8,Aug,13,0.6,Colombo,6.9271,79.8612,Open-Meteo Historical API (ERA5 reanalysis)
2020-08-14,2020,8,Aug,14,1.1,Colombo,6.9271,79.8612,Open-Meteo Historical API (ERA5 reanalysis)
2020-08-15,2020,8,Aug,15,1.0,Colombo,6.9271,79.8612,Open-Meteo Historical API (ERA5 reanalysis)
2020-08-16,2020,8,Aug,16,0.1,Colombo,6.9271,79.8612,Open-Meteo Historical API (ERA5 reanalysis)
2020-08-17,2020,8,Aug,17,2.2,Colombo,6.9271,79.8612,Open-Meteo Historical API (ERA5 reanalysis)
2020-08-18,2020,8,Aug,18,1.7,Colombo,6.9271,79.8612,Open-Meteo Historical API (ERA5 reanalysis)
2020-08-19,2020,8,Aug,19,4.0,Colombo,6.9271,79.8612,Open-Meteo Historical API (ERA5 reanalysis)
2020-08-20,2020,8,Aug,20,4.1,Colombo,6.9271,79.8612,Open-Meteo Historical API (ERA5 reanalysis)
2020-08-21,2020,8,Aug,21,2.2,Colombo,6.9271,79.8612,Open-Meteo Historical API (ERA5 reanalysis)
2020-08-22,2020,8,Aug,22,2.1,Colombo,6.9271,79.8612,Open-Meteo Historical API (ERA5 reanalysis)
2020-08-23,2020,8,Aug,23,2.9,Colombo,6.9271,79.8612,Open-Meteo Historical API (ERA5 reanalysis)
2020-08-24,2020,8,Aug,24,2.9,Colombo,6.9271,79.8612,Open-Meteo Historical API (ERA5 reanalysis)
2020-08-25,2020,8,Aug,25,1.6,Colombo,6.9271,79.8612,Open-Meteo Historical API (ERA5 reanalysis)
2020-08-26,2020,8,Aug,26,1.6,Colombo,6.9271,79.8612,Open-Meteo Historical API (ERA5 reanalysis)
2020-08-27,2020,8,Aug,27,2.5,Colombo,6.9271,79.8612,Open-Meteo Historical API (ERA5 reanalysis)
2020-08-28,2020,8,Aug,28,1.5,Colombo,6.9271,79.8612,Open-Meteo Historical API (ERA5 reanalysis)
2020-08-29,2020,8,Aug,29,1.0,Colombo,6.9271,79.8612,Open-Meteo Historical API (ERA5 reanalysis)
2020-08-30,2020,8,Aug,30,2.1,Colombo,6.9271,79.8612,Open-Meteo Historical API (ERA5 reanalysis)
2020-08-31,2020,8,Aug,31,16.1,Colombo,6.9271,79.8612,Open-Meteo Historical API (ERA5 reanalysis)
2020-09-01,2020,9,Sep,1,20.5,Colombo,6.9271,79.8612,Open-Meteo Historical API (ERA5 reanalysis)
2020-09-02,2020,9,Sep,2,41.3,Colombo,6.9271,79.8612,Open-Meteo Historical API (ERA5 reanalysis)
2020-09-03,2020,9,Sep,3,6.1,Colombo,6.9271,79.8612,Open-Meteo Historical API (ERA5 reanalysis)
2020-09-04,2020,9,Sep,4,2.4,Colombo,6.9271,79.8612,Open-Meteo Historical API (ERA5 reanalysis)
2020-09-05,2020,9,Sep,5,16.4,Colombo,6.9271,79.8612,Open-Meteo Historical API (ERA5 reanalysis)
2020-09-06,2020,9,Sep,6,34.9,Colombo,6.9271,79.8612,Open-Meteo Historical API (ERA5 reanalysis)
2020-09-07,2020,9,Sep,7,1.7,Colombo,6.9271,79.8612,Open-Meteo Historical API (ERA5 reanalysis)
2020-09-08,2020,9,Sep,8,7.9,Colombo,6.9271,79.8612,Open-Meteo Historical API (ERA5 reanalysis)
2020-09-09,2020,9,Sep,9,34.9,Colombo,6.9271,79.8612,Open-Meteo Historical API (ERA5 reanalysis)
2020-09-10,2020,9,Sep,10,6.9,Colombo,6.9271,79.8612,Open-Meteo Historical API (ERA5 reanalysis)
2020-09-11,2020,9,Sep,11,2.9,Colombo,6.9271,79.8612,Open-Meteo Historical API (ERA5 reanalysis)
2020-09-12,2020,9,Sep,12,8.6,Colombo,6.9271,79.8612,Open-Meteo Historical API (ERA5 reanalysis)
2020-09-13,2020,9,Sep,13,9.6,Colombo,6.9271,79.8612,Open-Meteo Historical API (ERA5 reanalysis)
2020-09-14,2020,9,Sep,14,11.2,Colombo,6.9271,79.8612,Open-Meteo Historical API (ERA5 reanalysis)
2020-09-15,2020,9,Sep,15,7.7,Colombo,6.9271,79.8612,Open-Meteo Historical API (ERA5 reanalysis)
2020-09-16,2020,9,Sep,16,5.7,Colombo,6.9271,79.8612,Open-Meteo Historical API (ERA5 reanalysis)
2020-09-17,2020,9,Sep,17,5.7,Colombo,6.9271,79.8612,Open-Meteo Historical API (ERA5 reanalysis)
2020-09-18,2020,9,Sep,18,32.2,Colombo,6.9271,79.8612,Open-Meteo Historical API (ERA5 reanalysis)
2020-09-19,2020,9,Sep,19,9.2,Colombo,6.9271,79.8612,Open-Meteo Historical API (ERA5 reanalysis)
2020-09-20,2020,9,Sep,20,10.1,Colombo,6.9271,79.8612,Open-Meteo Historical API (ERA5 reanalysis)
2020-09-21,2020,9,Sep,21,8.8,Colombo,6.9271,79.8612,Open-Meteo Historical API (ERA5 reanalysis)
2020-09-22,2020,9,Sep,22,17.7,Colombo,6.9271,79.8612,Open-Meteo Historical API (ERA5 reanalysis)
2020-09-23,2020,9,Sep,23,6.9,Colombo,6.9271,79.8612,Open-Meteo Historical API (ERA5 reanalysis)
2020-09-24,2020,9,Sep,24,8.7,Colombo,6.9271,79.8612,Open-Meteo Historical API (ERA5 reanalysis)
2020-09-25,2020,9,Sep,25,15.9,Colombo,6.9271,79.8612,Open-Meteo Historical API (ERA5 reanalysis)
2020-09-26,2020,9,Sep,26,8.5,Colombo,6.9271,79.8612,Open-Meteo Historical API (ERA5 reanalysis)
2020-09-27,2020,9,Sep,27,1.6,Colombo,6.9271,79.8612,Open-Meteo Historical API (ERA5 reanalysis)
2020-09-28,2020,9,Sep,28,8.5,Colombo,6.9271,79.8612,Open-Meteo Historical API (ERA5 reanalysis)
2020-09-29,2020,9,Sep,29,21.1,Colombo,6.9271,79.8612,Open-Meteo Historical API (ERA5 reanalysis)
2020-09-30,2020,9,Sep,30,14.2,Colombo,6.9271,79.8612,Open-Meteo Historical API (ERA5 reanalysis)
2020-10-01,2020,10,Oct,1,1.0,Colombo,6.9271,79.8612,Open-Meteo Historical API (ERA5 reanalysis)
2020-10-02,2020,10,Oct,2,4.2,Colombo,6.9271,79.8612,Open-Meteo Historical API (ERA5 reanalysis)
2020-10-03,2020,10,Oct,3,3.1,Colombo,6.9271,79.8612,Open-Meteo Historical API (ERA5 reanalysis)
2020-10-04,2020,10,Oct,4,2.6,Colombo,6.9271,79.8612,Open-Meteo Historical API (ERA5 reanalysis)
2020-10-05,2020,10,Oct,5,0.6,Colombo,6.9271,79.8612,Open-Meteo Historical API (ERA5 reanalysis)
2020-10-06,2020,10,Oct,6,2.4,Colombo,6.9271,79.8612,Open-Meteo Historical API (ERA5 reanalysis)
2020-10-07,2020,10,Oct,7,1.7,Colombo,6.9271,79.8612,Open-Meteo Historical API (ERA5 reanalysis)
2020-10-08,2020,10,Oct,8,2.8,Colombo,6.9271,79.8612,Open-Meteo Historical API (ERA5 reanalysis)
2020-10-09,2020,10,Oct,9,5.2,Colombo,6.9271,79.8612,Open-Meteo Historical API (ERA5 reanalysis)
2020-10-10,2020,10,Oct,10,3.5,Colombo,6.9271,79.8612,Open-Meteo Historical API (ERA5 reanalysis)
2020-10-11,2020,10,Oct,11,13.6,Colombo,6.9271,79.8612,Open-Meteo Historical API (ERA5 reanalysis)
2020-10-12,2020,10,Oct,12,3.5,Colombo,6.9271,79.8612,Open-Meteo Historical API (ERA5 reanalysis)
2020-10-13,2020,10,Oct,13,6.8,Colombo,6.9271,79.8612,Open-Meteo Historical API (ERA5 reanalysis)
2020-10-14,2020,10,Oct,14,11.5,Colombo,6.9271,79.8612,Open-Meteo Historical API (ERA5 reanalysis)
2020-10-15,2020,10,Oct,15,7.6,Colombo,6.9271,79.8612,Open-Meteo Historical API (ERA5 reanalysis)
2020-10-16,2020,10,Oct,16,2.9,Colombo,6.9271,79.8612,Open-Meteo Historical API (ERA5 reanalysis)
2020-10-17,2020,10,Oct,17,2.8,Colombo,6.9271,79.8612,Open-Meteo Historical API (ERA5 reanalysis)
2020-10-18,2020,10,Oct,18,1.3,Colombo,6.9271,79.8612,Open-Meteo Historical API (ERA5 reanalysis)
2020-10-19,2020,10,Oct,19,2.6,Colombo,6.9271,79.8612,Open-Meteo Historical API (ERA5 reanalysis)
2020-10-20,2020,10,Oct,20,1.9,Colombo,6.9271,79.8612,Open-Meteo Historical API (ERA5 reanalysis)
2020-10-21,2020,10,Oct,21,2.5,Colombo,6.9271,79.8612,Open-Meteo Historical API (ERA5 reanalysis)
2020-10-22,2020,10,Oct,22,5.5,Colombo,6.9271,79.8612,Open-Meteo Historical API (ERA5 reanalysis)
2020-10-23,2020,10,Oct,23,1.9,Colombo,6.9271,79.8612,Open-Meteo Historical API (ERA5 reanalysis)
2020-10-24,2020,10,Oct,24,3.9,Colombo,6.9271,79.8612,Open-Meteo Historical API (ERA5 reanalysis)
2020-10-25,2020,10,Oct,25,1.7,Colombo,6.9271,79.8612,Open-Meteo Historical API (ERA5 reanalysis)
2020-10-26,2020,10,Oct,26,3.4,Colombo,6.9271,79.8612,Open-Meteo Historical API (ERA5 reanalysis)
2020-10-27,2020,10,Oct,27,1.3,Colombo,6.9271,79.8612,Open-Meteo Historical API (ERA5 reanalysis)
2020-10-28,2020,10,Oct,28,2.1,Colombo,6.9271,79.8612,Open-Meteo Historical API (ERA5 reanalysis)
2020-10-29,2020,10,Oct,29,3.4,Colombo,6.9271,79.8612,Open-Meteo Historical API (ERA5 reanalysis)
2020-10-30,2020,10,Oct,30,1.3,Colombo,6.9271,79.8612,Open-Meteo Historical API (ERA5 reanalysis)
2020-10-31,2020,10,Oct,31,0.5,Colombo,6.9271,79.8612,Open-Meteo Historical API (ERA5 reanalysis)
2020-11-01,2020,11,Nov,1,0.9,Colombo,6.9271,79.8612,Open-Meteo Historical API (ERA5 reanalysis)
2020-11-02,2020,11,Nov,2,0.0,Colombo,6.9271,79.8612,Open-Meteo Historical API (ERA5 reanalysis)
2020-11-03,2020,11,Nov,3,0.6,Colombo,6.9271,79.8612,Open-Meteo Historical API (ERA5 reanalysis)
2020-11-04,2020,11,Nov,4,0.3,Colombo,6.9271,79.8612,Open-Meteo Historical API (ERA5 reanalysis)
2020-11-05,2020,11,Nov,5,10.9,Colombo,6.9271,79.8612,Open-Meteo Historical API (ERA5 reanalysis)
2020-11-06,2020,11,Nov,6,21.1,Colombo,6.9271,79.8612,Open-Meteo Historical API (ERA5 reanalysis)
2020-11-07,2020,11,Nov,7,1.0,Colombo,6.9271,79.8612,Open-Meteo Historical API (ERA5 reanalysis)
2020-11-08,2020,11,Nov,8,9.3,Colombo,6.9271,79.8612,Open-Meteo Historical API (ERA5 reanalysis)
2020-11-09,2020,11,Nov,9,8.7,Colombo,6.9271,79.8612,Open-Meteo Historical API (ERA5 reanalysis)
2020-11-10,2020,11,Nov,10,11.7,Colombo,6.9271,79.8612,Open-Meteo Historical API (ERA5 reanalysis)
2020-11-11,2020,11,Nov,11,24.1,Colombo,6.9271,79.8612,Open-Meteo Historical API (ERA5 reanalysis)
2020-11-12,2020,11,Nov,12,28.0,Colombo,6.9271,79.8612,Open-Meteo Historical API (ERA5 reanalysis)
2020-11-13,2020,11,Nov,13,27.1,Colombo,6.9271,79.8612,Open-Meteo Historical API (ERA5 reanalysis)
2020-11-14,2020,11,Nov,14,9.6,Colombo,6.9271,79.8612,Open-Meteo Historical API (ERA5 reanalysis)
2020-11-15,2020,11,Nov,15,11.8,Colombo,6.9271,79.8612,Open-Meteo Historical API (ERA5 reanalysis)
2020-11-16,2020,11,Nov,16,14.8,Colombo,6.9271,79.8612,Open-Meteo Historical API (ERA5 reanalysis)
2020-11-17,2020,11,Nov,17,16.1,Colombo,6.9271,79.8612,Open-Meteo Historical API (ERA5 reanalysis)
2020-11-18,2020,11,Nov,18,6.1,Colombo,6.9271,79.8612,Open-Meteo Historical API (ERA5 reanalysis)
2020-11-19,2020,11,Nov,19,3.1,Colombo,6.9271,79.8612,Open-Meteo Historical API (ERA5 reanalysis)
2020-11-20,2020,11,Nov,20,116.8,Colombo,6.9271,79.8612,Open-Meteo Historical API (ERA5 reanalysis)
2020-11-21,2020,11,Nov,21,28.4,Colombo,6.9271,79.8612,Open-Meteo Historical API (ERA5 reanalysis)
2020-11-22,2020,11,Nov,22,5.4,Colombo,6.9271,79.8612,Open-Meteo Historical API (ERA5 reanalysis)
2020-11-23,2020,11,Nov,23,4.0,Colombo,6.9271,79.8612,Open-Meteo Historical API (ERA5 reanalysis)
2020-11-24,2020,11,Nov,24,5.0,Colombo,6.9271,79.8612,Open-Meteo Historical API (ERA5 reanalysis)
2020-11-25,2020,11,Nov,25,5.6,Colombo,6.9271,79.8612,Open-Meteo Historical API (ERA5 reanalysis)
2020-11-26,2020,11,Nov,26,0.8,Colombo,6.9271,79.8612,Open-Meteo Historical API (ERA5 reanalysis)
2020-11-27,2020,11,Nov,27,0.1,Colombo,6.9271,79.8612,Open-Meteo Historical API (ERA5 reanalysis)
2020-11-28,2020,11,Nov,28,0.4,Colombo,6.9271,79.8612,Open-Meteo Historical API (ERA5 reanalysis)
2020-11-29,2020,11,Nov,29,1.9,Colombo,6.9271,79.8612,Open-Meteo Historical API (ERA5 reanalysis)
2020-11-30,2020,11,Nov,30,0.0,Colombo,6.9271,79.8612,Open-Meteo Historical API (ERA5 reanalysis)
2020-12-01,2020,12,Dec,1,0.4,Colombo,6.9271,79.8612,Open-Meteo Historical API (ERA5 reanalysis)
2020-12-02,2020,12,Dec,2,29.9,Colombo,6.9271,79.8612,Open-Meteo Historical API (ERA5 reanalysis)
2020-12-03,2020,12,Dec,3,4.1,Colombo,6.9271,79.8612,Open-Meteo Historical API (ERA5 reanalysis)
2020-12-04,2020,12,Dec,4,4.1,Colombo,6.9271,79.8612,Open-Meteo Historical API (ERA5 reanalysis)
2020-12-05,2020,12,Dec,5,9.4,Colombo,6.9271,79.8612,Open-Meteo Historical API (ERA5 reanalysis)
2020-12-06,2020,12,Dec,6,0.6,Colombo,6.9271,79.8612,Open-Meteo Historical API (ERA5 reanalysis)
2020-12-07,2020,12,Dec,7,0.1,Colombo,6.9271,79.8612,Open-Meteo Historical API (ERA5 reanalysis)
2020-12-08,2020,12,Dec,8,2.6,Colombo,6.9271,79.8612,Open-Meteo Historical API (ERA5 reanalysis)
2020-12-09,2020,12,Dec,9,4.0,Colombo,6.9271,79.8612,Open-Meteo Historical API (ERA5 reanalysis)
2020-12-10,2020,12,Dec,10,2.3,Colombo,6.9271,79.8612,Open-Meteo Historical API (ERA5 reanalysis)
2020-12-11,2020,12,Dec,11,0.0,Colombo,6.9271,79.8612,Open-Meteo Historical API (ERA5 reanalysis)
2020-12-12,2020,12,Dec,12,0.3,Colombo,6.9271,79.8612,Open-Meteo Historical API (ERA5 reanalysis)
2020-12-13,2020,12,Dec,13,0.0,Colombo,6.9271,79.8612,Open-Meteo Historical API (ERA5 reanalysis)
2020-12-14,2020,12,Dec,14,0.0,Colombo,6.9271,79.8612,Open-Meteo Historical API (ERA5 reanalysis)
2020-12-15,2020,12,Dec,15,0.0,Colombo,6.9271,79.8612,Open-Meteo Historical API (ERA5 reanalysis)
2020-12-16,2020,12,Dec,16,2.5,Colombo,6.9271,79.8612,Open-Meteo Historical API (ERA5 reanalysis)
2020-12-17,2020,12,Dec,17,1.6,Colombo,6.9271,79.8612,Open-Meteo Historical API (ERA5 reanalysis)
2020-12-18,2020,12,Dec,18,8.7,Colombo,6.9271,79.8612,Open-Meteo Historical API (ERA5 reanalysis)
2020-12-19,2020,12,Dec,19,2.3,Colombo,6.9271,79.8612,Open-Meteo Historical API (ERA5 reanalysis)
2020-12-20,2020,12,Dec,20,8.9,Colombo,6.9271,79.8612,Open-Meteo Historical API (ERA5 reanalysis)
2020-12-21,2020,12,Dec,21,8.4,Colombo,6.9271,79.8612,Open-Meteo Historical API (ERA5 reanalysis)
2020-12-22,2020,12,Dec,22,8.3,Colombo,6.9271,79.8612,Open-Meteo Historical API (ERA5 reanalysis)
2020-12-23,2020,12,Dec,23,5.1,Colombo,6.9271,79.8612,Open-Meteo Historical API (ERA5 reanalysis)
2020-12-24,2020,12,Dec,24,1.5,Colombo,6.9271,79.8612,Open-Meteo Historical API (ERA5 reanalysis)
2020-12-25,2020,12,Dec,25,0.0,Colombo,6.9271,79.8612,Open-Meteo Historical API (ERA5 reanalysis)
2020-12-26,2020,12,Dec,26,1.2,Colombo,6.9271,79.8612,Open-Meteo Historical API (ERA5 reanalysis)
2020-12-27,2020,12,Dec,27,2.3,Colombo,6.9271,79.8612,Open-Meteo Historical API (ERA5 reanalysis)
2020-12-28,2020,12,Dec,28,25.9,Colombo,6.9271,79.8612,Open-Meteo Historical API (ERA5 reanalysis)
2020-12-29,2020,12,Dec,29,4.6,Colombo,6.9271,79.8612,Open-Meteo Historical API (ERA5 reanalysis)
2020-12-30,2020,12,Dec,30,0.4,Colombo,6.9271,79.8612,Open-Meteo Historical API (ERA5 reanalysis)
2020-12-31,2020,12,Dec,31,12.0,Colombo,6.9271,79.8612,Open-Meteo Historical API (ERA5 reanalysis)
2021-01-01,2021,1,Jan,1,4.7,Colombo,6.9271,79.8612,Open-Meteo Historical API (ERA5 reanalysis)
2021-01-02,2021,1,Jan,2,1.5,Colombo,6.9271,79.8612,Open-Meteo Historical API (ERA5 reanalysis)
2021-01-03,2021,1,Jan,3,4.3,Colombo,6.9271,79.8612,Open-Meteo Historical API (ERA5 reanalysis)
2021-01-04,2021,1,Jan,4,1.6,Colombo,6.9271,79.8612,Open-Meteo Historical API (ERA5 reanalysis)
2021-01-05,2021,1,Jan,5,6.4,Colombo,6.9271,79.8612,Open-Meteo Historical API (ERA5 reanalysis)
2021-01-06,2021,1,Jan,6,7.4,Colombo,6.9271,79.8612,Open-Meteo Historical API (ERA5 reanalysis)
2021-01-07,2021,1,Jan,7,0.5,Colombo,6.9271,79.8612,Open-Meteo Historical API (ERA5 reanalysis)
2021-01-08,2021,1,Jan,8,35.1,Colombo,6.9271,79.8612,Open-Meteo Historical API (ERA5 reanalysis)
2021-01-09,2021,1,Jan,9,7.5,Colombo,6.9271,79.8612,Open-Meteo Historical API (ERA5 reanalysis)
2021-01-10,2021,1,Jan,10,10.1,Colombo,6.9271,79.8612,Open-Meteo Historical API (ERA5 reanalysis)
2021-01-11,2021,1,Jan,11,18.6,Colombo,6.9271,79.8612,Open-Meteo Historical API (ERA5 reanalysis)
2021-01-12,2021,1,Jan,12,10.2,Colombo,6.9271,79.8612,Open-Meteo Historical API (ERA5 reanalysis)
2021-01-13,2021,1,Jan,13,108.5,Colombo,6.9271,79.8612,Open-Meteo Historical API (ERA5 reanalysis)
2021-01-14,2021,1,Jan,14,20.4,Colombo,6.9271,79.8612,Open-Meteo Historical API (ERA5 reanalysis)
2021-01-15,2021,1,Jan,15,7.5,Colombo,6.9271,79.8612,Open-Meteo Historical API (ERA5 reanalysis)
2021-01-16,2021,1,Jan,16,3.2,Colombo,6.9271,79.8612,Open-Meteo Historical API (ERA5 reanalysis)
2021-01-17,2021,1,Jan,17,0.2,Colombo,6.9271,79.8612,Open-Meteo Historical API (ERA5 reanalysis)
2021-01-18,2021,1,Jan,18,2.9,Colombo,6.9271,79.8612,Open-Meteo Historical API (ERA5 reanalysis)
2021-01-19,2021,1,Jan,19,0.0,Colombo,6.9271,79.8612,Open-Meteo Historical API (ERA5 reanalysis)
2021-01-20,2021,1,Jan,20,0.0,Colombo,6.9271,79.8612,Open-Meteo Historical API (ERA5 reanalysis)
2021-01-21,2021,1,Jan,21,1.8,Colombo,6.9271,79.8612,Open-Meteo Historical API (ERA5 reanalysis)
2021-01-22,2021,1,Jan,22,0.9,Colombo,6.9271,79.8612,Open-Meteo Historical API (ERA5 reanalysis)
2021-01-23,2021,1,Jan,23,0.1,Colombo,6.9271,79.8612,Open-Meteo Historical API (ERA5 reanalysis)
2021-01-24,2021,1,Jan,24,0.0,Colombo,6.9271,79.8612,Open-Meteo Historical API (ERA5 reanalysis)
2021-01-25,2021,1,Jan,25,1.4,Colombo,6.9271,79.8612,Open-Meteo Historical API (ERA5 reanalysis)
2021-01-26,2021,1,Jan,26,0.0,Colombo,6.9271,79.8612,Open-Meteo Historical API (ERA5 reanalysis)
2021-01-27,2021,1,Jan,27,0.0,Colombo,6.9271,79.8612,Open-Meteo Historical API (ERA5 reanalysis)
2021-01-28,2021,1,Jan,28,0.4,Colombo,6.9271,79.8612,Open-Meteo Historical API (ERA5 reanalysis)
2021-01-29,2021,1,Jan,29,1.6,Colombo,6.9271,79.8612,Open-Meteo Historical API (ERA5 reanalysis)
2021-01-30,2021,1,Jan,30,6.4,Colombo,6.9271,79.8612,Open-Meteo Historical API (ERA5 reanalysis)
2021-01-31,2021,1,Jan,31,17.3,Colombo,6.9271,79.8612,Open-Meteo Historical API (ERA5 reanalysis)
2021-02-01,2021,2,Feb,1,4.3,Colombo,6.9271,79.8612,Open-Meteo Historical API (ERA5 reanalysis)
2021-02-02,2021,2,Feb,2,2.6,Colombo,6.9271,79.8612,Open-Meteo Historical API (ERA5 reanalysis)
2021-02-03,2021,2,Feb,3,0.3,Colombo,6.9271,79.8612,Open-Meteo Historical API (ERA5 reanalysis)
2021-02-04,2021,2,Feb,4,0.0,Colombo,6.9271,79.8612,Open-Meteo Historical API (ERA5 reanalysis)
2021-02-05,2021,2,Feb,5,0.0,Colombo,6.9271,79.8612,Open-Meteo Historical API (ERA5 reanalysis)
2021-02-06,2021,2,Feb,6,1.1,Colombo,6.9271,79.8612,Open-Meteo Historical API (ERA5 reanalysis)
2021-02-07,2021,2,Feb,7,4.4,Colombo,6.9271,79.8612,Open-Meteo Historical API (ERA5 reanalysis)
2021-02-08,2021,2,Feb,8,0.3,Colombo,6.9271,79.8612,Open-Meteo Historical API (ERA5 reanalysis)
2021-02-09,2021,2,Feb,9,0.0,Colombo,6.9271,79.8612,Open-Meteo Historical API (ERA5 reanalysis)
2021-02-10,2021,2,Feb,10,0.0,Colombo,6.9271,79.8612,Open-Meteo Historical API (ERA5 reanalysis)
2021-02-11,2021,2,Feb,11,0.0,Colombo,6.9271,79.8612,Open-Meteo Historical API (ERA5 reanalysis)
2021-02-12,2021,2,Feb,12,0.0,Colombo,6.9271,79.8612,Open-Meteo Historical API (ERA5 reanalysis)
2021-02-13,2021,2,Feb,13,0.0,Colombo,6.9271,79.8612,Open-Meteo Historical API (ERA5 reanalysis)
2021-02-14,2021,2,Feb,14,0.1,Colombo,6.9271,79.8612,Open-Meteo Historical API (ERA5 reanalysis)
2021-02-15,2021,2,Feb,15,0.0,Colombo,6.9271,79.8612,Open-Meteo Historical API (ERA5 reanalysis)
2021-02-16,2021,2,Feb,16,0.0,Colombo,6.9271,79.8612,Open-Meteo Historical API (ERA5 reanalysis)
2021-02-17,2021,2,Feb,17,0.0,Colombo,6.9271,79.8612,Open-Meteo Historical API (ERA5 reanalysis)
2021-02-18,2021,2,Feb,18,0.7,Colombo,6.9271,79.8612,Open-Meteo Historical API (ERA5 reanalysis)
2021-02-19,2021,2,Feb,19,1.2,Colombo,6.9271,79.8612,Open-Meteo Historical API (ERA5 reanalysis)
2021-02-20,2021,2,Feb,20,0.7,Colombo,6.9271,79.8612,Open-Meteo Historical API (ERA5 reanalysis)
2021-02-21,2021,2,Feb,21,1.7,Colombo,6.9271,79.8612,Open-Meteo Historical API (ERA5 reanalysis)
2021-02-22,2021,2,Feb,22,1.8,Colombo,6.9271,79.8612,Open-Meteo Historical API (ERA5 reanalysis)
2021-02-23,2021,2,Feb,23,0.3,Colombo,6.9271,79.8612,Open-Meteo Historical API (ERA5 reanalysis)
2021-02-24,2021,2,Feb,24,1.1,Colombo,6.9271,79.8612,Open-Meteo Historical API (ERA5 reanalysis)
2021-02-25,2021,2,Feb,25,0.1,Colombo,6.9271,79.8612,Open-Meteo Historical API (ERA5 reanalysis)
2021-02-26,2021,2,Feb,26,0.4,Colombo,6.9271,79.8612,Open-Meteo Historical API (ERA5 reanalysis)
2021-02-27,2021,2,Feb,27,0.4,Colombo,6.9271,79.8612,Open-Meteo Historical API (ERA5 reanalysis)
2021-02-28,2021,2,Feb,28,1.5,Colombo,6.9271,79.8612,Open-Meteo Historical API (ERA5 reanalysis)
2021-03-01,2021,3,Mar,1,1.8,Colombo,6.9271,79.8612,Open-Meteo Historical API (ERA5 reanalysis)
2021-03-02,2021,3,Mar,2,0.2,Colombo,6.9271,79.8612,Open-Meteo Historical API (ERA5 reanalysis)
2021-03-03,2021,3,Mar,3,1.4,Colombo,6.9271,79.8612,Open-Meteo Historical API (ERA5 reanalysis)
2021-03-04,2021,3,Mar,4,0.2,Colombo,6.9271,79.8612,Open-Meteo Historical API (ERA5 reanalysis)
2021-03-05,2021,3,Mar,5,0.4,Colombo,6.9271,79.8612,Open-Meteo Historical API (ERA5 reanalysis)
2021-03-06,2021,3,Mar,6,1.2,Colombo,6.9271,79.8612,Open-Meteo Historical API (ERA5 reanalysis)
2021-03-07,2021,3,Mar,7,5.8,Colombo,6.9271,79.8612,Open-Meteo Historical API (ERA5 reanalysis)
2021-03-08,2021,3,Mar,8,17.0,Colombo,6.9271,79.8612,Open-Meteo Historical API (ERA5 reanalysis)
2021-03-09,2021,3,Mar,9,1.1,Colombo,6.9271,79.8612,Open-Meteo Historical API (ERA5 reanalysis)
2021-03-10,2021,3,Mar,10,15.4,Colombo,6.9271,79.8612,Open-Meteo Historical API (ERA5 reanalysis)
2021-03-11,2021,3,Mar,11,5.5,Colombo,6.9271,79.8612,Open-Meteo Historical API (ERA5 reanalysis)
2021-03-12,2021,3,Mar,12,3.3,Colombo,6.9271,79.8612,Open-Meteo Historical API (ERA5 reanalysis)
2021-03-13,2021,3,Mar,13,2.4,Colombo,6.9271,79.8612,Open-Meteo Historical API (ERA5 reanalysis)
2021-03-14,2021,3,Mar,14,1.8,Colombo,6.9271,79.8612,Open-Meteo Historical API (ERA5 reanalysis)
2021-03-15,2021,3,Mar,15,0.0,Colombo,6.9271,79.8612,Open-Meteo Historical API (ERA5 reanalysis)
2021-03-16,2021,3,Mar,16,5.7,Colombo,6.9271,79.8612,Open-Meteo Historical API (ERA5 reanalysis)
2021-03-17,2021,3,Mar,17,4.5,Colombo,6.9271,79.8612,Open-Meteo Historical API (ERA5 reanalysis)
2021-03-18,2021,3,Mar,18,0.7,Colombo,6.9271,79.8612,Open-Meteo Historical API (ERA5 reanalysis)
2021-03-19,2021,3,Mar,19,8.6,Colombo,6.9271,79.8612,Open-Meteo Historical API (ERA5 reanalysis)
2021-03-20,2021,3,Mar,20,0.8,Colombo,6.9271,79.8612,Open-Meteo Historical API (ERA5 reanalysis)
2021-03-21,2021,3,Mar,21,11.5,Colombo,6.9271,79.8612,Open-Meteo Historical API (ERA5 reanalysis)
2021-03-22,2021,3,Mar,22,3.8,Colombo,6.9271,79.8612,Open-Meteo Historical API (ERA5 reanalysis)
2021-03-23,2021,3,Mar,23,3.1,Colombo,6.9271,79.8612,Open-Meteo Historical API (ERA5 reanalysis)
2021-03-24,2021,3,Mar,24,4.4,Colombo,6.9271,79.8612,Open-Meteo Historical API (ERA5 reanalysis)
2021-03-25,2021,3,Mar,25,1.5,Colombo,6.9271,79.8612,Open-Meteo Historical API (ERA5 reanalysis)
2021-03-26,2021,3,Mar,26,7.1,Colombo,6.9271,79.8612,Open-Meteo Historical API (ERA5 reanalysis)
2021-03-27,2021,3,Mar,27,35.0,Colombo,6.9271,79.8612,Open-Meteo Historical API (ERA5 reanalysis)
2021-03-28,2021,3,Mar,28,53.7,Colombo,6.9271,79.8612,Open-Meteo Historical API (ERA5 reanalysis)
2021-03-29,2021,3,Mar,29,2.8,Colombo,6.9271,79.8612,Open-Meteo Historical API (ERA5 reanalysis)
2021-03-30,2021,3,Mar,30,0.0,Colombo,6.9271,79.8612,Open-Meteo Historical API (ERA5 reanalysis)
2021-03-31,2021,3,Mar,31,2.5,Colombo,6.9271,79.8612,Open-Meteo Historical API (ERA5 reanalysis)
2021-04-01,2021,4,Apr,1,0.8,Colombo,6.9271,79.8612,Open-Meteo Historical API (ERA5 reanalysis)
2021-04-02,2021,4,Apr,2,1.2,Colombo,6.9271,79.8612,Open-Meteo Historical API (ERA5 reanalysis)
2021-04-03,2021,4,Apr,3,0.9,Colombo,6.9271,79.8612,Open-Meteo Historical API (ERA5 reanalysis)
2021-04-04,2021,4,Apr,4,0.0,Colombo,6.9271,79.8612,Open-Meteo Historical API (ERA5 reanalysis)
2021-04-05,2021,4,Apr,5,0.0,Colombo,6.9271,79.8612,Open-Meteo Historical API (ERA5 reanalysis)
2021-04-06,2021,4,Apr,6,2.0,Colombo,6.9271,79.8612,Open-Meteo Historical API (ERA5 reanalysis)
2021-04-07,2021,4,Apr,7,2.9,Colombo,6.9271,79.8612,Open-Meteo Historical API (ERA5 reanalysis)
2021-04-08,2021,4,Apr,8,0.8,Colombo,6.9271,79.8612,Open-Meteo Historical API (ERA5 reanalysis)
2021-04-09,2021,4,Apr,9,0.9,Colombo,6.9271,79.8612,Open-Meteo Historical API (ERA5 reanalysis)
2021-04-10,2021,4,Apr,10,0.8,Colombo,6.9271,79.8612,Open-Meteo Historical API (ERA5 reanalysis)
2021-04-11,2021,4,Apr,11,2.0,Colombo,6.9271,79.8612,Open-Meteo Historical API (ERA5 reanalysis)
2021-04-12,2021,4,Apr,12,3.2,Colombo,6.9271,79.8612,Open-Meteo Historical API (ERA5 reanalysis)
2021-04-13,2021,4,Apr,13,7.8,Colombo,6.9271,79.8612,Open-Meteo Historical API (ERA5 reanalysis)
2021-04-14,2021,4,Apr,14,2.0,Colombo,6.9271,79.8612,Open-Meteo Historical API (ERA5 reanalysis)
2021-04-15,2021,4,Apr,15,13.6,Colombo,6.9271,79.8612,Open-Meteo Historical API (ERA5 reanalysis)
2021-04-16,2021,4,Apr,16,13.6,Colombo,6.9271,79.8612,Open-Meteo Historical API (ERA5 reanalysis)
2021-04-17,2021,4,Apr,17,4.8,Colombo,6.9271,79.8612,Open-Meteo Historical API (ERA5 reanalysis)
2021-04-18,2021,4,Apr,18,9.2,Colombo,6.9271,79.8612,Open-Meteo Historical API (ERA5 reanalysis)
2021-04-19,2021,4,Apr,19,2.7,Colombo,6.9271,79.8612,Open-Meteo Historical API (ERA5 reanalysis)
2021-04-20,2021,4,Apr,20,5.2,Colombo,6.9271,79.8612,Open-Meteo Historical API (ERA5 reanalysis)
2021-04-21,2021,4,Apr,21,2.6,Colombo,6.9271,79.8612,Open-Meteo Historical API (ERA5 reanalysis)
2021-04-22,2021,4,Apr,22,3.2,Colombo,6.9271,79.8612,Open-Meteo Historical API (ERA5 reanalysis)
2021-04-23,2021,4,Apr,23,4.4,Colombo,6.9271,79.8612,Open-Meteo Historical API (ERA5 reanalysis)
2021-04-24,2021,4,Apr,24,1.9,Colombo,6.9271,79.8612,Open-Meteo Historical API (ERA5 reanalysis)
2021-04-25,2021,4,Apr,25,2.7,Colombo,6.9271,79.8612,Open-Meteo Historical API (ERA5 reanalysis)
2021-04-26,2021,4,Apr,26,2.2,Colombo,6.9271,79.8612,Open-Meteo Historical API (ERA5 reanalysis)
2021-04-27,2021,4,Apr,27,0.3,Colombo,6.9271,79.8612,Open-Meteo Historical API (ERA5 reanalysis)
2021-04-28,2021,4,Apr,28,4.7,Colombo,6.9271,79.8612,Open-Meteo Historical API (ERA5 reanalysis)
2021-04-29,2021,4,Apr,29,2.3,Colombo,6.9271,79.8612,Open-Meteo Historical API (ERA5 reanalysis)
2021-04-30,2021,4,Apr,30,2.6,Colombo,6.9271,79.8612,Open-Meteo Historical API (ERA5 reanalysis)
2021-05-01,2021,5,May,1,4.5,Colombo,6.9271,79.8612,Open-Meteo Historical API (ERA5 reanalysis)
2021-05-02,2021,5,May,2,11.6,Colombo,6.9271,79.8612,Open-Meteo Historical API (ERA5 reanalysis)
2021-05-03,2021,5,May,3,27.3,Colombo,6.9271,79.8612,Open-Meteo Historical API (ERA5 reanalysis)
2021-05-04,2021,5,May,4,31.7,Colombo,6.9271,79.8612,Open-Meteo Historical API (ERA5 reanalysis)
2021-05-05,2021,5,May,5,1.3,Colombo,6.9271,79.8612,Open-Meteo Historical API (ERA5 reanalysis)
2021-05-06,2021,5,May,6,5.2,Colombo,6.9271,79.8612,Open-Meteo Historical API (ERA5 reanalysis)
2021-05-07,2021,5,May,7,7.3,Colombo,6.9271,79.8612,Open-Meteo Historical API (ERA5 reanalysis)
2021-05-08,2021,5,May,8,9.8,Colombo,6.9271,79.8612,Open-Meteo Historical API (ERA5 reanalysis)
2021-05-09,2021,5,May,9,1.3,Colombo,6.9271,79.8612,Open-Meteo Historical API (ERA5 reanalysis)
2021-05-10,2021,5,May,10,11.3,Colombo,6.9271,79.8612,Open-Meteo Historical API (ERA5 reanalysis)
2021-05-11,2021,5,May,11,8.4,Colombo,6.9271,79.8612,Open-Meteo Historical API (ERA5 reanalysis)
2021-05-12,2021,5,May,12,21.8,Colombo,6.9271,79.8612,Open-Meteo Historical API (ERA5 reanalysis)
2021-05-13,2021,5,May,13,32.7,Colombo,6.9271,79.8612,Open-Meteo Historical API (ERA5 reanalysis)
2021-05-14,2021,5,May,14,27.9,Colombo,6.9271,79.8612,Open-Meteo Historical API (ERA5 reanalysis)
2021-05-15,2021,5,May,15,2.6,Colombo,6.9271,79.8612,Open-Meteo Historical API (ERA5 reanalysis)
2021-05-16,2021,5,May,16,5.1,Colombo,6.9271,79.8612,Open-Meteo Historical API (ERA5 reanalysis)
2021-05-17,2021,5,May,17,0.5,Colombo,6.9271,79.8612,Open-Meteo Historical API (ERA5 reanalysis)
2021-05-18,2021,5,May,18,1.3,Colombo,6.9271,79.8612,Open-Meteo Historical API (ERA5 reanalysis)
2021-05-19,2021,5,May,19,3.9,Colombo,6.9271,79.8612,Open-Meteo Historical API (ERA5 reanalysis)
2021-05-20,2021,5,May,20,14.7,Colombo,6.9271,79.8612,Open-Meteo Historical API (ERA5 reanalysis)
2021-05-21,2021,5,May,21,16.7,Colombo,6.9271,79.8612,Open-Meteo Historical API (ERA5 reanalysis)
2021-05-22,2021,5,May,22,13.2,Colombo,6.9271,79.8612,Open-Meteo Historical API (ERA5 reanalysis)
2021-05-23,2021,5,May,23,12.3,Colombo,6.9271,79.8612,Open-Meteo Historical API (ERA5 reanalysis)
2021-05-24,2021,5,May,24,48.4,Colombo,6.9271,79.8612,Open-Meteo Historical API (ERA5 reanalysis)
2021-05-25,2021,5,May,25,61.2,Colombo,6.9271,79.8612,Open-Meteo Historical API (ERA5 reanalysis)
2021-05-26,2021,5,May,26,20.3,Colombo,6.9271,79.8612,Open-Meteo Historical API (ERA5 reanalysis)
2021-05-27,2021,5,May,27,6.1,Colombo,6.9271,79.8612,Open-Meteo Historical API (ERA5 reanalysis)
2021-05-28,2021,5,May,28,2.1,Colombo,6.9271,79.8612,Open-Meteo Historical API (ERA5 reanalysis)
2021-05-29,2021,5,May,29,3.9,Colombo,6.9271,79.8612,Open-Meteo Historical API (ERA5 reanalysis)
2021-05-30,2021,5,May,30,3.4,Colombo,6.9271,79.8612,Open-Meteo Historical API (ERA5 reanalysis)
2021-05-31,2021,5,May,31,5.2,Colombo,6.9271,79.8612,Open-Meteo Historical API (ERA5 reanalysis)
2021-06-01,2021,6,Jun,1,4.5,Colombo,6.9271,79.8612,Open-Meteo Historical API (ERA5 reanalysis)
2021-06-02,2021,6,Jun,2,4.4,Colombo,6.9271,79.8612,Open-Meteo Historical API (ERA5 reanalysis)
2021-06-03,2021,6,Jun,3,21.2,Colombo,6.9271,79.8612,Open-Meteo Historical API (ERA5 reanalysis)
2021-06-04,2021,6,Jun,4,26.1,Colombo,6.9271,79.8612,Open-Meteo Historical API (ERA5 reanalysis)
2021-06-05,2021,6,Jun,5,30.0,Colombo,6.9271,79.8612,Open-Meteo Historical API (ERA5 reanalysis)
2021-06-06,2021,6,Jun,6,2.1,Colombo,6.9271,79.8612,Open-Meteo Historical API (ERA5 reanalysis)
2021-06-07,2021,6,Jun,7,4.1,Colombo,6.9271,79.8612,Open-Meteo Historical API (ERA5 reanalysis)
2021-06-08,2021,6,Jun,8,29.3,Colombo,6.9271,79.8612,Open-Meteo Historical API (ERA5 reanalysis)
2021-06-09,2021,6,Jun,9,12.6,Colombo,6.9271,79.8612,Open-Meteo Historical API (ERA5 reanalysis)
2021-06-10,2021,6,Jun,10,4.4,Colombo,6.9271,79.8612,Open-Meteo Historical API (ERA5 reanalysis)
2021-06-11,2021,6,Jun,11,1.4,Colombo,6.9271,79.8612,Open-Meteo Historical API (ERA5 reanalysis)
2021-06-12,2021,6,Jun,12,9.4,Colombo,6.9271,79.8612,Open-Meteo Historical API (ERA5 reanalysis)
2021-06-13,2021,6,Jun,13,12.9,Colombo,6.9271,79.8612,Open-Meteo Historical API (ERA5 reanalysis)
2021-06-14,2021,6,Jun,14,7.0,Colombo,6.9271,79.8612,Open-Meteo Historical API (ERA5 reanalysis)
2021-06-15,2021,6,Jun,15,1.9,Colombo,6.9271,79.8612,Open-Meteo Historical API (ERA5 reanalysis)
2021-06-16,2021,6,Jun,16,1.1,Colombo,6.9271,79.8612,Open-Meteo Historical API (ERA5 reanalysis)
2021-06-17,2021,6,Jun,17,1.8,Colombo,6.9271,79.8612,Open-Meteo Historical API (ERA5 reanalysis)
2021-06-18,2021,6,Jun,18,0.8,Colombo,6.9271,79.8612,Open-Meteo Historical API (ERA5 reanalysis)
2021-06-19,2021,6,Jun,19,3.4,Colombo,6.9271,79.8612,Open-Meteo Historical API (ERA5 reanalysis)
2021-06-20,2021,6,Jun,20,2.1,Colombo,6.9271,79.8612,Open-Meteo Historical API (ERA5 reanalysis)
2021-06-21,2021,6,Jun,21,4.3,Colombo,6.9271,79.8612,Open-Meteo Historical API (ERA5 reanalysis)
2021-06-22,2021,6,Jun,22,13.8,Colombo,6.9271,79.8612,Open-Meteo Historical API (ERA5 reanalysis)
2021-06-23,2021,6,Jun,23,14.3,Colombo,6.9271,79.8612,Open-Meteo Historical API (ERA5 reanalysis)
2021-06-24,2021,6,Jun,24,8.5,Colombo,6.9271,79.8612,Open-Meteo Historical API (ERA5 reanalysis)
2021-06-25,2021,6,Jun,25,1.8,Colombo,6.9271,79.8612,Open-Meteo Historical API (ERA5 reanalysis)
2021-06-26,2021,6,Jun,26,5.3,Colombo,6.9271,79.8612,Open-Meteo Historical API (ERA5 reanalysis)
2021-06-27,2021,6,Jun,27,5.4,Colombo,6.9271,79.8612,Open-Meteo Historical API (ERA5 reanalysis)
2021-06-28,2021,6,Jun,28,8.0,Colombo,6.9271,79.8612,Open-Meteo Historical API (ERA5 reanalysis)
2021-06-29,2021,6,Jun,29,3.3,Colombo,6.9271,79.8612,Open-Meteo Historical API (ERA5 reanalysis)
2021-06-30,2021,6,Jun,30,2.4,Colombo,6.9271,79.8612,Open-Meteo Historical API (ERA5 reanalysis)
2021-07-01,2021,7,Jul,1,20.6,Colombo,6.9271,79.8612,Open-Meteo Historical API (ERA5 reanalysis)
2021-07-02,2021,7,Jul,2,4.5,Colombo,6.9271,79.8612,Open-Meteo Historical API (ERA5 reanalysis)
2021-07-03,2021,7,Jul,3,13.2,Colombo,6.9271,79.8612,Open-Meteo Historical API (ERA5 reanalysis)
2021-07-04,2021,7,Jul,4,15.2,Colombo,6.9271,79.8612,Open-Meteo Historical API (ERA5 reanalysis)
2021-07-05,2021,7,Jul,5,7.9,Colombo,6.9271,79.8612,Open-Meteo Historical API (ERA5 reanalysis)
2021-07-06,2021,7,Jul,6,8.3,Colombo,6.9271,79.8612,Open-Meteo Historical API (ERA5 reanalysis)
2021-07-07,2021,7,Jul,7,14.1,Colombo,6.9271,79.8612,Open-Meteo Historical API (ERA5 reanalysis)
2021-07-08,2021,7,Jul,8,12.4,Colombo,6.9271,79.8612,Open-Meteo Historical API (ERA5 reanalysis)
2021-07-09,2021,7,Jul,9,40.9,Colombo,6.9271,79.8612,Open-Meteo Historical API (ERA5 reanalysis)
2021-07-10,2021,7,Jul,10,17.3,Colombo,6.9271,79.8612,Open-Meteo Historical API (ERA5 reanalysis)
2021-07-11,2021,7,Jul,11,2.8,Colombo,6.9271,79.8612,Open-Meteo Historical API (ERA5 reanalysis)
2021-07-12,2021,7,Jul,12,2.1,Colombo,6.9271,79.8612,Open-Meteo Historical API (ERA5 reanalysis)
2021-07-13,2021,7,Jul,13,1.5,Colombo,6.9271,79.8612,Open-Meteo Historical API (ERA5 reanalysis)
2021-07-14,2021,7,Jul,14,0.5,Colombo,6.9271,79.8612,Open-Meteo Historical API (ERA5 reanalysis)
2021-07-15,2021,7,Jul,15,2.4,Colombo,6.9271,79.8612,Open-Meteo Historical API (ERA5 reanalysis)
2021-07-16,2021,7,Jul,16,7.6,Colombo,6.9271,79.8612,Open-Meteo Historical API (ERA5 reanalysis)
2021-07-17,2021,7,Jul,17,2.7,Colombo,6.9271,79.8612,Open-Meteo Historical API (ERA5 reanalysis)
2021-07-18,2021,7,Jul,18,0.5,Colombo,6.9271,79.8612,Open-Meteo Historical API (ERA5 reanalysis)
2021-07-19,2021,7,Jul,19,2.1,Colombo,6.9271,79.8612,Open-Meteo Historical API (ERA5 reanalysis)
2021-07-20,2021,7,Jul,20,0.6,Colombo,6.9271,79.8612,Open-Meteo Historical API (ERA5 reanalysis)
2021-07-21,2021,7,Jul,21,0.5,Colombo,6.9271,79.8612,Open-Meteo Historical API (ERA5 reanalysis)
2021-07-22,2021,7,Jul,22,7.1,Colombo,6.9271,79.8612,Open-Meteo Historical API (ERA5 reanalysis)
2021-07-23,2021,7,Jul,23,25.0,Colombo,6.9271,79.8612,Open-Meteo Historical API (ERA5 reanalysis)
2021-07-24,2021,7,Jul,24,12.5,Colombo,6.9271,79.8612,Open-Meteo Historical API (ERA5 reanalysis)
2021-07-25,2021,7,Jul,25,22.0,Colombo,6.9271,79.8612,Open-Meteo Historical API (ERA5 reanalysis)
2021-07-26,2021,7,Jul,26,8.8,Colombo,6.9271,79.8612,Open-Meteo Historical API (ERA5 reanalysis)
2021-07-27,2021,7,Jul,27,6.0,Colombo,6.9271,79.8612,Open-Meteo Historical API (ERA5 reanalysis)
2021-07-28,2021,7,Jul,28,12.4,Colombo,6.9271,79.8612,Open-Meteo Historical API (ERA5 reanalysis)
2021-07-29,2021,7,Jul,29,1.1,Colombo,6.9271,79.8612,Open-Meteo Historical API (ERA5 reanalysis)
2021-07-30,2021,7,Jul,30,4.0,Colombo,6.9271,79.8612,Open-Meteo Historical API (ERA5 reanalysis)
2021-07-31,2021,7,Jul,31,4.3,Colombo,6.9271,79.8612,Open-Meteo Historical API (ERA5 reanalysis)
2021-08-01,2021,8,Aug,1,3.7,Colombo,6.9271,79.8612,Open-Meteo Historical API (ERA5 reanalysis)
2021-08-02,2021,8,Aug,2,6.8,Colombo,6.9271,79.8612,Open-Meteo Historical API (ERA5 reanalysis)
2021-08-03,2021,8,Aug,3,2.6,Colombo,6.9271,79.8612,Open-Meteo Historical API (ERA5 reanalysis)
2021-08-04,2021,8,Aug,4,3.9,Colombo,6.9271,79.8612,Open-Meteo Historical API (ERA5 reanalysis)
2021-08-05,2021,8,Aug,5,4.1,Colombo,6.9271,79.8612,Open-Meteo Historical API (ERA5 reanalysis)
2021-08-06,2021,8,Aug,6,12.4,Colombo,6.9271,79.8612,Open-Meteo Historical API (ERA5 reanalysis)
2021-08-07,2021,8,Aug,7,13.8,Colombo,6.9271,79.8612,Open-Meteo Historical API (ERA5 reanalysis)
2021-08-08,2021,8,Aug,8,15.1,Colombo,6.9271,79.8612,Open-Meteo Historical API (ERA5 reanalysis)
2021-08-09,2021,8,Aug,9,28.9,Colombo,6.9271,79.8612,Open-Meteo Historical API (ERA5 reanalysis)
2021-08-10,2021,8,Aug,10,17.9,Colombo,6.9271,79.8612,Open-Meteo Historical API (ERA5 reanalysis)
2021-08-11,2021,8,Aug,11,15.0,Colombo,6.9271,79.8612,Open-Meteo Historical API (ERA5 reanalysis)
2021-08-12,2021,8,Aug,12,28.3,Colombo,6.9271,79.8612,Open-Meteo Historical API (ERA5 reanalysis)
2021-08-13,2021,8,Aug,13,6.0,Colombo,6.9271,79.8612,Open-Meteo Historical API (ERA5 reanalysis)
2021-08-14,2021,8,Aug,14,1.3,Colombo,6.9271,79.8612,Open-Meteo Historical API (ERA5 reanalysis)
2021-08-15,2021,8,Aug,15,0.2,Colombo,6.9271,79.8612,Open-Meteo Historical API (ERA5 reanalysis)
2021-08-16,2021,8,Aug,16,3.3,Colombo,6.9271,79.8612,Open-Meteo Historical API (ERA5 reanalysis)
2021-08-17,2021,8,Aug,17,4.9,Colombo,6.9271,79.8612,Open-Meteo Historical API (ERA5 reanalysis)
2021-08-18,2021,8,Aug,18,4.7,Colombo,6.9271,79.8612,Open-Meteo Historical API (ERA5 reanalysis)
2021-08-19,2021,8,Aug,19,5.7,Colombo,6.9271,79.8612,Open-Meteo Historical API (ERA5 reanalysis)
2021-08-20,2021,8,Aug,20,1.7,Colombo,6.9271,79.8612,Open-Meteo Historical API (ERA5 reanalysis)
2021-08-21,2021,8,Aug,21,10.6,Colombo,6.9271,79.8612,Open-Meteo Historical API (ERA5 reanalysis)
2021-08-22,2021,8,Aug,22,5.2,Colombo,6.9271,79.8612,Open-Meteo Historical API (ERA5 reanalysis)
2021-08-23,2021,8,Aug,23,1.4,Colombo,6.9271,79.8612,Open-Meteo Historical API (ERA5 reanalysis)
2021-08-24,2021,8,Aug,24,1.5,Colombo,6.9271,79.8612,Open-Meteo Historical API (ERA5 reanalysis)
2021-08-25,2021,8,Aug,25,11.9,Colombo,6.9271,79.8612,Open-Meteo Historical API (ERA5 reanalysis)
2021-08-26,2021,8,Aug,26,17.6,Colombo,6.9271,79.8612,Open-Meteo Historical API (ERA5 reanalysis)
2021-08-27,2021,8,Aug,27,12.4,Colombo,6.9271,79.8612,Open-Meteo Historical API (ERA5 reanalysis)
2021-08-28,2021,8,Aug,28,15.6,Colombo,6.9271,79.8612,Open-Meteo Historical API (ERA5 reanalysis)
2021-08-29,2021,8,Aug,29,14.9,Colombo,6.9271,79.8612,Open-Meteo Historical API (ERA5 reanalysis)
2021-08-30,2021,8,Aug,30,2.8,Colombo,6.9271,79.8612,Open-Meteo Historical API (ERA5 reanalysis)
2021-08-31,2021,8,Aug,31,2.1,Colombo,6.9271,79.8612,Open-Meteo Historical API (ERA5 reanalysis)
2021-09-01,2021,9,Sep,1,7.9,Colombo,6.9271,79.8612,Open-Meteo Historical API (ERA5 reanalysis)
2021-09-02,2021,9,Sep,2,12.8,Colombo,6.9271,79.8612,Open-Meteo Historical API (ERA5 reanalysis)
2021-09-03,2021,9,Sep,3,5.7,Colombo,6.9271,79.8612,Open-Meteo Historical API (ERA5 reanalysis)
2021-09-04,2021,9,Sep,4,6.2,Colombo,6.9271,79.8612,Open-Meteo Historical API (ERA5 reanalysis)
2021-09-05,2021,9,Sep,5,16.2,Colombo,6.9271,79.8612,Open-Meteo Historical API (ERA5 reanalysis)
2021-09-06,2021,9,Sep,6,31.7,Colombo,6.9271,79.8612,Open-Meteo Historical API (ERA5 reanalysis)
2021-09-07,2021,9,Sep,7,6.8,Colombo,6.9271,79.8612,Open-Meteo Historical API (ERA5 reanalysis)
2021-09-08,2021,9,Sep,8,6.1,Colombo,6.9271,79.8612,Open-Meteo Historical API (ERA5 reanalysis)
2021-09-09,2021,9,Sep,9,0.9,Colombo,6.9271,79.8612,Open-Meteo Historical API (ERA5 reanalysis)
2021-09-10,2021,9,Sep,10,3.9,Colombo,6.9271,79.8612,Open-Meteo Historical API (ERA5 reanalysis)
2021-09-11,2021,9,Sep,11,3.6,Colombo,6.9271,79.8612,Open-Meteo Historical API (ERA5 reanalysis)
2021-09-12,2021,9,Sep,12,2.5,Colombo,6.9271,79.8612,Open-Meteo Historical API (ERA5 reanalysis)
2021-09-13,2021,9,Sep,13,5.7,Colombo,6.9271,79.8612,Open-Meteo Historical API (ERA5 reanalysis)
2021-09-14,2021,9,Sep,14,6.4,Colombo,6.9271,79.8612,Open-Meteo Historical API (ERA5 reanalysis)
2021-09-15,2021,9,Sep,15,15.7,Colombo,6.9271,79.8612,Open-Meteo Historical API (ERA5 reanalysis)
2021-09-16,2021,9,Sep,16,13.4,Colombo,6.9271,79.8612,Open-Meteo Historical API (ERA5 reanalysis)
2021-09-17,2021,9,Sep,17,14.2,Colombo,6.9271,79.8612,Open-Meteo Historical API (ERA5 reanalysis)
2021-09-18,2021,9,Sep,18,8.2,Colombo,6.9271,79.8612,Open-Meteo Historical API (ERA5 reanalysis)
2021-09-19,2021,9,Sep,19,2.4,Colombo,6.9271,79.8612,Open-Meteo Historical API (ERA5 reanalysis)
2021-09-20,2021,9,Sep,20,5.5,Colombo,6.9271,79.8612,Open-Meteo Historical API (ERA5 reanalysis)
2021-09-21,2021,9,Sep,21,11.3,Colombo,6.9271,79.8612,Open-Meteo Historical API (ERA5 reanalysis)
2021-09-22,2021,9,Sep,22,3.7,Colombo,6.9271,79.8612,Open-Meteo Historical API (ERA5 reanalysis)
2021-09-23,2021,9,Sep,23,9.7,Colombo,6.9271,79.8612,Open-Meteo Historical API (ERA5 reanalysis)
2021-09-24,2021,9,Sep,24,4.4,Colombo,6.9271,79.8612,Open-Meteo Historical API (ERA5 reanalysis)
2021-09-25,2021,9,Sep,25,10.0,Colombo,6.9271,79.8612,Open-Meteo Historical API (ERA5 reanalysis)
2021-09-26,2021,9,Sep,26,25.3,Colombo,6.9271,79.8612,Open-Meteo Historical API (ERA5 reanalysis)
2021-09-27,2021,9,Sep,27,3.7,Colombo,6.9271,79.8612,Open-Meteo Historical API (ERA5 reanalysis)
2021-09-28,2021,9,Sep,28,13.6,Colombo,6.9271,79.8612,Open-Meteo Historical API (ERA5 reanalysis)
2021-09-29,2021,9,Sep,29,0.8,Colombo,6.9271,79.8612,Open-Meteo Historical API (ERA5 reanalysis)
2021-09-30,2021,9,Sep,30,5.8,Colombo,6.9271,79.8612,Open-Meteo Historical API (ERA5 reanalysis)
2021-10-01,2021,10,Oct,1,26.5,Colombo,6.9271,79.8612,Open-Meteo Historical API (ERA5 reanalysis)
2021-10-02,2021,10,Oct,2,3.6,Colombo,6.9271,79.8612,Open-Meteo Historical API (ERA5 reanalysis)
2021-10-03,2021,10,Oct,3,4.1,Colombo,6.9271,79.8612,Open-Meteo Historical API (ERA5 reanalysis)
2021-10-04,2021,10,Oct,4,14.1,Colombo,6.9271,79.8612,Open-Meteo Historical API (ERA5 reanalysis)
2021-10-05,2021,10,Oct,5,37.8,Colombo,6.9271,79.8612,Open-Meteo Historical API (ERA5 reanalysis)
2021-10-06,2021,10,Oct,6,21.7,Colombo,6.9271,79.8612,Open-Meteo Historical API (ERA5 reanalysis)
2021-10-07,2021,10,Oct,7,4.0,Colombo,6.9271,79.8612,Open-Meteo Historical API (ERA5 reanalysis)
2021-10-08,2021,10,Oct,8,1.8,Colombo,6.9271,79.8612,Open-Meteo Historical API (ERA5 reanalysis)
2021-10-09,2021,10,Oct,9,3.2,Colombo,6.9271,79.8612,Open-Meteo Historical API (ERA5 reanalysis)
2021-10-10,2021,10,Oct,10,13.7,Colombo,6.9271,79.8612,Open-Meteo Historical API (ERA5 reanalysis)
2021-10-11,2021,10,Oct,11,35.2,Colombo,6.9271,79.8612,Open-Meteo Historical API (ERA5 reanalysis)
2021-10-12,2021,10,Oct,12,2.7,Colombo,6.9271,79.8612,Open-Meteo Historical API (ERA5 reanalysis)
2021-10-13,2021,10,Oct,13,3.3,Colombo,6.9271,79.8612,Open-Meteo Historical API (ERA5 reanalysis)
2021-10-14,2021,10,Oct,14,3.2,Colombo,6.9271,79.8612,Open-Meteo Historical API (ERA5 reanalysis)
2021-10-15,2021,10,Oct,15,6.0,Colombo,6.9271,79.8612,Open-Meteo Historical API (ERA5 reanalysis)
2021-10-16,2021,10,Oct,16,10.7,Colombo,6.9271,79.8612,Open-Meteo Historical API (ERA5 reanalysis)
2021-10-17,2021,10,Oct,17,1.2,Colombo,6.9271,79.8612,Open-Meteo Historical API (ERA5 reanalysis)
2021-10-18,2021,10,Oct,18,6.3,Colombo,6.9271,79.8612,Open-Meteo Historical API (ERA5 reanalysis)
2021-10-19,2021,10,Oct,19,1.1,Colombo,6.9271,79.8612,Open-Meteo Historical API (ERA5 reanalysis)
2021-10-20,2021,10,Oct,20,18.3,Colombo,6.9271,79.8612,Open-Meteo Historical API (ERA5 reanalysis)
2021-10-21,2021,10,Oct,21,5.0,Colombo,6.9271,79.8612,Open-Meteo Historical API (ERA5 reanalysis)
2021-10-22,2021,10,Oct,22,5.5,Colombo,6.9271,79.8612,Open-Meteo Historical API (ERA5 reanalysis)
2021-10-23,2021,10,Oct,23,1.7,Colombo,6.9271,79.8612,Open-Meteo Historical API (ERA5 reanalysis)
2021-10-24,2021,10,Oct,24,15.6,Colombo,6.9271,79.8612,Open-Meteo Historical API (ERA5 reanalysis)
2021-10-25,2021,10,Oct,25,15.5,Colombo,6.9271,79.8612,Open-Meteo Historical API (ERA5 reanalysis)
2021-10-26,2021,10,Oct,26,14.3,Colombo,6.9271,79.8612,Open-Meteo Historical API (ERA5 reanalysis)
2021-10-27,2021,10,Oct,27,5.6,Colombo,6.9271,79.8612,Open-Meteo Historical API (ERA5 reanalysis)
2021-10-28,2021,10,Oct,28,10.0,Colombo,6.9271,79.8612,Open-Meteo Historical API (ERA5 reanalysis)
2021-10-29,2021,10,Oct,29,16.7,Colombo,6.9271,79.8612,Open-Meteo Historical API (ERA5 reanalysis)
2021-10-30,2021,10,Oct,30,11.1,Colombo,6.9271,79.8612,Open-Meteo Historical API (ERA5 reanalysis)
2021-10-31,2021,10,Oct,31,13.4,Colombo,6.9271,79.8612,Open-Meteo Historical API (ERA5 reanalysis)
2021-11-01,2021,11,Nov,1,31.1,Colombo,6.9271,79.8612,Open-Meteo Historical API (ERA5 reanalysis)
2021-11-02,2021,11,Nov,2,9.9,Colombo,6.9271,79.8612,Open-Meteo Historical API (ERA5 reanalysis)
2021-11-03,2021,11,Nov,3,13.8,Colombo,6.9271,79.8612,Open-Meteo Historical API (ERA5 reanalysis)
2021-11-04,2021,11,Nov,4,8.8,Colombo,6.9271,79.8612,Open-Meteo Historical API (ERA5 reanalysis)
2021-11-05,2021,11,Nov,5,14.7,Colombo,6.9271,79.8612,Open-Meteo Historical API (ERA5 reanalysis)
2021-11-06,2021,11,Nov,6,32.5,Colombo,6.9271,79.8612,Open-Meteo Historical API (ERA5 reanalysis)
2021-11-07,2021,11,Nov,7,36.6,Colombo,6.9271,79.8612,Open-Meteo Historical API (ERA5 reanalysis)
2021-11-08,2021,11,Nov,8,89.3,Colombo,6.9271,79.8612,Open-Meteo Historical API (ERA5 reanalysis)
2021-11-09,2021,11,Nov,9,29.8,Colombo,6.9271,79.8612,Open-Meteo Historical API (ERA5 reanalysis)
2021-11-10,2021,11,Nov,10,27.3,Colombo,6.9271,79.8612,Open-Meteo Historical API (ERA5 reanalysis)
2021-11-11,2021,11,Nov,11,9.3,Colombo,6.9271,79.8612,Open-Meteo Historical API (ERA5 reanalysis)
2021-11-12,2021,11,Nov,12,18.0,Colombo,6.9271,79.8612,Open-Meteo Historical API (ERA5 reanalysis)
2021-11-13,2021,11,Nov,13,6.6,Colombo,6.9271,79.8612,Open-Meteo Historical API (ERA5 reanalysis)
2021-11-14,2021,11,Nov,14,9.5,Colombo,6.9271,79.8612,Open-Meteo Historical API (ERA5 reanalysis)
2021-11-15,2021,11,Nov,15,23.2,Colombo,6.9271,79.8612,Open-Meteo Historical API (ERA5 reanalysis)
2021-11-16,2021,11,Nov,16,26.1,Colombo,6.9271,79.8612,Open-Meteo Historical API (ERA5 reanalysis)
2021-11-17,2021,11,Nov,17,17.6,Colombo,6.9271,79.8612,Open-Meteo Historical API (ERA5 reanalysis)
2021-11-18,2021,11,Nov,18,10.0,Colombo,6.9271,79.8612,Open-Meteo Historical API (ERA5 reanalysis)
2021-11-19,2021,11,Nov,19,19.4,Colombo,6.9271,79.8612,Open-Meteo Historical API (ERA5 reanalysis)
2021-11-20,2021,11,Nov,20,0.8,Colombo,6.9271,79.8612,Open-Meteo Historical API (ERA5 reanalysis)
2021-11-21,2021,11,Nov,21,0.0,Colombo,6.9271,79.8612,Open-Meteo Historical API (ERA5 reanalysis)
2021-11-22,2021,11,Nov,22,0.0,Colombo,6.9271,79.8612,Open-Meteo Historical API (ERA5 reanalysis)
2021-11-23,2021,11,Nov,23,15.1,Colombo,6.9271,79.8612,Open-Meteo Historical API (ERA5 reanalysis)
2021-11-24,2021,11,Nov,24,18.2,Colombo,6.9271,79.8612,Open-Meteo Historical API (ERA5 reanalysis)
2021-11-25,2021,11,Nov,25,27.8,Colombo,6.9271,79.8612,Open-Meteo Historical API (ERA5 reanalysis)
2021-11-26,2021,11,Nov,26,3.9,Colombo,6.9271,79.8612,Open-Meteo Historical API (ERA5 reanalysis)
2021-11-27,2021,11,Nov,27,9.3,Colombo,6.9271,79.8612,Open-Meteo Historical API (ERA5 reanalysis)
2021-11-28,2021,11,Nov,28,33.9,Colombo,6.9271,79.8612,Open-Meteo Historical API (ERA5 reanalysis)
2021-11-29,2021,11,Nov,29,14.6,Colombo,6.9271,79.8612,Open-Meteo Historical API (ERA5 reanalysis)
2021-11-30,2021,11,Nov,30,7.1,Colombo,6.9271,79.8612,Open-Meteo Historical API (ERA5 reanalysis)
2021-12-01,2021,12,Dec,1,0.8,Colombo,6.9271,79.8612,Open-Meteo Historical API (ERA5 reanalysis)
2021-12-02,2021,12,Dec,2,0.6,Colombo,6.9271,79.8612,Open-Meteo Historical API (ERA5 reanalysis)
2021-12-03,2021,12,Dec,3,2.1,Colombo,6.9271,79.8612,Open-Meteo Historical API (ERA5 reanalysis)
2021-12-04,2021,12,Dec,4,2.2,Colombo,6.9271,79.8612,Open-Meteo Historical API (ERA5 reanalysis)
2021-12-05,2021,12,Dec,5,0.3,Colombo,6.9271,79.8612,Open-Meteo Historical API (ERA5 reanalysis)
2021-12-06,2021,12,Dec,6,6.0,Colombo,6.9271,79.8612,Open-Meteo Historical API (ERA5 reanalysis)
2021-12-07,2021,12,Dec,7,0.0,Colombo,6.9271,79.8612,Open-Meteo Historical API (ERA5 reanalysis)
2021-12-08,2021,12,Dec,8,0.7,Colombo,6.9271,79.8612,Open-Meteo Historical API (ERA5 reanalysis)
2021-12-09,2021,12,Dec,9,1.7,Colombo,6.9271,79.8612,Open-Meteo Historical API (ERA5 reanalysis)
2021-12-10,2021,12,Dec,10,2.4,Colombo,6.9271,79.8612,Open-Meteo Historical API (ERA5 reanalysis)
2021-12-11,2021,12,Dec,11,1.9,Colombo,6.9271,79.8612,Open-Meteo Historical API (ERA5 reanalysis)
2021-12-12,2021,12,Dec,12,0.9,Colombo,6.9271,79.8612,Open-Meteo Historical API (ERA5 reanalysis)
2021-12-13,2021,12,Dec,13,22.9,Colombo,6.9271,79.8612,Open-Meteo Historical API (ERA5 reanalysis)
2021-12-14,2021,12,Dec,14,2.3,Colombo,6.9271,79.8612,Open-Meteo Historical API (ERA5 reanalysis)
2021-12-15,2021,12,Dec,15,6.8,Colombo,6.9271,79.8612,Open-Meteo Historical API (ERA5 reanalysis)
2021-12-16,2021,12,Dec,16,7.1,Colombo,6.9271,79.8612,Open-Meteo Historical API (ERA5 reanalysis)
2021-12-17,2021,12,Dec,17,9.6,Colombo,6.9271,79.8612,Open-Meteo Historical API (ERA5 reanalysis)
2021-12-18,2021,12,Dec,18,6.7,Colombo,6.9271,79.8612,Open-Meteo Historical API (ERA5 reanalysis)
2021-12-19,2021,12,Dec,19,11.7,Colombo,6.9271,79.8612,Open-Meteo Historical API (ERA5 reanalysis)
2021-12-20,2021,12,Dec,20,0.0,Colombo,6.9271,79.8612,Open-Meteo Historical API (ERA5 reanalysis)
2021-12-21,2021,12,Dec,21,1.2,Colombo,6.9271,79.8612,Open-Meteo Historical API (ERA5 reanalysis)
2021-12-22,2021,12,Dec,22,0.1,Colombo,6.9271,79.8612,Open-Meteo Historical API (ERA5 reanalysis)
2021-12-23,2021,12,Dec,23,0.2,Colombo,6.9271,79.8612,Open-Meteo Historical API (ERA5 reanalysis)
2021-12-24,2021,12,Dec,24,0.0,Colombo,6.9271,79.8612,Open-Meteo Historical API (ERA5 reanalysis)
2021-12-25,2021,12,Dec,25,0.0,Colombo,6.9271,79.8612,Open-Meteo Historical API (ERA5 reanalysis)
2021-12-26,2021,12,Dec,26,0.4,Colombo,6.9271,79.8612,Open-Meteo Historical API (ERA5 reanalysis)
2021-12-27,2021,12,Dec,27,0.0,Colombo,6.9271,79.8612,Open-Meteo Historical API (ERA5 reanalysis)
2021-12-28,2021,12,Dec,28,0.0,Colombo,6.9271,79.8612,Open-Meteo Historical API (ERA5 reanalysis)
2021-12-29,2021,12,Dec,29,0.0,Colombo,6.9271,79.8612,Open-Meteo Historical API (ERA5 reanalysis)
2021-12-30,2021,12,Dec,30,8.4,Colombo,6.9271,79.8612,Open-Meteo Historical API (ERA5 reanalysis)
2021-12-31,2021,12,Dec,31,2.3,Colombo,6.9271,79.8612,Open-Meteo Historical API (ERA5 reanalysis)
2022-01-01,2022,1,Jan,1,3.5,Colombo,6.9271,79.8612,Open-Meteo Historical API (ERA5 reanalysis)
2022-01-02,2022,1,Jan,2,8.0,Colombo,6.9271,79.8612,Open-Meteo Historical API (ERA5 reanalysis)
2022-01-03,2022,1,Jan,3,14.2,Colombo,6.9271,79.8612,Open-Meteo Historical API (ERA5 reanalysis)
2022-01-04,2022,1,Jan,4,4.0,Colombo,6.9271,79.8612,Open-Meteo Historical API (ERA5 reanalysis)
2022-01-05,2022,1,Jan,5,3.0,Colombo,6.9271,79.8612,Open-Meteo Historical API (ERA5 reanalysis)
2022-01-06,2022,1,Jan,6,0.8,Colombo,6.9271,79.8612,Open-Meteo Historical API (ERA5 reanalysis)
2022-01-07,2022,1,Jan,7,3.7,Colombo,6.9271,79.8612,Open-Meteo Historical API (ERA5 reanalysis)
2022-01-08,2022,1,Jan,8,0.8,Colombo,6.9271,79.8612,Open-Meteo Historical API (ERA5 reanalysis)
2022-01-09,2022,1,Jan,9,1.4,Colombo,6.9271,79.8612,Open-Meteo Historical API (ERA5 reanalysis)
2022-01-10,2022,1,Jan,10,0.9,Colombo,6.9271,79.8612,Open-Meteo Historical API (ERA5 reanalysis)
2022-01-11,2022,1,Jan,11,2.1,Colombo,6.9271,79.8612,Open-Meteo Historical API (ERA5 reanalysis)
2022-01-12,2022,1,Jan,12,3.8,Colombo,6.9271,79.8612,Open-Meteo Historical API (ERA5 reanalysis)
2022-01-13,2022,1,Jan,13,2.2,Colombo,6.9271,79.8612,Open-Meteo Historical API (ERA5 reanalysis)
2022-01-14,2022,1,Jan,14,0.1,Colombo,6.9271,79.8612,Open-Meteo Historical API (ERA5 reanalysis)
2022-01-15,2022,1,Jan,15,2.5,Colombo,6.9271,79.8612,Open-Meteo Historical API (ERA5 reanalysis)
2022-01-16,2022,1,Jan,16,1.2,Colombo,6.9271,79.8612,Open-Meteo Historical API (ERA5 reanalysis)
2022-01-17,2022,1,Jan,17,4.1,Colombo,6.9271,79.8612,Open-Meteo Historical API (ERA5 reanalysis)
2022-01-18,2022,1,Jan,18,1.6,Colombo,6.9271,79.8612,Open-Meteo Historical API (ERA5 reanalysis)
2022-01-19,2022,1,Jan,19,0.0,Colombo,6.9271,79.8612,Open-Meteo Historical API (ERA5 reanalysis)
2022-01-20,2022,1,Jan,20,0.0,Colombo,6.9271,79.8612,Open-Meteo Historical API (ERA5 reanalysis)
2022-01-21,2022,1,Jan,21,0.0,Colombo,6.9271,79.8612,Open-Meteo Historical API (ERA5 reanalysis)
2022-01-22,2022,1,Jan,22,0.0,Colombo,6.9271,79.8612,Open-Meteo Historical API (ERA5 reanalysis)
2022-01-23,2022,1,Jan,23,0.1,Colombo,6.9271,79.8612,Open-Meteo Historical API (ERA5 reanalysis)
2022-01-24,2022,1,Jan,24,0.3,Colombo,6.9271,79.8612,Open-Meteo Historical API (ERA5 reanalysis)
2022-01-25,2022,1,Jan,25,1.7,Colombo,6.9271,79.8612,Open-Meteo Historical API (ERA5 reanalysis)
2022-01-26,2022,1,Jan,26,2.8,Colombo,6.9271,79.8612,Open-Meteo Historical API (ERA5 reanalysis)
2022-01-27,2022,1,Jan,27,1.1,Colombo,6.9271,79.8612,Open-Meteo Historical API (ERA5 reanalysis)
2022-01-28,2022,1,Jan,28,0.6,Colombo,6.9271,79.8612,Open-Meteo Historical API (ERA5 reanalysis)
2022-01-29,2022,1,Jan,29,0.4,Colombo,6.9271,79.8612,Open-Meteo Historical API (ERA5 reanalysis)
2022-01-30,2022,1,Jan,30,0.3,Colombo,6.9271,79.8612,Open-Meteo Historical API (ERA5 reanalysis)
2022-01-31,2022,1,Jan,31,9.5,Colombo,6.9271,79.8612,Open-Meteo Historical API (ERA5 reanalysis)
2022-02-01,2022,2,Feb,1,0.0,Colombo,6.9271,79.8612,Open-Meteo Historical API (ERA5 reanalysis)
2022-02-02,2022,2,Feb,2,0.5,Colombo,6.9271,79.8612,Open-Meteo Historical API (ERA5 reanalysis)
2022-02-03,2022,2,Feb,3,0.0,Colombo,6.9271,79.8612,Open-Meteo Historical API (ERA5 reanalysis)
2022-02-04,2022,2,Feb,4,0.0,Colombo,6.9271,79.8612,Open-Meteo Historical API (ERA5 reanalysis)
2022-02-05,2022,2,Feb,5,0.0,Colombo,6.9271,79.8612,Open-Meteo Historical API (ERA5 reanalysis)
2022-02-06,2022,2,Feb,6,0.0,Colombo,6.9271,79.8612,Open-Meteo Historical API (ERA5 reanalysis)
2022-02-07,2022,2,Feb,7,0.2,Colombo,6.9271,79.8612,Open-Meteo Historical API (ERA5 reanalysis)
2022-02-08,2022,2,Feb,8,0.0,Colombo,6.9271,79.8612,Open-Meteo Historical API (ERA5 reanalysis)
2022-02-09,2022,2,Feb,9,0.0,Colombo,6.9271,79.8612,Open-Meteo Historical API (ERA5 reanalysis)
2022-02-10,2022,2,Feb,10,0.9,Colombo,6.9271,79.8612,Open-Meteo Historical API (ERA5 reanalysis)
2022-02-11,2022,2,Feb,11,2.7,Colombo,6.9271,79.8612,Open-Meteo Historical API (ERA5 reanalysis)
2022-02-12,2022,2,Feb,12,24.0,Colombo,6.9271,79.8612,Open-Meteo Historical API (ERA5 reanalysis)
2022-02-13,2022,2,Feb,13,6.9,Colombo,6.9271,79.8612,Open-Meteo Historical API (ERA5 reanalysis)
2022-02-14,2022,2,Feb,14,3.5,Colombo,6.9271,79.8612,Open-Meteo Historical API (ERA5 reanalysis)
2022-02-15,2022,2,Feb,15,0.0,Colombo,6.9271,79.8612,Open-Meteo Historical API (ERA5 reanalysis)
2022-02-16,2022,2,Feb,16,0.0,Colombo,6.9271,79.8612,Open-Meteo Historical API (ERA5 reanalysis)
2022-02-17,2022,2,Feb,17,0.0,Colombo,6.9271,79.8612,Open-Meteo Historical API (ERA5 reanalysis)
2022-02-18,2022,2,Feb,18,1.2,Colombo,6.9271,79.8612,Open-Meteo Historical API (ERA5 reanalysis)
2022-02-19,2022,2,Feb,19,1.3,Colombo,6.9271,79.8612,Open-Meteo Historical API (ERA5 reanalysis)
2022-02-20,2022,2,Feb,20,0.8,Colombo,6.9271,79.8612,Open-Meteo Historical API (ERA5 reanalysis)
2022-02-21,2022,2,Feb,21,1.0,Colombo,6.9271,79.8612,Open-Meteo Historical API (ERA5 reanalysis)
2022-02-22,2022,2,Feb,22,2.1,Colombo,6.9271,79.8612,Open-Meteo Historical API (ERA5 reanalysis)
2022-02-23,2022,2,Feb,23,0.0,Colombo,6.9271,79.8612,Open-Meteo Historical API (ERA5 reanalysis)
2022-02-24,2022,2,Feb,24,1.9,Colombo,6.9271,79.8612,Open-Meteo Historical API (ERA5 reanalysis)
2022-02-25,2022,2,Feb,25,0.4,Colombo,6.9271,79.8612,Open-Meteo Historical API (ERA5 reanalysis)
2022-02-26,2022,2,Feb,26,2.2,Colombo,6.9271,79.8612,Open-Meteo Historical API (ERA5 reanalysis)
2022-02-27,2022,2,Feb,27,1.0,Colombo,6.9271,79.8612,Open-Meteo Historical API (ERA5 reanalysis)
2022-02-28,2022,2,Feb,28,0.0,Colombo,6.9271,79.8612,Open-Meteo Historical API (ERA5 reanalysis)
2022-03-01,2022,3,Mar,1,0.6,Colombo,6.9271,79.8612,Open-Meteo Historical API (ERA5 reanalysis)
2022-03-02,2022,3,Mar,2,1.6,Colombo,6.9271,79.8612,Open-Meteo Historical API (ERA5 reanalysis)
2022-03-03,2022,3,Mar,3,0.2,Colombo,6.9271,79.8612,Open-Meteo Historical API (ERA5 reanalysis)
2022-03-04,2022,3,Mar,4,1.9,Colombo,6.9271,79.8612,Open-Meteo Historical API (ERA5 reanalysis)
2022-03-05,2022,3,Mar,5,0.7,Colombo,6.9271,79.8612,Open-Meteo Historical API (ERA5 reanalysis)
2022-03-06,2022,3,Mar,6,0.0,Colombo,6.9271,79.8612,Open-Meteo Historical API (ERA5 reanalysis)
2022-03-07,2022,3,Mar,7,1.6,Colombo,6.9271,79.8612,Open-Meteo Historical API (ERA5 reanalysis)
2022-03-08,2022,3,Mar,8,2.5,Colombo,6.9271,79.8612,Open-Meteo Historical API (ERA5 reanalysis)
2022-03-09,2022,3,Mar,9,0.1,Colombo,6.9271,79.8612,Open-Meteo Historical API (ERA5 reanalysis)
2022-03-10,2022,3,Mar,10,0.5,Colombo,6.9271,79.8612,Open-Meteo Historical API (ERA5 reanalysis)
2022-03-11,2022,3,Mar,11,5.5,Colombo,6.9271,79.8612,Open-Meteo Historical API (ERA5 reanalysis)
2022-03-12,2022,3,Mar,12,1.3,Colombo,6.9271,79.8612,Open-Meteo Historical API (ERA5 reanalysis)
2022-03-13,2022,3,Mar,13,2.9,Colombo,6.9271,79.8612,Open-Meteo Historical API (ERA5 reanalysis)
2022-03-14,2022,3,Mar,14,1.8,Colombo,6.9271,79.8612,Open-Meteo Historical API (ERA5 reanalysis)
2022-03-15,2022,3,Mar,15,0.0,Colombo,6.9271,79.8612,Open-Meteo Historical API (ERA5 reanalysis)
2022-03-16,2022,3,Mar,16,0.0,Colombo,6.9271,79.8612,Open-Meteo Historical API (ERA5 reanalysis)
2022-03-17,2022,3,Mar,17,1.5,Colombo,6.9271,79.8612,Open-Meteo Historical API (ERA5 reanalysis)
2022-03-18,2022,3,Mar,18,1.9,Colombo,6.9271,79.8612,Open-Meteo Historical API (ERA5 reanalysis)
2022-03-19,2022,3,Mar,19,7.5,Colombo,6.9271,79.8612,Open-Meteo Historical API (ERA5 reanalysis)
2022-03-20,2022,3,Mar,20,3.0,Colombo,6.9271,79.8612,Open-Meteo Historical API (ERA5 reanalysis)
2022-03-21,2022,3,Mar,21,1.4,Colombo,6.9271,79.8612,Open-Meteo Historical API (ERA5 reanalysis)
2022-03-22,2022,3,Mar,22,2.2,Colombo,6.9271,79.8612,Open-Meteo Historical API (ERA5 reanalysis)
2022-03-23,2022,3,Mar,23,1.0,Colombo,6.9271,79.8612,Open-Meteo Historical API (ERA5 reanalysis)
2022-03-24,2022,3,Mar,24,0.9,Colombo,6.9271,79.8612,Open-Meteo Historical API (ERA5 reanalysis)
2022-03-25,2022,3,Mar,25,1.4,Colombo,6.9271,79.8612,Open-Meteo Historical API (ERA5 reanalysis)
2022-03-26,2022,3,Mar,26,3.0,Colombo,6.9271,79.8612,Open-Meteo Historical API (ERA5 reanalysis)
2022-03-27,2022,3,Mar,27,0.8,Colombo,6.9271,79.8612,Open-Meteo Historical API (ERA5 reanalysis)
2022-03-28,2022,3,Mar,28,3.0,Colombo,6.9271,79.8612,Open-Meteo Historical API (ERA5 reanalysis)
2022-03-29,2022,3,Mar,29,2.4,Colombo,6.9271,79.8612,Open-Meteo Historical API (ERA5 reanalysis)
2022-03-30,2022,3,Mar,30,0.8,Colombo,6.9271,79.8612,Open-Meteo Historical API (ERA5 reanalysis)
2022-03-31,2022,3,Mar,31,1.3,Colombo,6.9271,79.8612,Open-Meteo Historical API (ERA5 reanalysis)
2022-04-01,2022,4,Apr,1,1.8,Colombo,6.9271,79.8612,Open-Meteo Historical API (ERA5 reanalysis)
2022-04-02,2022,4,Apr,2,0.8,Colombo,6.9271,79.8612,Open-Meteo Historical API (ERA5 reanalysis)
2022-04-03,2022,4,Apr,3,3.4,Colombo,6.9271,79.8612,Open-Meteo Historical API (ERA5 reanalysis)
2022-04-04,2022,4,Apr,4,14.3,Colombo,6.9271,79.8612,Open-Meteo Historical API (ERA5 reanalysis)
2022-04-05,2022,4,Apr,5,21.4,Colombo,6.9271,79.8612,Open-Meteo Historical API (ERA5 reanalysis)
2022-04-06,2022,4,Apr,6,10.2,Colombo,6.9271,79.8612,Open-Meteo Historical API (ERA5 reanalysis)
2022-04-07,2022,4,Apr,7,3.8,Colombo,6.9271,79.8612,Open-Meteo Historical API (ERA5 reanalysis)
2022-04-08,2022,4,Apr,8,14.5,Colombo,6.9271,79.8612,Open-Meteo Historical API (ERA5 reanalysis)
2022-04-09,2022,4,Apr,9,9.7,Colombo,6.9271,79.8612,Open-Meteo Historical API (ERA5 reanalysis)
2022-04-10,2022,4,Apr,10,27.2,Colombo,6.9271,79.8612,Open-Meteo Historical API (ERA5 reanalysis)
2022-04-11,2022,4,Apr,11,9.2,Colombo,6.9271,79.8612,Open-Meteo Historical API (ERA5 reanalysis)
2022-04-12,2022,4,Apr,12,11.4,Colombo,6.9271,79.8612,Open-Meteo Historical API (ERA5 reanalysis)
2022-04-13,2022,4,Apr,13,6.0,Colombo,6.9271,79.8612,Open-Meteo Historical API (ERA5 reanalysis)
2022-04-14,2022,4,Apr,14,2.1,Colombo,6.9271,79.8612,Open-Meteo Historical API (ERA5 reanalysis)
2022-04-15,2022,4,Apr,15,0.4,Colombo,6.9271,79.8612,Open-Meteo Historical API (ERA5 reanalysis)
2022-04-16,2022,4,Apr,16,1.0,Colombo,6.9271,79.8612,Open-Meteo Historical API (ERA5 reanalysis)
2022-04-17,2022,4,Apr,17,1.3,Colombo,6.9271,79.8612,Open-Meteo Historical API (ERA5 reanalysis)
2022-04-18,2022,4,Apr,18,2.7,Colombo,6.9271,79.8612,Open-Meteo Historical API (ERA5 reanalysis)
2022-04-19,2022,4,Apr,19,16.3,Colombo,6.9271,79.8612,Open-Meteo Historical API (ERA5 reanalysis)
2022-04-20,2022,4,Apr,20,1.7,Colombo,6.9271,79.8612,Open-Meteo Historical API (ERA5 reanalysis)
2022-04-21,2022,4,Apr,21,6.0,Colombo,6.9271,79.8612,Open-Meteo Historical API (ERA5 reanalysis)
2022-04-22,2022,4,Apr,22,9.3,Colombo,6.9271,79.8612,Open-Meteo Historical API (ERA5 reanalysis)
2022-04-23,2022,4,Apr,23,0.7,Colombo,6.9271,79.8612,Open-Meteo Historical API (ERA5 reanalysis)
2022-04-24,2022,4,Apr,24,5.5,Colombo,6.9271,79.8612,Open-Meteo Historical API (ERA5 reanalysis)
2022-04-25,2022,4,Apr,25,8.4,Colombo,6.9271,79.8612,Open-Meteo Historical API (ERA5 reanalysis)
2022-04-26,2022,4,Apr,26,3.6,Colombo,6.9271,79.8612,Open-Meteo Historical API (ERA5 reanalysis)
2022-04-27,2022,4,Apr,27,9.9,Colombo,6.9271,79.8612,Open-Meteo Historical API (ERA5 reanalysis)
2022-04-28,2022,4,Apr,28,3.7,Colombo,6.9271,79.8612,Open-Meteo Historical API (ERA5 reanalysis)
2022-04-29,2022,4,Apr,29,2.2,Colombo,6.9271,79.8612,Open-Meteo Historical API (ERA5 reanalysis)
2022-04-30,2022,4,Apr,30,2.1,Colombo,6.9271,79.8612,Open-Meteo Historical API (ERA5 reanalysis)
2022-05-01,2022,5,May,1,11.9,Colombo,6.9271,79.8612,Open-Meteo Historical API (ERA5 reanalysis)
2022-05-02,2022,5,May,2,16.6,Colombo,6.9271,79.8612,Open-Meteo Historical API (ERA5 reanalysis)
2022-05-03,2022,5,May,3,2.6,Colombo,6.9271,79.8612,Open-Meteo Historical API (ERA5 reanalysis)
2022-05-04,2022,5,May,4,1.7,Colombo,6.9271,79.8612,Open-Meteo Historical API (ERA5 reanalysis)
2022-05-05,2022,5,May,5,8.6,Colombo,6.9271,79.8612,Open-Meteo Historical API (ERA5 reanalysis)
2022-05-06,2022,5,May,6,4.2,Colombo,6.9271,79.8612,Open-Meteo Historical API (ERA5 reanalysis)
2022-05-07,2022,5,May,7,2.2,Colombo,6.9271,79.8612,Open-Meteo Historical API (ERA5 reanalysis)
2022-05-08,2022,5,May,8,10.3,Colombo,6.9271,79.8612,Open-Meteo Historical API (ERA5 reanalysis)
2022-05-09,2022,5,May,9,11.9,Colombo,6.9271,79.8612,Open-Meteo Historical API (ERA5 reanalysis)
2022-05-10,2022,5,May,10,21.3,Colombo,6.9271,79.8612,Open-Meteo Historical API (ERA5 reanalysis)
2022-05-11,2022,5,May,11,13.6,Colombo,6.9271,79.8612,Open-Meteo Historical API (ERA5 reanalysis)
2022-05-12,2022,5,May,12,25.9,Colombo,6.9271,79.8612,Open-Meteo Historical API (ERA5 reanalysis)
2022-05-13,2022,5,May,13,61.7,Colombo,6.9271,79.8612,Open-Meteo Historical API (ERA5 reanalysis)
2022-05-14,2022,5,May,14,70.5,Colombo,6.9271,79.8612,Open-Meteo Historical API (ERA5 reanalysis)
2022-05-15,2022,5,May,15,30.6,Colombo,6.9271,79.8612,Open-Meteo Historical API (ERA5 reanalysis)
2022-05-16,2022,5,May,16,17.6,Colombo,6.9271,79.8612,Open-Meteo Historical API (ERA5 reanalysis)
2022-05-17,2022,5,May,17,19.5,Colombo,6.9271,79.8612,Open-Meteo Historical API (ERA5 reanalysis)
2022-05-18,2022,5,May,18,17.2,Colombo,6.9271,79.8612,Open-Meteo Historical API (ERA5 reanalysis)
2022-05-19,2022,5,May,19,13.4,Colombo,6.9271,79.8612,Open-Meteo Historical API (ERA5 reanalysis)
2022-05-20,2022,5,May,20,2.7,Colombo,6.9271,79.8612,Open-Meteo Historical API (ERA5 reanalysis)
2022-05-21,2022,5,May,21,1.9,Colombo,6.9271,79.8612,Open-Meteo Historical API (ERA5 reanalysis)
2022-05-22,2022,5,May,22,3.0,Colombo,6.9271,79.8612,Open-Meteo Historical API (ERA5 reanalysis)
2022-05-23,2022,5,May,23,6.1,Colombo,6.9271,79.8612,Open-Meteo Historical API (ERA5 reanalysis)
2022-05-24,2022,5,May,24,63.1,Colombo,6.9271,79.8612,Open-Meteo Historical API (ERA5 reanalysis)
2022-05-25,2022,5,May,25,10.5,Colombo,6.9271,79.8612,Open-Meteo Historical API (ERA5 reanalysis)
2022-05-26,2022,5,May,26,17.6,Colombo,6.9271,79.8612,Open-Meteo Historical API (ERA5 reanalysis)
2022-05-27,2022,5,May,27,8.1,Colombo,6.9271,79.8612,Open-Meteo Historical API (ERA5 reanalysis)
2022-05-28,2022,5,May,28,16.1,Colombo,6.9271,79.8612,Open-Meteo Historical API (ERA5 reanalysis)
2022-05-29,2022,5,May,29,28.6,Colombo,6.9271,79.8612,Open-Meteo Historical API (ERA5 reanalysis)
2022-05-30,2022,5,May,30,32.6,Colombo,6.9271,79.8612,Open-Meteo Historical API (ERA5 reanalysis)
2022-05-31,2022,5,May,31,41.0,Colombo,6.9271,79.8612,Open-Meteo Historical API (ERA5 reanalysis)
2022-06-01,2022,6,Jun,1,33.6,Colombo,6.9271,79.8612,Open-Meteo Historical API (ERA5 reanalysis)
2022-06-02,2022,6,Jun,2,6.7,Colombo,6.9271,79.8612,Open-Meteo Historical API (ERA5 reanalysis)
2022-06-03,2022,6,Jun,3,8.6,Colombo,6.9271,79.8612,Open-Meteo Historical API (ERA5 reanalysis)
2022-06-04,2022,6,Jun,4,10.2,Colombo,6.9271,79.8612,Open-Meteo Historical API (ERA5 reanalysis)
2022-06-05,2022,6,Jun,5,5.0,Colombo,6.9271,79.8612,Open-Meteo Historical API (ERA5 reanalysis)
2022-06-06,2022,6,Jun,6,6.1,Colombo,6.9271,79.8612,Open-Meteo Historical API (ERA5 reanalysis)
2022-06-07,2022,6,Jun,7,8.0,Colombo,6.9271,79.8612,Open-Meteo Historical API (ERA5 reanalysis)
2022-06-08,2022,6,Jun,8,5.4,Colombo,6.9271,79.8612,Open-Meteo Historical API (ERA5 reanalysis)
2022-06-09,2022,6,Jun,9,7.7,Colombo,6.9271,79.8612,Open-Meteo Historical API (ERA5 reanalysis)
2022-06-10,2022,6,Jun,10,3.1,Colombo,6.9271,79.8612,Open-Meteo Historical API (ERA5 reanalysis)
2022-06-11,2022,6,Jun,11,8.3,Colombo,6.9271,79.8612,Open-Meteo Historical API (ERA5 reanalysis)
2022-06-12,2022,6,Jun,12,12.8,Colombo,6.9271,79.8612,Open-Meteo Historical API (ERA5 reanalysis)
2022-06-13,2022,6,Jun,13,6.4,Colombo,6.9271,79.8612,Open-Meteo Historical API (ERA5 reanalysis)
2022-06-14,2022,6,Jun,14,13.4,Colombo,6.9271,79.8612,Open-Meteo Historical API (ERA5 reanalysis)
2022-06-15,2022,6,Jun,15,12.7,Colombo,6.9271,79.8612,Open-Meteo Historical API (ERA5 reanalysis)
2022-06-16,2022,6,Jun,16,20.8,Colombo,6.9271,79.8612,Open-Meteo Historical API (ERA5 reanalysis)
2022-06-17,2022,6,Jun,17,7.1,Colombo,6.9271,79.8612,Open-Meteo Historical API (ERA5 reanalysis)
2022-06-18,2022,6,Jun,18,3.1,Colombo,6.9271,79.8612,Open-Meteo Historical API (ERA5 reanalysis)
2022-06-19,2022,6,Jun,19,10.9,Colombo,6.9271,79.8612,Open-Meteo Historical API (ERA5 reanalysis)
2022-06-20,2022,6,Jun,20,6.7,Colombo,6.9271,79.8612,Open-Meteo Historical API (ERA5 reanalysis)
2022-06-21,2022,6,Jun,21,10.0,Colombo,6.9271,79.8612,Open-Meteo Historical API (ERA5 reanalysis)
2022-06-22,2022,6,Jun,22,6.0,Colombo,6.9271,79.8612,Open-Meteo Historical API (ERA5 reanalysis)
2022-06-23,2022,6,Jun,23,6.7,Colombo,6.9271,79.8612,Open-Meteo Historical API (ERA5 reanalysis)
2022-06-24,2022,6,Jun,24,16.0,Colombo,6.9271,79.8612,Open-Meteo Historical API (ERA5 reanalysis)
2022-06-25,2022,6,Jun,25,24.7,Colombo,6.9271,79.8612,Open-Meteo Historical API (ERA5 reanalysis)
2022-06-26,2022,6,Jun,26,7.0,Colombo,6.9271,79.8612,Open-Meteo Historical API (ERA5 reanalysis)
2022-06-27,2022,6,Jun,27,0.7,Colombo,6.9271,79.8612,Open-Meteo Historical API (ERA5 reanalysis)
2022-06-28,2022,6,Jun,28,5.5,Colombo,6.9271,79.8612,Open-Meteo Historical API (ERA5 reanalysis)
2022-06-29,2022,6,Jun,29,6.0,Colombo,6.9271,79.8612,Open-Meteo Historical API (ERA5 reanalysis)
2022-06-30,2022,6,Jun,30,7.2,Colombo,6.9271,79.8612,Open-Meteo Historical API (ERA5 reanalysis)
2022-07-01,2022,7,Jul,1,0.7,Colombo,6.9271,79.8612,Open-Meteo Historical API (ERA5 reanalysis)
2022-07-02,2022,7,Jul,2,4.6,Colombo,6.9271,79.8612,Open-Meteo Historical API (ERA5 reanalysis)
2022-07-03,2022,7,Jul,3,26.0,Colombo,6.9271,79.8612,Open-Meteo Historical API (ERA5 reanalysis)
2022-07-04,2022,7,Jul,4,0.0,Colombo,6.9271,79.8612,Open-Meteo Historical API (ERA5 reanalysis)
2022-07-05,2022,7,Jul,5,6.5,Colombo,6.9271,79.8612,Open-Meteo Historical API (ERA5 reanalysis)
2022-07-06,2022,7,Jul,6,6.8,Colombo,6.9271,79.8612,Open-Meteo Historical API (ERA5 reanalysis)
2022-07-07,2022,7,Jul,7,1.2,Colombo,6.9271,79.8612,Open-Meteo Historical API (ERA5 reanalysis)
2022-07-08,2022,7,Jul,8,0.0,Colombo,6.9271,79.8612,Open-Meteo Historical API (ERA5 reanalysis)
2022-07-09,2022,7,Jul,9,0.0,Colombo,6.9271,79.8612,Open-Meteo Historical API (ERA5 reanalysis)
2022-07-10,2022,7,Jul,10,3.1,Colombo,6.9271,79.8612,Open-Meteo Historical API (ERA5 reanalysis)
2022-07-11,2022,7,Jul,11,4.0,Colombo,6.9271,79.8612,Open-Meteo Historical API (ERA5 reanalysis)
2022-07-12,2022,7,Jul,12,1.3,Colombo,6.9271,79.8612,Open-Meteo Historical API (ERA5 reanalysis)
2022-07-13,2022,7,Jul,13,2.5,Colombo,6.9271,79.8612,Open-Meteo Historical API (ERA5 reanalysis)
2022-07-14,2022,7,Jul,14,3.6,Colombo,6.9271,79.8612,Open-Meteo Historical API (ERA5 reanalysis)
2022-07-15,2022,7,Jul,15,2.0,Colombo,6.9271,79.8612,Open-Meteo Historical API (ERA5 reanalysis)
2022-07-16,2022,7,Jul,16,4.4,Colombo,6.9271,79.8612,Open-Meteo Historical API (ERA5 reanalysis)
2022-07-17,2022,7,Jul,17,2.8,Colombo,6.9271,79.8612,Open-Meteo Historical API (ERA5 reanalysis)
2022-07-18,2022,7,Jul,18,2.2,Colombo,6.9271,79.8612,Open-Meteo Historical API (ERA5 reanalysis)
2022-07-19,2022,7,Jul,19,0.2,Colombo,6.9271,79.8612,Open-Meteo Historical API (ERA5 reanalysis)
2022-07-20,2022,7,Jul,20,7.5,Colombo,6.9271,79.8612,Open-Meteo Historical API (ERA5 reanalysis)
2022-07-21,2022,7,Jul,21,9.7,Colombo,6.9271,79.8612,Open-Meteo Historical API (ERA5 reanalysis)
2022-07-22,2022,7,Jul,22,9.9,Colombo,6.9271,79.8612,Open-Meteo Historical API (ERA5 reanalysis)
2022-07-23,2022,7,Jul,23,6.6,Colombo,6.9271,79.8612,Open-Meteo Historical API (ERA5 reanalysis)
2022-07-24,2022,7,Jul,24,0.4,Colombo,6.9271,79.8612,Open-Meteo Historical API (ERA5 reanalysis)
2022-07-25,2022,7,Jul,25,1.7,Colombo,6.9271,79.8612,Open-Meteo Historical API (ERA5 reanalysis)
2022-07-26,2022,7,Jul,26,0.8,Colombo,6.9271,79.8612,Open-Meteo Historical API (ERA5 reanalysis)
2022-07-27,2022,7,Jul,27,29.2,Colombo,6.9271,79.8612,Open-Meteo Historical API (ERA5 reanalysis)
2022-07-28,2022,7,Jul,28,4.8,Colombo,6.9271,79.8612,Open-Meteo Historical API (ERA5 reanalysis)
2022-07-29,2022,7,Jul,29,2.7,Colombo,6.9271,79.8612,Open-Meteo Historical API (ERA5 reanalysis)
2022-07-30,2022,7,Jul,30,4.4,Colombo,6.9271,79.8612,Open-Meteo Historical API (ERA5 reanalysis)
2022-07-31,2022,7,Jul,31,3.6,Colombo,6.9271,79.8612,Open-Meteo Historical API (ERA5 reanalysis)
2022-08-01,2022,8,Aug,1,31.2,Colombo,6.9271,79.8612,Open-Meteo Historical API (ERA5 reanalysis)
2022-08-02,2022,8,Aug,2,38.3,Colombo,6.9271,79.8612,Open-Meteo Historical API (ERA5 reanalysis)
2022-08-03,2022,8,Aug,3,28.9,Colombo,6.9271,79.8612,Open-Meteo Historical API (ERA5 reanalysis)
2022-08-04,2022,8,Aug,4,21.7,Colombo,6.9271,79.8612,Open-Meteo Historical API (ERA5 reanalysis)
2022-08-05,2022,8,Aug,5,5.9,Colombo,6.9271,79.8612,Open-Meteo Historical API (ERA5 reanalysis)
2022-08-06,2022,8,Aug,6,5.3,Colombo,6.9271,79.8612,Open-Meteo Historical API (ERA5 reanalysis)
2022-08-07,2022,8,Aug,7,2.6,Colombo,6.9271,79.8612,Open-Meteo Historical API (ERA5 reanalysis)
2022-08-08,2022,8,Aug,8,2.7,Colombo,6.9271,79.8612,Open-Meteo Historical API (ERA5 reanalysis)
2022-08-09,2022,8,Aug,9,2.4,Colombo,6.9271,79.8612,Open-Meteo Historical API (ERA5 reanalysis)
2022-08-10,2022,8,Aug,10,0.4,Colombo,6.9271,79.8612,Open-Meteo Historical API (ERA5 reanalysis)
2022-08-11,2022,8,Aug,11,0.1,Colombo,6.9271,79.8612,Open-Meteo Historical API (ERA5 reanalysis)
2022-08-12,2022,8,Aug,12,1.9,Colombo,6.9271,79.8612,Open-Meteo Historical API (ERA5 reanalysis)
2022-08-13,2022,8,Aug,13,1.8,Colombo,6.9271,79.8612,Open-Meteo Historical API (ERA5 reanalysis)
2022-08-14,2022,8,Aug,14,4.4,Colombo,6.9271,79.8612,Open-Meteo Historical API (ERA5 reanalysis)
2022-08-15,2022,8,Aug,15,0.0,Colombo,6.9271,79.8612,Open-Meteo Historical API (ERA5 reanalysis)
2022-08-16,2022,8,Aug,16,1.6,Colombo,6.9271,79.8612,Open-Meteo Historical API (ERA5 reanalysis)
2022-08-17,2022,8,Aug,17,2.4,Colombo,6.9271,79.8612,Open-Meteo Historical API (ERA5 reanalysis)
2022-08-18,2022,8,Aug,18,6.5,Colombo,6.9271,79.8612,Open-Meteo Historical API (ERA5 reanalysis)
2022-08-19,2022,8,Aug,19,6.6,Colombo,6.9271,79.8612,Open-Meteo Historical API (ERA5 reanalysis)
2022-08-20,2022,8,Aug,20,4.2,Colombo,6.9271,79.8612,Open-Meteo Historical API (ERA5 reanalysis)
2022-08-21,2022,8,Aug,21,3.1,Colombo,6.9271,79.8612,Open-Meteo Historical API (ERA5 reanalysis)
2022-08-22,2022,8,Aug,22,27.2,Colombo,6.9271,79.8612,Open-Meteo Historical API (ERA5 reanalysis)
2022-08-23,2022,8,Aug,23,8.0,Colombo,6.9271,79.8612,Open-Meteo Historical API (ERA5 reanalysis)
2022-08-24,2022,8,Aug,24,12.2,Colombo,6.9271,79.8612,Open-Meteo Historical API (ERA5 reanalysis)
2022-08-25,2022,8,Aug,25,4.3,Colombo,6.9271,79.8612,Open-Meteo Historical API (ERA5 reanalysis)
2022-08-26,2022,8,Aug,26,14.1,Colombo,6.9271,79.8612,Open-Meteo Historical API (ERA5 reanalysis)
2022-08-27,2022,8,Aug,27,13.3,Colombo,6.9271,79.8612,Open-Meteo Historical API (ERA5 reanalysis)
2022-08-28,2022,8,Aug,28,3.1,Colombo,6.9271,79.8612,Open-Meteo Historical API (ERA5 reanalysis)
2022-08-29,2022,8,Aug,29,5.9,Colombo,6.9271,79.8612,Open-Meteo Historical API (ERA5 reanalysis)
2022-08-30,2022,8,Aug,30,28.2,Colombo,6.9271,79.8612,Open-Meteo Historical API (ERA5 reanalysis)
2022-08-31,2022,8,Aug,31,25.8,Colombo,6.9271,79.8612,Open-Meteo Historical API (ERA5 reanalysis)
2022-09-01,2022,9,Sep,1,31.4,Colombo,6.9271,79.8612,Open-Meteo Historical API (ERA5 reanalysis)
2022-09-02,2022,9,Sep,2,6.7,Colombo,6.9271,79.8612,Open-Meteo Historical API (ERA5 reanalysis)
2022-09-03,2022,9,Sep,3,17.6,Colombo,6.9271,79.8612,Open-Meteo Historical API (ERA5 reanalysis)
2022-09-04,2022,9,Sep,4,22.2,Colombo,6.9271,79.8612,Open-Meteo Historical API (ERA5 reanalysis)
2022-09-05,2022,9,Sep,5,29.0,Colombo,6.9271,79.8612,Open-Meteo Historical API (ERA5 reanalysis)
2022-09-06,2022,9,Sep,6,4.1,Colombo,6.9271,79.8612,Open-Meteo Historical API (ERA5 reanalysis)
2022-09-07,2022,9,Sep,7,1.9,Colombo,6.9271,79.8612,Open-Meteo Historical API (ERA5 reanalysis)
2022-09-08,2022,9,Sep,8,1.1,Colombo,6.9271,79.8612,Open-Meteo Historical API (ERA5 reanalysis)
2022-09-09,2022,9,Sep,9,5.3,Colombo,6.9271,79.8612,Open-Meteo Historical API (ERA5 reanalysis)
2022-09-10,2022,9,Sep,10,4.4,Colombo,6.9271,79.8612,Open-Meteo Historical API (ERA5 reanalysis)
2022-09-11,2022,9,Sep,11,3.4,Colombo,6.9271,79.8612,Open-Meteo Historical API (ERA5 reanalysis)
2022-09-12,2022,9,Sep,12,2.0,Colombo,6.9271,79.8612,Open-Meteo Historical API (ERA5 reanalysis)
2022-09-13,2022,9,Sep,13,2.4,Colombo,6.9271,79.8612,Open-Meteo Historical API (ERA5 reanalysis)
2022-09-14,2022,9,Sep,14,2.7,Colombo,6.9271,79.8612,Open-Meteo Historical API (ERA5 reanalysis)
2022-09-15,2022,9,Sep,15,2.9,Colombo,6.9271,79.8612,Open-Meteo Historical API (ERA5 reanalysis)
2022-09-16,2022,9,Sep,16,2.8,Colombo,6.9271,79.8612,Open-Meteo Historical API (ERA5 reanalysis)
2022-09-17,2022,9,Sep,17,2.8,Colombo,6.9271,79.8612,Open-Meteo Historical API (ERA5 reanalysis)
2022-09-18,2022,9,Sep,18,2.7,Colombo,6.9271,79.8612,Open-Meteo Historical API (ERA5 reanalysis)
2022-09-19,2022,9,Sep,19,5.1,Colombo,6.9271,79.8612,Open-Meteo Historical API (ERA5 reanalysis)
2022-09-20,2022,9,Sep,20,2.4,Colombo,6.9271,79.8612,Open-Meteo Historical API (ERA5 reanalysis)
2022-09-21,2022,9,Sep,21,2.2,Colombo,6.9271,79.8612,Open-Meteo Historical API (ERA5 reanalysis)
2022-09-22,2022,9,Sep,22,3.6,Colombo,6.9271,79.8612,Open-Meteo Historical API (ERA5 reanalysis)
2022-09-23,2022,9,Sep,23,3.0,Colombo,6.9271,79.8612,Open-Meteo Historical API (ERA5 reanalysis)
2022-09-24,2022,9,Sep,24,0.8,Colombo,6.9271,79.8612,Open-Meteo Historical API (ERA5 reanalysis)
2022-09-25,2022,9,Sep,25,2.3,Colombo,6.9271,79.8612,Open-Meteo Historical API (ERA5 reanalysis)
2022-09-26,2022,9,Sep,26,2.6,Colombo,6.9271,79.8612,Open-Meteo Historical API (ERA5 reanalysis)
2022-09-27,2022,9,Sep,27,5.3,Colombo,6.9271,79.8612,Open-Meteo Historical API (ERA5 reanalysis)
2022-09-28,2022,9,Sep,28,2.0,Colombo,6.9271,79.8612,Open-Meteo Historical API (ERA5 reanalysis)
2022-09-29,2022,9,Sep,29,4.9,Colombo,6.9271,79.8612,Open-Meteo Historical API (ERA5 reanalysis)
2022-09-30,2022,9,Sep,30,8.8,Colombo,6.9271,79.8612,Open-Meteo Historical API (ERA5 reanalysis)
2022-10-01,2022,10,Oct,1,21.4,Colombo,6.9271,79.8612,Open-Meteo Historical API (ERA5 reanalysis)
2022-10-02,2022,10,Oct,2,4.8,Colombo,6.9271,79.8612,Open-Meteo Historical API (ERA5 reanalysis)
2022-10-03,2022,10,Oct,3,20.9,Colombo,6.9271,79.8612,Open-Meteo Historical API (ERA5 reanalysis)
2022-10-04,2022,10,Oct,4,12.0,Colombo,6.9271,79.8612,Open-Meteo Historical API (ERA5 reanalysis)
2022-10-05,2022,10,Oct,5,4.8,Colombo,6.9271,79.8612,Open-Meteo Historical API (ERA5 reanalysis)
2022-10-06,2022,10,Oct,6,6.2,Colombo,6.9271,79.8612,Open-Meteo Historical API (ERA5 reanalysis)
2022-10-07,2022,10,Oct,7,7.5,Colombo,6.9271,79.8612,Open-Meteo Historical API (ERA5 reanalysis)
2022-10-08,2022,10,Oct,8,3.6,Colombo,6.9271,79.8612,Open-Meteo Historical API (ERA5 reanalysis)
2022-10-09,2022,10,Oct,9,2.0,Colombo,6.9271,79.8612,Open-Meteo Historical API (ERA5 reanalysis)
2022-10-10,2022,10,Oct,10,1.8,Colombo,6.9271,79.8612,Open-Meteo Historical API (ERA5 reanalysis)
2022-10-11,2022,10,Oct,11,0.9,Colombo,6.9271,79.8612,Open-Meteo Historical API (ERA5 reanalysis)
2022-10-12,2022,10,Oct,12,16.2,Colombo,6.9271,79.8612,Open-Meteo Historical API (ERA5 reanalysis)
2022-10-13,2022,10,Oct,13,27.5,Colombo,6.9271,79.8612,Open-Meteo Historical API (ERA5 reanalysis)
2022-10-14,2022,10,Oct,14,31.3,Colombo,6.9271,79.8612,Open-Meteo Historical API (ERA5 reanalysis)
2022-10-15,2022,10,Oct,15,20.7,Colombo,6.9271,79.8612,Open-Meteo Historical API (ERA5 reanalysis)
2022-10-16,2022,10,Oct,16,14.0,Colombo,6.9271,79.8612,Open-Meteo Historical API (ERA5 reanalysis)
2022-10-17,2022,10,Oct,17,21.3,Colombo,6.9271,79.8612,Open-Meteo Historical API (ERA5 reanalysis)
2022-10-18,2022,10,Oct,18,16.3,Colombo,6.9271,79.8612,Open-Meteo Historical API (ERA5 reanalysis)
2022-10-19,2022,10,Oct,19,28.1,Colombo,6.9271,79.8612,Open-Meteo Historical API (ERA5 reanalysis)
2022-10-20,2022,10,Oct,20,31.6,Colombo,6.9271,79.8612,Open-Meteo Historical API (ERA5 reanalysis)
2022-10-21,2022,10,Oct,21,31.4,Colombo,6.9271,79.8612,Open-Meteo Historical API (ERA5 reanalysis)
2022-10-22,2022,10,Oct,22,7.8,Colombo,6.9271,79.8612,Open-Meteo Historical API (ERA5 reanalysis)
2022-10-23,2022,10,Oct,23,7.4,Colombo,6.9271,79.8612,Open-Meteo Historical API (ERA5 reanalysis)
2022-10-24,2022,10,Oct,24,28.9,Colombo,6.9271,79.8612,Open-Meteo Historical API (ERA5 reanalysis)
2022-10-25,2022,10,Oct,25,7.0,Colombo,6.9271,79.8612,Open-Meteo Historical API (ERA5 reanalysis)
2022-10-26,2022,10,Oct,26,4.5,Colombo,6.9271,79.8612,Open-Meteo Historical API (ERA5 reanalysis)
2022-10-27,2022,10,Oct,27,0.6,Colombo,6.9271,79.8612,Open-Meteo Historical API (ERA5 reanalysis)
2022-10-28,2022,10,Oct,28,0.1,Colombo,6.9271,79.8612,Open-Meteo Historical API (ERA5 reanalysis)
2022-10-29,2022,10,Oct,29,1.1,Colombo,6.9271,79.8612,Open-Meteo Historical API (ERA5 reanalysis)
2022-10-30,2022,10,Oct,30,7.0,Colombo,6.9271,79.8612,Open-Meteo Historical API (ERA5 reanalysis)
2022-10-31,2022,10,Oct,31,19.8,Colombo,6.9271,79.8612,Open-Meteo Historical API (ERA5 reanalysis)
2022-11-01,2022,11,Nov,1,44.2,Colombo,6.9271,79.8612,Open-Meteo Historical API (ERA5 reanalysis)
2022-11-02,2022,11,Nov,2,17.9,Colombo,6.9271,79.8612,Open-Meteo Historical API (ERA5 reanalysis)
2022-11-03,2022,11,Nov,3,20.7,Colombo,6.9271,79.8612,Open-Meteo Historical API (ERA5 reanalysis)
2022-11-04,2022,11,Nov,4,15.0,Colombo,6.9271,79.8612,Open-Meteo Historical API (ERA5 reanalysis)
2022-11-05,2022,11,Nov,5,42.8,Colombo,6.9271,79.8612,Open-Meteo Historical API (ERA5 reanalysis)
2022-11-06,2022,11,Nov,6,10.1,Colombo,6.9271,79.8612,Open-Meteo Historical API (ERA5 reanalysis)
2022-11-07,2022,11,Nov,7,26.8,Colombo,6.9271,79.8612,Open-Meteo Historical API (ERA5 reanalysis)
2022-11-08,2022,11,Nov,8,14.7,Colombo,6.9271,79.8612,Open-Meteo Historical API (ERA5 reanalysis)
2022-11-09,2022,11,Nov,9,9.4,Colombo,6.9271,79.8612,Open-Meteo Historical API (ERA5 reanalysis)
2022-11-10,2022,11,Nov,10,0.4,Colombo,6.9271,79.8612,Open-Meteo Historical API (ERA5 reanalysis)
2022-11-11,2022,11,Nov,11,2.7,Colombo,6.9271,79.8612,Open-Meteo Historical API (ERA5 reanalysis)
2022-11-12,2022,11,Nov,12,20.1,Colombo,6.9271,79.8612,Open-Meteo Historical API (ERA5 reanalysis)
2022-11-13,2022,11,Nov,13,20.6,Colombo,6.9271,79.8612,Open-Meteo Historical API (ERA5 reanalysis)
2022-11-14,2022,11,Nov,14,12.8,Colombo,6.9271,79.8612,Open-Meteo Historical API (ERA5 reanalysis)
2022-11-15,2022,11,Nov,15,5.9,Colombo,6.9271,79.8612,Open-Meteo Historical API (ERA5 reanalysis)
2022-11-16,2022,11,Nov,16,2.4,Colombo,6.9271,79.8612,Open-Meteo Historical API (ERA5 reanalysis)
2022-11-17,2022,11,Nov,17,0.3,Colombo,6.9271,79.8612,Open-Meteo Historical API (ERA5 reanalysis)
2022-11-18,2022,11,Nov,18,0.0,Colombo,6.9271,79.8612,Open-Meteo Historical API (ERA5 reanalysis)
2022-11-19,2022,11,Nov,19,0.4,Colombo,6.9271,79.8612,Open-Meteo Historical API (ERA5 reanalysis)
2022-11-20,2022,11,Nov,20,0.2,Colombo,6.9271,79.8612,Open-Meteo Historical API (ERA5 reanalysis)
2022-11-21,2022,11,Nov,21,0.0,Colombo,6.9271,79.8612,Open-Meteo Historical API (ERA5 reanalysis)
2022-11-22,2022,11,Nov,22,0.8,Colombo,6.9271,79.8612,Open-Meteo Historical API (ERA5 reanalysis)
2022-11-23,2022,11,Nov,23,0.6,Colombo,6.9271,79.8612,Open-Meteo Historical API (ERA5 reanalysis)
2022-11-24,2022,11,Nov,24,0.4,Colombo,6.9271,79.8612,Open-Meteo Historical API (ERA5 reanalysis)
2022-11-25,2022,11,Nov,25,0.4,Colombo,6.9271,79.8612,Open-Meteo Historical API (ERA5 reanalysis)
2022-11-26,2022,11,Nov,26,0.3,Colombo,6.9271,79.8612,Open-Meteo Historical API (ERA5 reanalysis)
2022-11-27,2022,11,Nov,27,0.6,Colombo,6.9271,79.8612,Open-Meteo Historical API (ERA5 reanalysis)
2022-11-28,2022,11,Nov,28,0.4,Colombo,6.9271,79.8612,Open-Meteo Historical API (ERA5 reanalysis)
2022-11-29,2022,11,Nov,29,1.7,Colombo,6.9271,79.8612,Open-Meteo Historical API (ERA5 reanalysis)
2022-11-30,2022,11,Nov,30,0.2,Colombo,6.9271,79.8612,Open-Meteo Historical API (ERA5 reanalysis)
2022-12-01,2022,12,Dec,1,2.7,Colombo,6.9271,79.8612,Open-Meteo Historical API (ERA5 reanalysis)
2022-12-02,2022,12,Dec,2,20.4,Colombo,6.9271,79.8612,Open-Meteo Historical API (ERA5 reanalysis)
2022-12-03,2022,12,Dec,3,18.9,Colombo,6.9271,79.8612,Open-Meteo Historical API (ERA5 reanalysis)
2022-12-04,2022,12,Dec,4,27.3,Colombo,6.9271,79.8612,Open-Meteo Historical API (ERA5 reanalysis)
2022-12-05,2022,12,Dec,5,19.6,Colombo,6.9271,79.8612,Open-Meteo Historical API (ERA5 reanalysis)
2022-12-06,2022,12,Dec,6,0.6,Colombo,6.9271,79.8612,Open-Meteo Historical API (ERA5 reanalysis)
2022-12-07,2022,12,Dec,7,0.0,Colombo,6.9271,79.8612,Open-Meteo Historical API (ERA5 reanalysis)
2022-12-08,2022,12,Dec,8,0.1,Colombo,6.9271,79.8612,Open-Meteo Historical API (ERA5 reanalysis)
2022-12-09,2022,12,Dec,9,0.9,Colombo,6.9271,79.8612,Open-Meteo Historical API (ERA5 reanalysis)
2022-12-10,2022,12,Dec,10,7.2,Colombo,6.9271,79.8612,Open-Meteo Historical API (ERA5 reanalysis)
2022-12-11,2022,12,Dec,11,1.5,Colombo,6.9271,79.8612,Open-Meteo Historical API (ERA5 reanalysis)
2022-12-12,2022,12,Dec,12,2.5,Colombo,6.9271,79.8612,Open-Meteo Historical API (ERA5 reanalysis)
2022-12-13,2022,12,Dec,13,0.5,Colombo,6.9271,79.8612,Open-Meteo Historical API (ERA5 reanalysis)
2022-12-14,2022,12,Dec,14,11.5,Colombo,6.9271,79.8612,Open-Meteo Historical API (ERA5 reanalysis)
2022-12-15,2022,12,Dec,15,0.4,Colombo,6.9271,79.8612,Open-Meteo Historical API (ERA5 reanalysis)
2022-12-16,2022,12,Dec,16,0.4,Colombo,6.9271,79.8612,Open-Meteo Historical API (ERA5 reanalysis)
2022-12-17,2022,12,Dec,17,2.0,Colombo,6.9271,79.8612,Open-Meteo Historical API (ERA5 reanalysis)
2022-12-18,2022,12,Dec,18,0.6,Colombo,6.9271,79.8612,Open-Meteo Historical API (ERA5 reanalysis)
2022-12-19,2022,12,Dec,19,24.1,Colombo,6.9271,79.8612,Open-Meteo Historical API (ERA5 reanalysis)
2022-12-20,2022,12,Dec,20,3.5,Colombo,6.9271,79.8612,Open-Meteo Historical API (ERA5 reanalysis)
2022-12-21,2022,12,Dec,21,5.4,Colombo,6.9271,79.8612,Open-Meteo Historical API (ERA5 reanalysis)
2022-12-22,2022,12,Dec,22,9.6,Colombo,6.9271,79.8612,Open-Meteo Historical API (ERA5 reanalysis)
2022-12-23,2022,12,Dec,23,1.5,Colombo,6.9271,79.8612,Open-Meteo Historical API (ERA5 reanalysis)
2022-12-24,2022,12,Dec,24,0.6,Colombo,6.9271,79.8612,Open-Meteo Historical API (ERA5 reanalysis)
2022-12-25,2022,12,Dec,25,23.5,Colombo,6.9271,79.8612,Open-Meteo Historical API (ERA5 reanalysis)
2022-12-26,2022,12,Dec,26,2.5,Colombo,6.9271,79.8612,Open-Meteo Historical API (ERA5 reanalysis)
2022-12-27,2022,12,Dec,27,2.3,Colombo,6.9271,79.8612,Open-Meteo Historical API (ERA5 reanalysis)
2022-12-28,2022,12,Dec,28,5.8,Colombo,6.9271,79.8612,Open-Meteo Historical API (ERA5 reanalysis)
2022-12-29,2022,12,Dec,29,1.3,Colombo,6.9271,79.8612,Open-Meteo Historical API (ERA5 reanalysis)
2022-12-30,2022,12,Dec,30,1.4,Colombo,6.9271,79.8612,Open-Meteo Historical API (ERA5 reanalysis)
2022-12-31,2022,12,Dec,31,0.0,Colombo,6.9271,79.8612,Open-Meteo Historical API (ERA5 reanalysis)
2023-01-01,2023,1,Jan,1,0.0,Colombo,6.9271,79.8612,Open-Meteo Historical API (ERA5 reanalysis)
2023-01-02,2023,1,Jan,2,0.0,Colombo,6.9271,79.8612,Open-Meteo Historical API (ERA5 reanalysis)
2023-01-03,2023,1,Jan,3,0.1,Colombo,6.9271,79.8612,Open-Meteo Historical API (ERA5 reanalysis)
2023-01-04,2023,1,Jan,4,0.0,Colombo,6.9271,79.8612,Open-Meteo Historical API (ERA5 reanalysis)
2023-01-05,2023,1,Jan,5,1.2,Colombo,6.9271,79.8612,Open-Meteo Historical API (ERA5 reanalysis)
2023-01-06,2023,1,Jan,6,8.2,Colombo,6.9271,79.8612,Open-Meteo Historical API (ERA5 reanalysis)
2023-01-07,2023,1,Jan,7,12.4,Colombo,6.9271,79.8612,Open-Meteo Historical API (ERA5 reanalysis)
2023-01-08,2023,1,Jan,8,3.4,Colombo,6.9271,79.8612,Open-Meteo Historical API (ERA5 reanalysis)
2023-01-09,2023,1,Jan,9,0.0,Colombo,6.9271,79.8612,Open-Meteo Historical API (ERA5 reanalysis)
2023-01-10,2023,1,Jan,10,0.0,Colombo,6.9271,79.8612,Open-Meteo Historical API (ERA5 reanalysis)
2023-01-11,2023,1,Jan,11,0.0,Colombo,6.9271,79.8612,Open-Meteo Historical API (ERA5 reanalysis)
2023-01-12,2023,1,Jan,12,0.0,Colombo,6.9271,79.8612,Open-Meteo Historical API (ERA5 reanalysis)
2023-01-13,2023,1,Jan,13,0.0,Colombo,6.9271,79.8612,Open-Meteo Historical API (ERA5 reanalysis)
2023-01-14,2023,1,Jan,14,0.0,Colombo,6.9271,79.8612,Open-Meteo Historical API (ERA5 reanalysis)
2023-01-15,2023,1,Jan,15,1.3,Colombo,6.9271,79.8612,Open-Meteo Historical API (ERA5 reanalysis)
2023-01-16,2023,1,Jan,16,8.9,Colombo,6.9271,79.8612,Open-Meteo Historical API (ERA5 reanalysis)
2023-01-17,2023,1,Jan,17,5.1,Colombo,6.9271,79.8612,Open-Meteo Historical API (ERA5 reanalysis)
2023-01-18,2023,1,Jan,18,0.1,Colombo,6.9271,79.8612,Open-Meteo Historical API (ERA5 reanalysis)
2023-01-19,2023,1,Jan,19,0.0,Colombo,6.9271,79.8612,Open-Meteo Historical API (ERA5 reanalysis)
2023-01-20,2023,1,Jan,20,0.0,Colombo,6.9271,79.8612,Open-Meteo Historical API (ERA5 reanalysis)
2023-01-21,2023,1,Jan,21,0.8,Colombo,6.9271,79.8612,Open-Meteo Historical API (ERA5 reanalysis)
2023-01-22,2023,1,Jan,22,1.9,Colombo,6.9271,79.8612,Open-Meteo Historical API (ERA5 reanalysis)
2023-01-23,2023,1,Jan,23,16.7,Colombo,6.9271,79.8612,Open-Meteo Historical API (ERA5 reanalysis)
2023-01-24,2023,1,Jan,24,13.8,Colombo,6.9271,79.8612,Open-Meteo Historical API (ERA5 reanalysis)
2023-01-25,2023,1,Jan,25,0.1,Colombo,6.9271,79.8612,Open-Meteo Historical API (ERA5 reanalysis)
2023-01-26,2023,1,Jan,26,0.5,Colombo,6.9271,79.8612,Open-Meteo Historical API (ERA5 reanalysis)
2023-01-27,2023,1,Jan,27,0.3,Colombo,6.9271,79.8612,Open-Meteo Historical API (ERA5 reanalysis)
2023-01-28,2023,1,Jan,28,0.0,Colombo,6.9271,79.8612,Open-Meteo Historical API (ERA5 reanalysis)
2023-01-29,2023,1,Jan,29,0.1,Colombo,6.9271,79.8612,Open-Meteo Historical API (ERA5 reanalysis)
2023-01-30,2023,1,Jan,30,5.7,Colombo,6.9271,79.8612,Open-Meteo Historical API (ERA5 reanalysis)
2023-01-31,2023,1,Jan,31,5.3,Colombo,6.9271,79.8612,Open-Meteo Historical API (ERA5 reanalysis)
2023-02-01,2023,2,Feb,1,3.1,Colombo,6.9271,79.8612,Open-Meteo Historical API (ERA5 reanalysis)
2023-02-02,2023,2,Feb,2,2.7,Colombo,6.9271,79.8612,Open-Meteo Historical API (ERA5 reanalysis)
2023-02-03,2023,2,Feb,3,5.3,Colombo,6.9271,79.8612,Open-Meteo Historical API (ERA5 reanalysis)
2023-02-04,2023,2,Feb,4,6.9,Colombo,6.9271,79.8612,Open-Meteo Historical API (ERA5 reanalysis)
2023-02-05,2023,2,Feb,5,0.5,Colombo,6.9271,79.8612,Open-Meteo Historical API (ERA5 reanalysis)
2023-02-06,2023,2,Feb,6,1.0,Colombo,6.9271,79.8612,Open-Meteo Historical API (ERA5 reanalysis)
2023-02-07,2023,2,Feb,7,4.8,Colombo,6.9271,79.8612,Open-Meteo Historical API (ERA5 reanalysis)
2023-02-08,2023,2,Feb,8,0.2,Colombo,6.9271,79.8612,Open-Meteo Historical API (ERA5 reanalysis)
2023-02-09,2023,2,Feb,9,0.2,Colombo,6.9271,79.8612,Open-Meteo Historical API (ERA5 reanalysis)
2023-02-10,2023,2,Feb,10,0.3,Colombo,6.9271,79.8612,Open-Meteo Historical API (ERA5 reanalysis)
2023-02-11,2023,2,Feb,11,0.0,Colombo,6.9271,79.8612,Open-Meteo Historical API (ERA5 reanalysis)
2023-02-12,2023,2,Feb,12,0.0,Colombo,6.9271,79.8612,Open-Meteo Historical API (ERA5 reanalysis)
2023-02-13,2023,2,Feb,13,0.2,Colombo,6.9271,79.8612,Open-Meteo Historical API (ERA5 reanalysis)
2023-02-14,2023,2,Feb,14,0.8,Colombo,6.9271,79.8612,Open-Meteo Historical API (ERA5 reanalysis)
2023-02-15,2023,2,Feb,15,0.0,Colombo,6.9271,79.8612,Open-Meteo Historical API (ERA5 reanalysis)
2023-02-16,2023,2,Feb,16,0.0,Colombo,6.9271,79.8612,Open-Meteo Historical API (ERA5 reanalysis)
2023-02-17,2023,2,Feb,17,0.0,Colombo,6.9271,79.8612,Open-Meteo Historical API (ERA5 reanalysis)
2023-02-18,2023,2,Feb,18,0.0,Colombo,6.9271,79.8612,Open-Meteo Historical API (ERA5 reanalysis)
2023-02-19,2023,2,Feb,19,9.7,Colombo,6.9271,79.8612,Open-Meteo Historical API (ERA5 reanalysis)
2023-02-20,2023,2,Feb,20,10.4,Colombo,6.9271,79.8612,Open-Meteo Historical API (ERA5 reanalysis)
2023-02-21,2023,2,Feb,21,3.1,Colombo,6.9271,79.8612,Open-Meteo Historical API (ERA5 reanalysis)
2023-02-22,2023,2,Feb,22,0.1,Colombo,6.9271,79.8612,Open-Meteo Historical API (ERA5 reanalysis)
2023-02-23,2023,2,Feb,23,1.1,Colombo,6.9271,79.8612,Open-Meteo Historical API (ERA5 reanalysis)
2023-02-24,2023,2,Feb,24,0.9,Colombo,6.9271,79.8612,Open-Meteo Historical API (ERA5 reanalysis)
2023-02-25,2023,2,Feb,25,7.3,Colombo,6.9271,79.8612,Open-Meteo Historical API (ERA5 reanalysis)
2023-02-26,2023,2,Feb,26,0.0,Colombo,6.9271,79.8612,Open-Meteo Historical API (ERA5 reanalysis)
2023-02-27,2023,2,Feb,27,0.1,Colombo,6.9271,79.8612,Open-Meteo Historical API (ERA5 reanalysis)
2023-02-28,2023,2,Feb,28,8.6,Colombo,6.9271,79.8612,Open-Meteo Historical API (ERA5 reanalysis)
2023-03-01,2023,3,Mar,1,4.7,Colombo,6.9271,79.8612,Open-Meteo Historical API (ERA5 reanalysis)
2023-03-02,2023,3,Mar,2,0.0,Colombo,6.9271,79.8612,Open-Meteo Historical API (ERA5 reanalysis)
2023-03-03,2023,3,Mar,3,2.8,Colombo,6.9271,79.8612,Open-Meteo Historical API (ERA5 reanalysis)
2023-03-04,2023,3,Mar,4,19.4,Colombo,6.9271,79.8612,Open-Meteo Historical API (ERA5 reanalysis)
2023-03-05,2023,3,Mar,5,2.1,Colombo,6.9271,79.8612,Open-Meteo Historical API (ERA5 reanalysis)
2023-03-06,2023,3,Mar,6,8.1,Colombo,6.9271,79.8612,Open-Meteo Historical API (ERA5 reanalysis)
2023-03-07,2023,3,Mar,7,7.9,Colombo,6.9271,79.8612,Open-Meteo Historical API (ERA5 reanalysis)
2023-03-08,2023,3,Mar,8,1.7,Colombo,6.9271,79.8612,Open-Meteo Historical API (ERA5 reanalysis)
2023-03-09,2023,3,Mar,9,0.3,Colombo,6.9271,79.8612,Open-Meteo Historical API (ERA5 reanalysis)
2023-03-10,2023,3,Mar,10,1.4,Colombo,6.9271,79.8612,Open-Meteo Historical API (ERA5 reanalysis)
2023-03-11,2023,3,Mar,11,12.5,Colombo,6.9271,79.8612,Open-Meteo Historical API (ERA5 reanalysis)
2023-03-12,2023,3,Mar,12,16.3,Colombo,6.9271,79.8612,Open-Meteo Historical API (ERA5 reanalysis)
2023-03-13,2023,3,Mar,13,11.4,Colombo,6.9271,79.8612,Open-Meteo Historical API (ERA5 reanalysis)
2023-03-14,2023,3,Mar,14,3.2,Colombo,6.9271,79.8612,Open-Meteo Historical API (ERA5 reanalysis)
2023-03-15,2023,3,Mar,15,2.7,Colombo,6.9271,79.8612,Open-Meteo Historical API (ERA5 reanalysis)
2023-03-16,2023,3,Mar,16,2.6,Colombo,6.9271,79.8612,Open-Meteo Historical API (ERA5 reanalysis)
2023-03-17,2023,3,Mar,17,0.8,Colombo,6.9271,79.8612,Open-Meteo Historical API (ERA5 reanalysis)
2023-03-18,2023,3,Mar,18,8.9,Colombo,6.9271,79.8612,Open-Meteo Historical API (ERA5 reanalysis)
2023-03-19,2023,3,Mar,19,4.6,Colombo,6.9271,79.8612,Open-Meteo Historical API (ERA5 reanalysis)
2023-03-20,2023,3,Mar,20,10.0,Colombo,6.9271,79.8612,Open-Meteo Historical API (ERA5 reanalysis)
2023-03-21,2023,3,Mar,21,3.1,Colombo,6.9271,79.8612,Open-Meteo Historical API (ERA5 reanalysis)
2023-03-22,2023,3,Mar,22,0.8,Colombo,6.9271,79.8612,Open-Meteo Historical API (ERA5 reanalysis)
2023-03-23,2023,3,Mar,23,5.1,Colombo,6.9271,79.8612,Open-Meteo Historical API (ERA5 reanalysis)
2023-03-24,2023,3,Mar,24,0.5,Colombo,6.9271,79.8612,Open-Meteo Historical API (ERA5 reanalysis)
2023-03-25,2023,3,Mar,25,0.6,Colombo,6.9271,79.8612,Open-Meteo Historical API (ERA5 reanalysis)
2023-03-26,2023,3,Mar,26,2.4,Colombo,6.9271,79.8612,Open-Meteo Historical API (ERA5 reanalysis)
2023-03-27,2023,3,Mar,27,0.2,Colombo,6.9271,79.8612,Open-Meteo Historical API (ERA5 reanalysis)
2023-03-28,2023,3,Mar,28,2.5,Colombo,6.9271,79.8612,Open-Meteo Historical API (ERA5 reanalysis)
2023-03-29,2023,3,Mar,29,1.8,Colombo,6.9271,79.8612,Open-Meteo Historical API (ERA5 reanalysis)
2023-03-30,2023,3,Mar,30,1.7,Colombo,6.9271,79.8612,Open-Meteo Historical API (ERA5 reanalysis)
2023-03-31,2023,3,Mar,31,1.1,Colombo,6.9271,79.8612,Open-Meteo Historical API (ERA5 reanalysis)
2023-04-01,2023,4,Apr,1,0.5,Colombo,6.9271,79.8612,Open-Meteo Historical API (ERA5 reanalysis)
2023-04-02,2023,4,Apr,2,0.3,Colombo,6.9271,79.8612,Open-Meteo Historical API (ERA5 reanalysis)
2023-04-03,2023,4,Apr,3,3.2,Colombo,6.9271,79.8612,Open-Meteo Historical API (ERA5 reanalysis)
2023-04-04,2023,4,Apr,4,2.5,Colombo,6.9271,79.8612,Open-Meteo Historical API (ERA5 reanalysis)
2023-04-05,2023,4,Apr,5,0.8,Colombo,6.9271,79.8612,Open-Meteo Historical API (ERA5 reanalysis)
2023-04-06,2023,4,Apr,6,1.6,Colombo,6.9271,79.8612,Open-Meteo Historical API (ERA5 reanalysis)
2023-04-07,2023,4,Apr,7,2.7,Colombo,6.9271,79.8612,Open-Meteo Historical API (ERA5 reanalysis)
2023-04-08,2023,4,Apr,8,5.4,Colombo,6.9271,79.8612,Open-Meteo Historical API (ERA5 reanalysis)
2023-04-09,2023,4,Apr,9,0.0,Colombo,6.9271,79.8612,Open-Meteo Historical API (ERA5 reanalysis)
2023-04-10,2023,4,Apr,10,1.5,Colombo,6.9271,79.8612,Open-Meteo Historical API (ERA5 reanalysis)
2023-04-11,2023,4,Apr,11,0.0,Colombo,6.9271,79.8612,Open-Meteo Historical API (ERA5 reanalysis)
2023-04-12,2023,4,Apr,12,0.7,Colombo,6.9271,79.8612,Open-Meteo Historical API (ERA5 reanalysis)
2023-04-13,2023,4,Apr,13,0.9,Colombo,6.9271,79.8612,Open-Meteo Historical API (ERA5 reanalysis)
2023-04-14,2023,4,Apr,14,3.5,Colombo,6.9271,79.8612,Open-Meteo Historical API (ERA5 reanalysis)
2023-04-15,2023,4,Apr,15,3.9,Colombo,6.9271,79.8612,Open-Meteo Historical API (ERA5 reanalysis)
2023-04-16,2023,4,Apr,16,4.0,Colombo,6.9271,79.8612,Open-Meteo Historical API (ERA5 reanalysis)
2023-04-17,2023,4,Apr,17,0.5,Colombo,6.9271,79.8612,Open-Meteo Historical API (ERA5 reanalysis)
2023-04-18,2023,4,Apr,18,0.9,Colombo,6.9271,79.8612,Open-Meteo Historical API (ERA5 reanalysis)
2023-04-19,2023,4,Apr,19,1.4,Colombo,6.9271,79.8612,Open-Meteo Historical API (ERA5 reanalysis)
2023-04-20,2023,4,Apr,20,2.8,Colombo,6.9271,79.8612,Open-Meteo Historical API (ERA5 reanalysis)
2023-04-21,2023,4,Apr,21,0.9,Colombo,6.9271,79.8612,Open-Meteo Historical API (ERA5 reanalysis)
2023-04-22,2023,4,Apr,22,1.8,Colombo,6.9271,79.8612,Open-Meteo Historical API (ERA5 reanalysis)
2023-04-23,2023,4,Apr,23,2.4,Colombo,6.9271,79.8612,Open-Meteo Historical API (ERA5 reanalysis)
2023-04-24,2023,4,Apr,24,18.7,Colombo,6.9271,79.8612,Open-Meteo Historical API (ERA5 reanalysis)
2023-04-25,2023,4,Apr,25,2.2,Colombo,6.9271,79.8612,Open-Meteo Historical API (ERA5 reanalysis)
2023-04-26,2023,4,Apr,26,15.9,Colombo,6.9271,79.8612,Open-Meteo Historical API (ERA5 reanalysis)
2023-04-27,2023,4,Apr,27,2.7,Colombo,6.9271,79.8612,Open-Meteo Historical API (ERA5 reanalysis)
2023-04-28,2023,4,Apr,28,24.6,Colombo,6.9271,79.8612,Open-Meteo Historical API (ERA5 reanalysis)
2023-04-29,2023,4,Apr,29,22.1,Colombo,6.9271,79.8612,Open-Meteo Historical API (ERA5 reanalysis)
2023-04-30,2023,4,Apr,30,9.8,Colombo,6.9271,79.8612,Open-Meteo Historical API (ERA5 reanalysis)
2023-05-01,2023,5,May,1,27.0,Colombo,6.9271,79.8612,Open-Meteo Historical API (ERA5 reanalysis)
2023-05-02,2023,5,May,2,9.1,Colombo,6.9271,79.8612,Open-Meteo Historical API (ERA5 reanalysis)
2023-05-03,2023,5,May,3,28.1,Colombo,6.9271,79.8612,Open-Meteo Historical API (ERA5 reanalysis)
2023-05-04,2023,5,May,4,30.5,Colombo,6.9271,79.8612,Open-Meteo Historical API (ERA5 reanalysis)
2023-05-05,2023,5,May,5,10.4,Colombo,6.9271,79.8612,Open-Meteo Historical API (ERA5 reanalysis)
2023-05-06,2023,5,May,6,13.0,Colombo,6.9271,79.8612,Open-Meteo Historical API (ERA5 reanalysis)
2023-05-07,2023,5,May,7,12.6,Colombo,6.9271,79.8612,Open-Meteo Historical API (ERA5 reanalysis)
2023-05-08,2023,5,May,8,11.3,Colombo,6.9271,79.8612,Open-Meteo Historical API (ERA5 reanalysis)
2023-05-09,2023,5,May,9,13.0,Colombo,6.9271,79.8612,Open-Meteo Historical API (ERA5 reanalysis)
2023-05-10,2023,5,May,10,9.7,Colombo,6.9271,79.8612,Open-Meteo Historical API (ERA5 reanalysis)
2023-05-11,2023,5,May,11,8.2,Colombo,6.9271,79.8612,Open-Meteo Historical API (ERA5 reanalysis)
2023-05-12,2023,5,May,12,5.6,Colombo,6.9271,79.8612,Open-Meteo Historical API (ERA5 reanalysis)
2023-05-13,2023,5,May,13,7.7,Colombo,6.9271,79.8612,Open-Meteo Historical API (ERA5 reanalysis)
2023-05-14,2023,5,May,14,4.2,Colombo,6.9271,79.8612,Open-Meteo Historical API (ERA5 reanalysis)
2023-05-15,2023,5,May,15,3.5,Colombo,6.9271,79.8612,Open-Meteo Historical API (ERA5 reanalysis)
2023-05-16,2023,5,May,16,3.9,Colombo,6.9271,79.8612,Open-Meteo Historical API (ERA5 reanalysis)
2023-05-17,2023,5,May,17,5.0,Colombo,6.9271,79.8612,Open-Meteo Historical API (ERA5 reanalysis)
2023-05-18,2023,5,May,18,3.1,Colombo,6.9271,79.8612,Open-Meteo Historical API (ERA5 reanalysis)
2023-05-19,2023,5,May,19,1.1,Colombo,6.9271,79.8612,Open-Meteo Historical API (ERA5 reanalysis)
2023-05-20,2023,5,May,20,2.9,Colombo,6.9271,79.8612,Open-Meteo Historical API (ERA5 reanalysis)
2023-05-21,2023,5,May,21,3.2,Colombo,6.9271,79.8612,Open-Meteo Historical API (ERA5 reanalysis)
2023-05-22,2023,5,May,22,2.2,Colombo,6.9271,79.8612,Open-Meteo Historical API (ERA5 reanalysis)
2023-05-23,2023,5,May,23,0.5,Colombo,6.9271,79.8612,Open-Meteo Historical API (ERA5 reanalysis)
2023-05-24,2023,5,May,24,0.7,Colombo,6.9271,79.8612,Open-Meteo Historical API (ERA5 reanalysis)
2023-05-25,2023,5,May,25,0.6,Colombo,6.9271,79.8612,Open-Meteo Historical API (ERA5 reanalysis)
2023-05-26,2023,5,May,26,4.7,Colombo,6.9271,79.8612,Open-Meteo Historical API (ERA5 reanalysis)
2023-05-27,2023,5,May,27,4.7,Colombo,6.9271,79.8612,Open-Meteo Historical API (ERA5 reanalysis)
2023-05-28,2023,5,May,28,3.1,Colombo,6.9271,79.8612,Open-Meteo Historical API (ERA5 reanalysis)
2023-05-29,2023,5,May,29,3.0,Colombo,6.9271,79.8612,Open-Meteo Historical API (ERA5 reanalysis)
2023-05-30,2023,5,May,30,2.5,Colombo,6.9271,79.8612,Open-Meteo Historical API (ERA5 reanalysis)
2023-05-31,2023,5,May,31,3.2,Colombo,6.9271,79.8612,Open-Meteo Historical API (ERA5 reanalysis)
2023-06-01,2023,6,Jun,1,10.1,Colombo,6.9271,79.8612,Open-Meteo Historical API (ERA5 reanalysis)
2023-06-02,2023,6,Jun,2,3.3,Colombo,6.9271,79.8612,Open-Meteo Historical API (ERA5 reanalysis)
2023-06-03,2023,6,Jun,3,8.8,Colombo,6.9271,79.8612,Open-Meteo Historical API (ERA5 reanalysis)
2023-06-04,2023,6,Jun,4,6.6,Colombo,6.9271,79.8612,Open-Meteo Historical API (ERA5 reanalysis)
2023-06-05,2023,6,Jun,5,9.5,Colombo,6.9271,79.8612,Open-Meteo Historical API (ERA5 reanalysis)
2023-06-06,2023,6,Jun,6,12.5,Colombo,6.9271,79.8612,Open-Meteo Historical API (ERA5 reanalysis)
2023-06-07,2023,6,Jun,7,11.7,Colombo,6.9271,79.8612,Open-Meteo Historical API (ERA5 reanalysis)
2023-06-08,2023,6,Jun,8,7.8,Colombo,6.9271,79.8612,Open-Meteo Historical API (ERA5 reanalysis)
2023-06-09,2023,6,Jun,9,5.9,Colombo,6.9271,79.8612,Open-Meteo Historical API (ERA5 reanalysis)
2023-06-10,2023,6,Jun,10,8.4,Colombo,6.9271,79.8612,Open-Meteo Historical API (ERA5 reanalysis)
2023-06-11,2023,6,Jun,11,11.7,Colombo,6.9271,79.8612,Open-Meteo Historical API (ERA5 reanalysis)
2023-06-12,2023,6,Jun,12,15.5,Colombo,6.9271,79.8612,Open-Meteo Historical API (ERA5 reanalysis)
2023-06-13,2023,6,Jun,13,19.3,Colombo,6.9271,79.8612,Open-Meteo Historical API (ERA5 reanalysis)
2023-06-14,2023,6,Jun,14,18.9,Colombo,6.9271,79.8612,Open-Meteo Historical API (ERA5 reanalysis)
2023-06-15,2023,6,Jun,15,8.6,Colombo,6.9271,79.8612,Open-Meteo Historical API (ERA5 reanalysis)
2023-06-16,2023,6,Jun,16,9.3,Colombo,6.9271,79.8612,Open-Meteo Historical API (ERA5 reanalysis)
2023-06-17,2023,6,Jun,17,6.7,Colombo,6.9271,79.8612,Open-Meteo Historical API (ERA5 reanalysis)
2023-06-18,2023,6,Jun,18,8.6,Colombo,6.9271,79.8612,Open-Meteo Historical API (ERA5 reanalysis)
2023-06-19,2023,6,Jun,19,3.9,Colombo,6.9271,79.8612,Open-Meteo Historical API (ERA5 reanalysis)
2023-06-20,2023,6,Jun,20,9.5,Colombo,6.9271,79.8612,Open-Meteo Historical API (ERA5 reanalysis)
2023-06-21,2023,6,Jun,21,23.3,Colombo,6.9271,79.8612,Open-Meteo Historical API (ERA5 reanalysis)
2023-06-22,2023,6,Jun,22,8.6,Colombo,6.9271,79.8612,Open-Meteo Historical API (ERA5 reanalysis)
2023-06-23,2023,6,Jun,23,4.9,Colombo,6.9271,79.8612,Open-Meteo Historical API (ERA5 reanalysis)
2023-06-24,2023,6,Jun,24,9.8,Colombo,6.9271,79.8612,Open-Meteo Historical API (ERA5 reanalysis)
2023-06-25,2023,6,Jun,25,24.2,Colombo,6.9271,79.8612,Open-Meteo Historical API (ERA5 reanalysis)
2023-06-26,2023,6,Jun,26,33.1,Colombo,6.9271,79.8612,Open-Meteo Historical API (ERA5 reanalysis)
2023-06-27,2023,6,Jun,27,35.4,Colombo,6.9271,79.8612,Open-Meteo Historical API (ERA5 reanalysis)
2023-06-28,2023,6,Jun,28,8.8,Colombo,6.9271,79.8612,Open-Meteo Historical API (ERA5 reanalysis)
2023-06-29,2023,6,Jun,29,30.2,Colombo,6.9271,79.8612,Open-Meteo Historical API (ERA5 reanalysis)
2023-06-30,2023,6,Jun,30,4.4,Colombo,6.9271,79.8612,Open-Meteo Historical API (ERA5 reanalysis)
2023-07-01,2023,7,Jul,1,9.1,Colombo,6.9271,79.8612,Open-Meteo Historical API (ERA5 reanalysis)
2023-07-02,2023,7,Jul,2,25.1,Colombo,6.9271,79.8612,Open-Meteo Historical API (ERA5 reanalysis)
2023-07-03,2023,7,Jul,3,20.1,Colombo,6.9271,79.8612,Open-Meteo Historical API (ERA5 reanalysis)
2023-07-04,2023,7,Jul,4,17.8,Colombo,6.9271,79.8612,Open-Meteo Historical API (ERA5 reanalysis)
2023-07-05,2023,7,Jul,5,18.8,Colombo,6.9271,79.8612,Open-Meteo Historical API (ERA5 reanalysis)
2023-07-06,2023,7,Jul,6,9.3,Colombo,6.9271,79.8612,Open-Meteo Historical API (ERA5 reanalysis)
2023-07-07,2023,7,Jul,7,12.7,Colombo,6.9271,79.8612,Open-Meteo Historical API (ERA5 reanalysis)
2023-07-08,2023,7,Jul,8,5.7,Colombo,6.9271,79.8612,Open-Meteo Historical API (ERA5 reanalysis)
2023-07-09,2023,7,Jul,9,1.7,Colombo,6.9271,79.8612,Open-Meteo Historical API (ERA5 reanalysis)
2023-07-10,2023,7,Jul,10,5.7,Colombo,6.9271,79.8612,Open-Meteo Historical API (ERA5 reanalysis)
2023-07-11,2023,7,Jul,11,2.6,Colombo,6.9271,79.8612,Open-Meteo Historical API (ERA5 reanalysis)
2023-07-12,2023,7,Jul,12,1.5,Colombo,6.9271,79.8612,Open-Meteo Historical API (ERA5 reanalysis)
2023-07-13,2023,7,Jul,13,7.6,Colombo,6.9271,79.8612,Open-Meteo Historical API (ERA5 reanalysis)
2023-07-14,2023,7,Jul,14,14.1,Colombo,6.9271,79.8612,Open-Meteo Historical API (ERA5 reanalysis)
2023-07-15,2023,7,Jul,15,2.6,Colombo,6.9271,79.8612,Open-Meteo Historical API (ERA5 reanalysis)
2023-07-16,2023,7,Jul,16,7.8,Colombo,6.9271,79.8612,Open-Meteo Historical API (ERA5 reanalysis)
2023-07-17,2023,7,Jul,17,5.4,Colombo,6.9271,79.8612,Open-Meteo Historical API (ERA5 reanalysis)
2023-07-18,2023,7,Jul,18,5.2,Colombo,6.9271,79.8612,Open-Meteo Historical API (ERA5 reanalysis)
2023-07-19,2023,7,Jul,19,0.5,Colombo,6.9271,79.8612,Open-Meteo Historical API (ERA5 reanalysis)
2023-07-20,2023,7,Jul,20,7.7,Colombo,6.9271,79.8612,Open-Meteo Historical API (ERA5 reanalysis)
2023-07-21,2023,7,Jul,21,1.6,Colombo,6.9271,79.8612,Open-Meteo Historical API (ERA5 reanalysis)
2023-07-22,2023,7,Jul,22,2.5,Colombo,6.9271,79.8612,Open-Meteo Historical API (ERA5 reanalysis)
2023-07-23,2023,7,Jul,23,4.0,Colombo,6.9271,79.8612,Open-Meteo Historical API (ERA5 reanalysis)
2023-07-24,2023,7,Jul,24,16.7,Colombo,6.9271,79.8612,Open-Meteo Historical API (ERA5 reanalysis)
2023-07-25,2023,7,Jul,25,5.6,Colombo,6.9271,79.8612,Open-Meteo Historical API (ERA5 reanalysis)
2023-07-26,2023,7,Jul,26,23.9,Colombo,6.9271,79.8612,Open-Meteo Historical API (ERA5 reanalysis)
2023-07-27,2023,7,Jul,27,2.5,Colombo,6.9271,79.8612,Open-Meteo Historical API (ERA5 reanalysis)
2023-07-28,2023,7,Jul,28,2.6,Colombo,6.9271,79.8612,Open-Meteo Historical API (ERA5 reanalysis)
2023-07-29,2023,7,Jul,29,2.3,Colombo,6.9271,79.8612,Open-Meteo Historical API (ERA5 reanalysis)
2023-07-30,2023,7,Jul,30,0.9,Colombo,6.9271,79.8612,Open-Meteo Historical API (ERA5 reanalysis)
2023-07-31,2023,7,Jul,31,6.5,Colombo,6.9271,79.8612,Open-Meteo Historical API (ERA5 reanalysis)
2023-08-01,2023,8,Aug,1,3.5,Colombo,6.9271,79.8612,Open-Meteo Historical API (ERA5 reanalysis)
2023-08-02,2023,8,Aug,2,2.9,Colombo,6.9271,79.8612,Open-Meteo Historical API (ERA5 reanalysis)
2023-08-03,2023,8,Aug,3,3.8,Colombo,6.9271,79.8612,Open-Meteo Historical API (ERA5 reanalysis)
2023-08-04,2023,8,Aug,4,4.9,Colombo,6.9271,79.8612,Open-Meteo Historical API (ERA5 reanalysis)
2023-08-05,2023,8,Aug,5,3.4,Colombo,6.9271,79.8612,Open-Meteo Historical API (ERA5 reanalysis)
2023-08-06,2023,8,Aug,6,0.7,Colombo,6.9271,79.8612,Open-Meteo Historical API (ERA5 reanalysis)
2023-08-07,2023,8,Aug,7,3.7,Colombo,6.9271,79.8612,Open-Meteo Historical API (ERA5 reanalysis)
2023-08-08,2023,8,Aug,8,5.0,Colombo,6.9271,79.8612,Open-Meteo Historical API (ERA5 reanalysis)
2023-08-09,2023,8,Aug,9,2.9,Colombo,6.9271,79.8612,Open-Meteo Historical API (ERA5 reanalysis)
2023-08-10,2023,8,Aug,10,3.8,Colombo,6.9271,79.8612,Open-Meteo Historical API (ERA5 reanalysis)
2023-08-11,2023,8,Aug,11,3.0,Colombo,6.9271,79.8612,Open-Meteo Historical API (ERA5 reanalysis)
2023-08-12,2023,8,Aug,12,6.8,Colombo,6.9271,79.8612,Open-Meteo Historical API (ERA5 reanalysis)
2023-08-13,2023,8,Aug,13,1.8,Colombo,6.9271,79.8612,Open-Meteo Historical API (ERA5 reanalysis)
2023-08-14,2023,8,Aug,14,4.1,Colombo,6.9271,79.8612,Open-Meteo Historical API (ERA5 reanalysis)
2023-08-15,2023,8,Aug,15,1.9,Colombo,6.9271,79.8612,Open-Meteo Historical API (ERA5 reanalysis)
2023-08-16,2023,8,Aug,16,3.3,Colombo,6.9271,79.8612,Open-Meteo Historical API (ERA5 reanalysis)
2023-08-17,2023,8,Aug,17,0.9,Colombo,6.9271,79.8612,Open-Meteo Historical API (ERA5 reanalysis)
2023-08-18,2023,8,Aug,18,4.5,Colombo,6.9271,79.8612,Open-Meteo Historical API (ERA5 reanalysis)
2023-08-19,2023,8,Aug,19,1.5,Colombo,6.9271,79.8612,Open-Meteo Historical API (ERA5 reanalysis)
2023-08-20,2023,8,Aug,20,2.5,Colombo,6.9271,79.8612,Open-Meteo Historical API (ERA5 reanalysis)
2023-08-21,2023,8,Aug,21,4.0,Colombo,6.9271,79.8612,Open-Meteo Historical API (ERA5 reanalysis)
2023-08-22,2023,8,Aug,22,2.3,Colombo,6.9271,79.8612,Open-Meteo Historical API (ERA5 reanalysis)
2023-08-23,2023,8,Aug,23,2.4,Colombo,6.9271,79.8612,Open-Meteo Historical API (ERA5 reanalysis)
2023-08-24,2023,8,Aug,24,2.2,Colombo,6.9271,79.8612,Open-Meteo Historical API (ERA5 reanalysis)
2023-08-25,2023,8,Aug,25,2.5,Colombo,6.9271,79.8612,Open-Meteo Historical API (ERA5 reanalysis)
2023-08-26,2023,8,Aug,26,3.3,Colombo,6.9271,79.8612,Open-Meteo Historical API (ERA5 reanalysis)
2023-08-27,2023,8,Aug,27,2.3,Colombo,6.9271,79.8612,Open-Meteo Historical API (ERA5 reanalysis)
2023-08-28,2023,8,Aug,28,5.6,Colombo,6.9271,79.8612,Open-Meteo Historical API (ERA5 reanalysis)
2023-08-29,2023,8,Aug,29,19.3,Colombo,6.9271,79.8612,Open-Meteo Historical API (ERA5 reanalysis)
2023-08-30,2023,8,Aug,30,15.7,Colombo,6.9271,79.8612,Open-Meteo Historical API (ERA5 reanalysis)
2023-08-31,2023,8,Aug,31,25.1,Colombo,6.9271,79.8612,Open-Meteo Historical API (ERA5 reanalysis)
2023-09-01,2023,9,Sep,1,23.9,Colombo,6.9271,79.8612,Open-Meteo Historical API (ERA5 reanalysis)
2023-09-02,2023,9,Sep,2,24.0,Colombo,6.9271,79.8612,Open-Meteo Historical API (ERA5 reanalysis)
2023-09-03,2023,9,Sep,3,32.4,Colombo,6.9271,79.8612,Open-Meteo Historical API (ERA5 reanalysis)
2023-09-04,2023,9,Sep,4,23.7,Colombo,6.9271,79.8612,Open-Meteo Historical API (ERA5 reanalysis)
2023-09-05,2023,9,Sep,5,20.4,Colombo,6.9271,79.8612,Open-Meteo Historical API (ERA5 reanalysis)
2023-09-06,2023,9,Sep,6,18.2,Colombo,6.9271,79.8612,Open-Meteo Historical API (ERA5 reanalysis)
2023-09-07,2023,9,Sep,7,23.9,Colombo,6.9271,79.8612,Open-Meteo Historical API (ERA5 reanalysis)
2023-09-08,2023,9,Sep,8,18.7,Colombo,6.9271,79.8612,Open-Meteo Historical API (ERA5 reanalysis)
2023-09-09,2023,9,Sep,9,14.7,Colombo,6.9271,79.8612,Open-Meteo Historical API (ERA5 reanalysis)
2023-09-10,2023,9,Sep,10,36.4,Colombo,6.9271,79.8612,Open-Meteo Historical API (ERA5 reanalysis)
2023-09-11,2023,9,Sep,11,34.4,Colombo,6.9271,79.8612,Open-Meteo Historical API (ERA5 reanalysis)
2023-09-12,2023,9,Sep,12,14.7,Colombo,6.9271,79.8612,Open-Meteo Historical API (ERA5 reanalysis)
2023-09-13,2023,9,Sep,13,25.8,Colombo,6.9271,79.8612,Open-Meteo Historical API (ERA5 reanalysis)
2023-09-14,2023,9,Sep,14,17.5,Colombo,6.9271,79.8612,Open-Meteo Historical API (ERA5 reanalysis)
2023-09-15,2023,9,Sep,15,2.9,Colombo,6.9271,79.8612,Open-Meteo Historical API (ERA5 reanalysis)
2023-09-16,2023,9,Sep,16,0.9,Colombo,6.9271,79.8612,Open-Meteo Historical API (ERA5 reanalysis)
2023-09-17,2023,9,Sep,17,11.3,Colombo,6.9271,79.8612,Open-Meteo Historical API (ERA5 reanalysis)
2023-09-18,2023,9,Sep,18,7.2,Colombo,6.9271,79.8612,Open-Meteo Historical API (ERA5 reanalysis)
2023-09-19,2023,9,Sep,19,13.3,Colombo,6.9271,79.8612,Open-Meteo Historical API (ERA5 reanalysis)
2023-09-20,2023,9,Sep,20,11.2,Colombo,6.9271,79.8612,Open-Meteo Historical API (ERA5 reanalysis)
2023-09-21,2023,9,Sep,21,2.0,Colombo,6.9271,79.8612,Open-Meteo Historical API (ERA5 reanalysis)
2023-09-22,2023,9,Sep,22,12.7,Colombo,6.9271,79.8612,Open-Meteo Historical API (ERA5 reanalysis)
2023-09-23,2023,9,Sep,23,2.5,Colombo,6.9271,79.8612,Open-Meteo Historical API (ERA5 reanalysis)
2023-09-24,2023,9,Sep,24,22.7,Colombo,6.9271,79.8612,Open-Meteo Historical API (ERA5 reanalysis)
2023-09-25,2023,9,Sep,25,28.9,Colombo,6.9271,79.8612,Open-Meteo Historical API (ERA5 reanalysis)
2023-09-26,2023,9,Sep,26,14.1,Colombo,6.9271,79.8612,Open-Meteo Historical API (ERA5 reanalysis)
2023-09-27,2023,9,Sep,27,14.6,Colombo,6.9271,79.8612,Open-Meteo Historical API (ERA5 reanalysis)
2023-09-28,2023,9,Sep,28,21.4,Colombo,6.9271,79.8612,Open-Meteo Historical API (ERA5 reanalysis)
2023-09-29,2023,9,Sep,29,35.5,Colombo,6.9271,79.8612,Open-Meteo Historical API (ERA5 reanalysis)
2023-09-30,2023,9,Sep,30,24.7,Colombo,6.9271,79.8612,Open-Meteo Historical API (ERA5 reanalysis)
2023-10-01,2023,10,Oct,1,30.8,Colombo,6.9271,79.8612,Open-Meteo Historical API (ERA5 reanalysis)
2023-10-02,2023,10,Oct,2,19.0,Colombo,6.9271,79.8612,Open-Meteo Historical API (ERA5 reanalysis)
2023-10-03,2023,10,Oct,3,26.0,Colombo,6.9271,79.8612,Open-Meteo Historical API (ERA5 reanalysis)
2023-10-04,2023,10,Oct,4,13.1,Colombo,6.9271,79.8612,Open-Meteo Historical API (ERA5 reanalysis)
2023-10-05,2023,10,Oct,5,39.1,Colombo,6.9271,79.8612,Open-Meteo Historical API (ERA5 reanalysis)
2023-10-06,2023,10,Oct,6,21.7,Colombo,6.9271,79.8612,Open-Meteo Historical API (ERA5 reanalysis)
2023-10-07,2023,10,Oct,7,19.8,Colombo,6.9271,79.8612,Open-Meteo Historical API (ERA5 reanalysis)
2023-10-08,2023,10,Oct,8,10.2,Colombo,6.9271,79.8612,Open-Meteo Historical API (ERA5 reanalysis)
2023-10-09,2023,10,Oct,9,9.9,Colombo,6.9271,79.8612,Open-Meteo Historical API (ERA5 reanalysis)
2023-10-10,2023,10,Oct,10,10.5,Colombo,6.9271,79.8612,Open-Meteo Historical API (ERA5 reanalysis)
2023-10-11,2023,10,Oct,11,29.2,Colombo,6.9271,79.8612,Open-Meteo Historical API (ERA5 reanalysis)
2023-10-12,2023,10,Oct,12,4.7,Colombo,6.9271,79.8612,Open-Meteo Historical API (ERA5 reanalysis)
2023-10-13,2023,10,Oct,13,3.8,Colombo,6.9271,79.8612,Open-Meteo Historical API (ERA5 reanalysis)
2023-10-14,2023,10,Oct,14,9.0,Colombo,6.9271,79.8612,Open-Meteo Historical API (ERA5 reanalysis)
2023-10-15,2023,10,Oct,15,37.0,Colombo,6.9271,79.8612,Open-Meteo Historical API (ERA5 reanalysis)
2023-10-16,2023,10,Oct,16,0.3,Colombo,6.9271,79.8612,Open-Meteo Historical API (ERA5 reanalysis)
2023-10-17,2023,10,Oct,17,24.9,Colombo,6.9271,79.8612,Open-Meteo Historical API (ERA5 reanalysis)
2023-10-18,2023,10,Oct,18,73.8,Colombo,6.9271,79.8612,Open-Meteo Historical API (ERA5 reanalysis)
2023-10-19,2023,10,Oct,19,12.0,Colombo,6.9271,79.8612,Open-Meteo Historical API (ERA5 reanalysis)
2023-10-20,2023,10,Oct,20,17.0,Colombo,6.9271,79.8612,Open-Meteo Historical API (ERA5 reanalysis)
2023-10-21,2023,10,Oct,21,15.7,Colombo,6.9271,79.8612,Open-Meteo Historical API (ERA5 reanalysis)
2023-10-22,2023,10,Oct,22,23.5,Colombo,6.9271,79.8612,Open-Meteo Historical API (ERA5 reanalysis)
2023-10-23,2023,10,Oct,23,6.5,Colombo,6.9271,79.8612,Open-Meteo Historical API (ERA5 reanalysis)
2023-10-24,2023,10,Oct,24,12.8,Colombo,6.9271,79.8612,Open-Meteo Historical API (ERA5 reanalysis)
2023-10-25,2023,10,Oct,25,9.8,Colombo,6.9271,79.8612,Open-Meteo Historical API (ERA5 reanalysis)
2023-10-26,2023,10,Oct,26,9.5,Colombo,6.9271,79.8612,Open-Meteo Historical API (ERA5 reanalysis)
2023-10-27,2023,10,Oct,27,2.7,Colombo,6.9271,79.8612,Open-Meteo Historical API (ERA5 reanalysis)
2023-10-28,2023,10,Oct,28,23.9,Colombo,6.9271,79.8612,Open-Meteo Historical API (ERA5 reanalysis)
2023-10-29,2023,10,Oct,29,24.4,Colombo,6.9271,79.8612,Open-Meteo Historical API (ERA5 reanalysis)
2023-10-30,2023,10,Oct,30,7.3,Colombo,6.9271,79.8612,Open-Meteo Historical API (ERA5 reanalysis)
2023-10-31,2023,10,Oct,31,16.5,Colombo,6.9271,79.8612,Open-Meteo Historical API (ERA5 reanalysis)
2023-11-01,2023,11,Nov,1,10.4,Colombo,6.9271,79.8612,Open-Meteo Historical API (ERA5 reanalysis)
2023-11-02,2023,11,Nov,2,17.6,Colombo,6.9271,79.8612,Open-Meteo Historical API (ERA5 reanalysis)
2023-11-03,2023,11,Nov,3,27.2,Colombo,6.9271,79.8612,Open-Meteo Historical API (ERA5 reanalysis)
2023-11-04,2023,11,Nov,4,26.7,Colombo,6.9271,79.8612,Open-Meteo Historical API (ERA5 reanalysis)
2023-11-05,2023,11,Nov,5,15.7,Colombo,6.9271,79.8612,Open-Meteo Historical API (ERA5 reanalysis)
2023-11-06,2023,11,Nov,6,16.5,Colombo,6.9271,79.8612,Open-Meteo Historical API (ERA5 reanalysis)
2023-11-07,2023,11,Nov,7,15.5,Colombo,6.9271,79.8612,Open-Meteo Historical API (ERA5 reanalysis)
2023-11-08,2023,11,Nov,8,20.8,Colombo,6.9271,79.8612,Open-Meteo Historical API (ERA5 reanalysis)
2023-11-09,2023,11,Nov,9,25.3,Colombo,6.9271,79.8612,Open-Meteo Historical API (ERA5 reanalysis)
2023-11-10,2023,11,Nov,10,19.5,Colombo,6.9271,79.8612,Open-Meteo Historical API (ERA5 reanalysis)
2023-11-11,2023,11,Nov,11,5.5,Colombo,6.9271,79.8612,Open-Meteo Historical API (ERA5 reanalysis)
2023-11-12,2023,11,Nov,12,32.9,Colombo,6.9271,79.8612,Open-Meteo Historical API (ERA5 reanalysis)
2023-11-13,2023,11,Nov,13,9.8,Colombo,6.9271,79.8612,Open-Meteo Historical API (ERA5 reanalysis)
2023-11-14,2023,11,Nov,14,12.4,Colombo,6.9271,79.8612,Open-Meteo Historical API (ERA5 reanalysis)
2023-11-15,2023,11,Nov,15,3.8,Colombo,6.9271,79.8612,Open-Meteo Historical API (ERA5 reanalysis)
2023-11-16,2023,11,Nov,16,5.4,Colombo,6.9271,79.8612,Open-Meteo Historical API (ERA5 reanalysis)
2023-11-17,2023,11,Nov,17,7.2,Colombo,6.9271,79.8612,Open-Meteo Historical API (ERA5 reanalysis)
2023-11-18,2023,11,Nov,18,30.4,Colombo,6.9271,79.8612,Open-Meteo Historical API (ERA5 reanalysis)
2023-11-19,2023,11,Nov,19,33.2,Colombo,6.9271,79.8612,Open-Meteo Historical API (ERA5 reanalysis)
2023-11-20,2023,11,Nov,20,1.9,Colombo,6.9271,79.8612,Open-Meteo Historical API (ERA5 reanalysis)
2023-11-21,2023,11,Nov,21,22.3,Colombo,6.9271,79.8612,Open-Meteo Historical API (ERA5 reanalysis)
2023-11-22,2023,11,Nov,22,44.5,Colombo,6.9271,79.8612,Open-Meteo Historical API (ERA5 reanalysis)
2023-11-23,2023,11,Nov,23,46.3,Colombo,6.9271,79.8612,Open-Meteo Historical API (ERA5 reanalysis)
2023-11-24,2023,11,Nov,24,1.8,Colombo,6.9271,79.8612,Open-Meteo Historical API (ERA5 reanalysis)
2023-11-25,2023,11,Nov,25,4.2,Colombo,6.9271,79.8612,Open-Meteo Historical API (ERA5 reanalysis)
2023-11-26,2023,11,Nov,26,0.2,Colombo,6.9271,79.8612,Open-Meteo Historical API (ERA5 reanalysis)
2023-11-27,2023,11,Nov,27,11.5,Colombo,6.9271,79.8612,Open-Meteo Historical API (ERA5 reanalysis)
2023-11-28,2023,11,Nov,28,10.4,Colombo,6.9271,79.8612,Open-Meteo Historical API (ERA5 reanalysis)
2023-11-29,2023,11,Nov,29,2.0,Colombo,6.9271,79.8612,Open-Meteo Historical API (ERA5 reanalysis)
2023-11-30,2023,11,Nov,30,7.7,Colombo,6.9271,79.8612,Open-Meteo Historical API (ERA5 reanalysis)
2023-12-01,2023,12,Dec,1,18.7,Colombo,6.9271,79.8612,Open-Meteo Historical API (ERA5 reanalysis)
2023-12-02,2023,12,Dec,2,6.6,Colombo,6.9271,79.8612,Open-Meteo Historical API (ERA5 reanalysis)
2023-12-03,2023,12,Dec,3,21.7,Colombo,6.9271,79.8612,Open-Meteo Historical API (ERA5 reanalysis)
2023-12-04,2023,12,Dec,4,28.4,Colombo,6.9271,79.8612,Open-Meteo Historical API (ERA5 reanalysis)
2023-12-05,2023,12,Dec,5,13.1,Colombo,6.9271,79.8612,Open-Meteo Historical API (ERA5 reanalysis)
2023-12-06,2023,12,Dec,6,6.4,Colombo,6.9271,79.8612,Open-Meteo Historical API (ERA5 reanalysis)
2023-12-07,2023,12,Dec,7,6.3,Colombo,6.9271,79.8612,Open-Meteo Historical API (ERA5 reanalysis)
2023-12-08,2023,12,Dec,8,29.5,Colombo,6.9271,79.8612,Open-Meteo Historical API (ERA5 reanalysis)
2023-12-09,2023,12,Dec,9,8.7,Colombo,6.9271,79.8612,Open-Meteo Historical API (ERA5 reanalysis)
2023-12-10,2023,12,Dec,10,16.6,Colombo,6.9271,79.8612,Open-Meteo Historical API (ERA5 reanalysis)
2023-12-11,2023,12,Dec,11,8.6,Colombo,6.9271,79.8612,Open-Meteo Historical API (ERA5 reanalysis)
2023-12-12,2023,12,Dec,12,35.5,Colombo,6.9271,79.8612,Open-Meteo Historical API (ERA5 reanalysis)
2023-12-13,2023,12,Dec,13,2.0,Colombo,6.9271,79.8612,Open-Meteo Historical API (ERA5 reanalysis)
2023-12-14,2023,12,Dec,14,17.6,Colombo,6.9271,79.8612,Open-Meteo Historical API (ERA5 reanalysis)
2023-12-15,2023,12,Dec,15,40.3,Colombo,6.9271,79.8612,Open-Meteo Historical API (ERA5 reanalysis)
2023-12-16,2023,12,Dec,16,11.5,Colombo,6.9271,79.8612,Open-Meteo Historical API (ERA5 reanalysis)
2023-12-17,2023,12,Dec,17,11.7,Colombo,6.9271,79.8612,Open-Meteo Historical API (ERA5 reanalysis)
2023-12-18,2023,12,Dec,18,19.6,Colombo,6.9271,79.8612,Open-Meteo Historical API (ERA5 reanalysis)
2023-12-19,2023,12,Dec,19,8.3,Colombo,6.9271,79.8612,Open-Meteo Historical API (ERA5 reanalysis)
2023-12-20,2023,12,Dec,20,16.3,Colombo,6.9271,79.8612,Open-Meteo Historical API (ERA5 reanalysis)
2023-12-21,2023,12,Dec,21,1.2,Colombo,6.9271,79.8612,Open-Meteo Historical API (ERA5 reanalysis)
2023-12-22,2023,12,Dec,22,0.0,Colombo,6.9271,79.8612,Open-Meteo Historical API (ERA5 reanalysis)
2023-12-23,2023,12,Dec,23,0.0,Colombo,6.9271,79.8612,Open-Meteo Historical API (ERA5 reanalysis)
2023-12-24,2023,12,Dec,24,14.9,Colombo,6.9271,79.8612,Open-Meteo Historical API (ERA5 reanalysis)
2023-12-25,2023,12,Dec,25,0.9,Colombo,6.9271,79.8612,Open-Meteo Historical API (ERA5 reanalysis)
2023-12-26,2023,12,Dec,26,0.4,Colombo,6.9271,79.8612,Open-Meteo Historical API (ERA5 reanalysis)
2023-12-27,2023,12,Dec,27,0.5,Colombo,6.9271,79.8612,Open-Meteo Historical API (ERA5 reanalysis)
2023-12-28,2023,12,Dec,28,23.8,Colombo,6.9271,79.8612,Open-Meteo Historical API (ERA5 reanalysis)
2023-12-29,2023,12,Dec,29,6.2,Colombo,6.9271,79.8612,Open-Meteo Historical API (ERA5 reanalysis)
2023-12-30,2023,12,Dec,30,13.9,Colombo,6.9271,79.8612,Open-Meteo Historical API (ERA5 reanalysis)
2023-12-31,2023,12,Dec,31,21.2,Colombo,6.9271,79.8612,Open-Meteo Historical API (ERA5 reanalysis)
2024-01-01,2024,1,Jan,1,10.2,Colombo,6.9271,79.8612,Open-Meteo Historical API (ERA5 reanalysis)
2024-01-02,2024,1,Jan,2,14.3,Colombo,6.9271,79.8612,Open-Meteo Historical API (ERA5 reanalysis)
2024-01-03,2024,1,Jan,3,2.9,Colombo,6.9271,79.8612,Open-Meteo Historical API (ERA5 reanalysis)
2024-01-04,2024,1,Jan,4,5.1,Colombo,6.9271,79.8612,Open-Meteo Historical API (ERA5 reanalysis)
2024-01-05,2024,1,Jan,5,10.8,Colombo,6.9271,79.8612,Open-Meteo Historical API (ERA5 reanalysis)
2024-01-06,2024,1,Jan,6,7.8,Colombo,6.9271,79.8612,Open-Meteo Historical API (ERA5 reanalysis)
2024-01-07,2024,1,Jan,7,17.2,Colombo,6.9271,79.8612,Open-Meteo Historical API (ERA5 reanalysis)
2024-01-08,2024,1,Jan,8,15.7,Colombo,6.9271,79.8612,Open-Meteo Historical API (ERA5 reanalysis)
2024-01-09,2024,1,Jan,9,4.1,Colombo,6.9271,79.8612,Open-Meteo Historical API (ERA5 reanalysis)
2024-01-10,2024,1,Jan,10,6.2,Colombo,6.9271,79.8612,Open-Meteo Historical API (ERA5 reanalysis)
2024-01-11,2024,1,Jan,11,9.2,Colombo,6.9271,79.8612,Open-Meteo Historical API (ERA5 reanalysis)
2024-01-12,2024,1,Jan,12,0.0,Colombo,6.9271,79.8612,Open-Meteo Historical API (ERA5 reanalysis)
2024-01-13,2024,1,Jan,13,0.0,Colombo,6.9271,79.8612,Open-Meteo Historical API (ERA5 reanalysis)
2024-01-14,2024,1,Jan,14,0.0,Colombo,6.9271,79.8612,Open-Meteo Historical API (ERA5 reanalysis)
2024-01-15,2024,1,Jan,15,0.0,Colombo,6.9271,79.8612,Open-Meteo Historical API (ERA5 reanalysis)
2024-01-16,2024,1,Jan,16,0.0,Colombo,6.9271,79.8612,Open-Meteo Historical API (ERA5 reanalysis)
2024-01-17,2024,1,Jan,17,0.1,Colombo,6.9271,79.8612,Open-Meteo Historical API (ERA5 reanalysis)
2024-01-18,2024,1,Jan,18,0.7,Colombo,6.9271,79.8612,Open-Meteo Historical API (ERA5 reanalysis)
2024-01-19,2024,1,Jan,19,4.9,Colombo,6.9271,79.8612,Open-Meteo Historical API (ERA5 reanalysis)
2024-01-20,2024,1,Jan,20,15.1,Colombo,6.9271,79.8612,Open-Meteo Historical API (ERA5 reanalysis)
2024-01-21,2024,1,Jan,21,0.4,Colombo,6.9271,79.8612,Open-Meteo Historical API (ERA5 reanalysis)
2024-01-22,2024,1,Jan,22,0.0,Colombo,6.9271,79.8612,Open-Meteo Historical API (ERA5 reanalysis)
2024-01-23,2024,1,Jan,23,0.1,Colombo,6.9271,79.8612,Open-Meteo Historical API (ERA5 reanalysis)
2024-01-24,2024,1,Jan,24,0.2,Colombo,6.9271,79.8612,Open-Meteo Historical API (ERA5 reanalysis)
2024-01-25,2024,1,Jan,25,0.0,Colombo,6.9271,79.8612,Open-Meteo Historical API (ERA5 reanalysis)
2024-01-26,2024,1,Jan,26,0.0,Colombo,6.9271,79.8612,Open-Meteo Historical API (ERA5 reanalysis)
2024-01-27,2024,1,Jan,27,0.0,Colombo,6.9271,79.8612,Open-Meteo Historical API (ERA5 reanalysis)
2024-01-28,2024,1,Jan,28,0.7,Colombo,6.9271,79.8612,Open-Meteo Historical API (ERA5 reanalysis)
2024-01-29,2024,1,Jan,29,3.7,Colombo,6.9271,79.8612,Open-Meteo Historical API (ERA5 reanalysis)
2024-01-30,2024,1,Jan,30,8.1,Colombo,6.9271,79.8612,Open-Meteo Historical API (ERA5 reanalysis)
2024-01-31,2024,1,Jan,31,0.6,Colombo,6.9271,79.8612,Open-Meteo Historical API (ERA5 reanalysis)
2024-02-01,2024,2,Feb,1,3.5,Colombo,6.9271,79.8612,Open-Meteo Historical API (ERA5 reanalysis)
2024-02-02,2024,2,Feb,2,0.6,Colombo,6.9271,79.8612,Open-Meteo Historical API (ERA5 reanalysis)
2024-02-03,2024,2,Feb,3,0.6,Colombo,6.9271,79.8612,Open-Meteo Historical API (ERA5 reanalysis)
2024-02-04,2024,2,Feb,4,3.3,Colombo,6.9271,79.8612,Open-Meteo Historical API (ERA5 reanalysis)
2024-02-05,2024,2,Feb,5,3.5,Colombo,6.9271,79.8612,Open-Meteo Historical API (ERA5 reanalysis)
2024-02-06,2024,2,Feb,6,0.0,Colombo,6.9271,79.8612,Open-Meteo Historical API (ERA5 reanalysis)
2024-02-07,2024,2,Feb,7,0.0,Colombo,6.9271,79.8612,Open-Meteo Historical API (ERA5 reanalysis)
2024-02-08,2024,2,Feb,8,0.0,Colombo,6.9271,79.8612,Open-Meteo Historical API (ERA5 reanalysis)
2024-02-09,2024,2,Feb,9,0.0,Colombo,6.9271,79.8612,Open-Meteo Historical API (ERA5 reanalysis)
2024-02-10,2024,2,Feb,10,0.0,Colombo,6.9271,79.8612,Open-Meteo Historical API (ERA5 reanalysis)
2024-02-11,2024,2,Feb,11,0.0,Colombo,6.9271,79.8612,Open-Meteo Historical API (ERA5 reanalysis)
2024-02-12,2024,2,Feb,12,0.3,Colombo,6.9271,79.8612,Open-Meteo Historical API (ERA5 reanalysis)
2024-02-13,2024,2,Feb,13,1.6,Colombo,6.9271,79.8612,Open-Meteo Historical API (ERA5 reanalysis)
2024-02-14,2024,2,Feb,14,3.9,Colombo,6.9271,79.8612,Open-Meteo Historical API (ERA5 reanalysis)
2024-02-15,2024,2,Feb,15,6.0,Colombo,6.9271,79.8612,Open-Meteo Historical API (ERA5 reanalysis)
2024-02-16,2024,2,Feb,16,6.0,Colombo,6.9271,79.8612,Open-Meteo Historical API (ERA5 reanalysis)
2024-02-17,2024,2,Feb,17,1.1,Colombo,6.9271,79.8612,Open-Meteo Historical API (ERA5 reanalysis)
2024-02-18,2024,2,Feb,18,0.4,Colombo,6.9271,79.8612,Open-Meteo Historical API (ERA5 reanalysis)
2024-02-19,2024,2,Feb,19,0.0,Colombo,6.9271,79.8612,Open-Meteo Historical API (ERA5 reanalysis)
2024-02-20,2024,2,Feb,20,1.4,Colombo,6.9271,79.8612,Open-Meteo Historical API (ERA5 reanalysis)
2024-02-21,2024,2,Feb,21,0.1,Colombo,6.9271,79.8612,Open-Meteo Historical API (ERA5 reanalysis)
2024-02-22,2024,2,Feb,22,0.5,Colombo,6.9271,79.8612,Open-Meteo Historical API (ERA5 reanalysis)
2024-02-23,2024,2,Feb,23,0.1,Colombo,6.9271,79.8612,Open-Meteo Historical API (ERA5 reanalysis)
2024-02-24,2024,2,Feb,24,1.1,Colombo,6.9271,79.8612,Open-Meteo Historical API (ERA5 reanalysis)
2024-02-25,2024,2,Feb,25,0.1,Colombo,6.9271,79.8612,Open-Meteo Historical API (ERA5 reanalysis)
2024-02-26,2024,2,Feb,26,0.8,Colombo,6.9271,79.8612,Open-Meteo Historical API (ERA5 reanalysis)
2024-02-27,2024,2,Feb,27,1.3,Colombo,6.9271,79.8612,Open-Meteo Historical API (ERA5 reanalysis)
2024-02-28,2024,2,Feb,28,1.9,Colombo,6.9271,79.8612,Open-Meteo Historical API (ERA5 reanalysis)
2024-02-29,2024,2,Feb,29,0.2,Colombo,6.9271,79.8612,Open-Meteo Historical API (ERA5 reanalysis)
2024-03-01,2024,3,Mar,1,0.5,Colombo,6.9271,79.8612,Open-Meteo Historical API (ERA5 reanalysis)
2024-03-02,2024,3,Mar,2,0.1,Colombo,6.9271,79.8612,Open-Meteo Historical API (ERA5 reanalysis)
2024-03-03,2024,3,Mar,3,1.2,Colombo,6.9271,79.8612,Open-Meteo Historical API (ERA5 reanalysis)
2024-03-04,2024,3,Mar,4,0.0,Colombo,6.9271,79.8612,Open-Meteo Historical API (ERA5 reanalysis)
2024-03-05,2024,3,Mar,5,0.0,Colombo,6.9271,79.8612,Open-Meteo Historical API (ERA5 reanalysis)
2024-03-06,2024,3,Mar,6,0.1,Colombo,6.9271,79.8612,Open-Meteo Historical API (ERA5 reanalysis)
2024-03-07,2024,3,Mar,7,0.0,Colombo,6.9271,79.8612,Open-Meteo Historical API (ERA5 reanalysis)
2024-03-08,2024,3,Mar,8,2.4,Colombo,6.9271,79.8612,Open-Meteo Historical API (ERA5 reanalysis)
2024-03-09,2024,3,Mar,9,0.0,Colombo,6.9271,79.8612,Open-Meteo Historical API (ERA5 reanalysis)
2024-03-10,2024,3,Mar,10,0.1,Colombo,6.9271,79.8612,Open-Meteo Historical API (ERA5 reanalysis)
2024-03-11,2024,3,Mar,11,0.0,Colombo,6.9271,79.8612,Open-Meteo Historical API (ERA5 reanalysis)
2024-03-12,2024,3,Mar,12,0.4,Colombo,6.9271,79.8612,Open-Meteo Historical API (ERA5 reanalysis)
2024-03-13,2024,3,Mar,13,1.1,Colombo,6.9271,79.8612,Open-Meteo Historical API (ERA5 reanalysis)
2024-03-14,2024,3,Mar,14,0.6,Colombo,6.9271,79.8612,Open-Meteo Historical API (ERA5 reanalysis)
2024-03-15,2024,3,Mar,15,0.0,Colombo,6.9271,79.8612,Open-Meteo Historical API (ERA5 reanalysis)
2024-03-16,2024,3,Mar,16,0.0,Colombo,6.9271,79.8612,Open-Meteo Historical API (ERA5 reanalysis)
2024-03-17,2024,3,Mar,17,0.2,Colombo,6.9271,79.8612,Open-Meteo Historical API (ERA5 reanalysis)
2024-03-18,2024,3,Mar,18,0.0,Colombo,6.9271,79.8612,Open-Meteo Historical API (ERA5 reanalysis)
2024-03-19,2024,3,Mar,19,0.1,Colombo,6.9271,79.8612,Open-Meteo Historical API (ERA5 reanalysis)
2024-03-20,2024,3,Mar,20,0.3,Colombo,6.9271,79.8612,Open-Meteo Historical API (ERA5 reanalysis)
2024-03-21,2024,3,Mar,21,3.1,Colombo,6.9271,79.8612,Open-Meteo Historical API (ERA5 reanalysis)
2024-03-22,2024,3,Mar,22,9.7,Colombo,6.9271,79.8612,Open-Meteo Historical API (ERA5 reanalysis)
2024-03-23,2024,3,Mar,23,10.8,Colombo,6.9271,79.8612,Open-Meteo Historical API (ERA5 reanalysis)
2024-03-24,2024,3,Mar,24,13.2,Colombo,6.9271,79.8612,Open-Meteo Historical API (ERA5 reanalysis)
2024-03-25,2024,3,Mar,25,0.7,Colombo,6.9271,79.8612,Open-Meteo Historical API (ERA5 reanalysis)
2024-03-26,2024,3,Mar,26,1.0,Colombo,6.9271,79.8612,Open-Meteo Historical API (ERA5 reanalysis)
2024-03-27,2024,3,Mar,27,17.7,Colombo,6.9271,79.8612,Open-Meteo Historical API (ERA5 reanalysis)
2024-03-28,2024,3,Mar,28,13.3,Colombo,6.9271,79.8612,Open-Meteo Historical API (ERA5 reanalysis)
2024-03-29,2024,3,Mar,29,0.5,Colombo,6.9271,79.8612,Open-Meteo Historical API (ERA5 reanalysis)
2024-03-30,2024,3,Mar,30,1.9,Colombo,6.9271,79.8612,Open-Meteo Historical API (ERA5 reanalysis)
2024-03-31,2024,3,Mar,31,0.9,Colombo,6.9271,79.8612,Open-Meteo Historical API (ERA5 reanalysis)
2024-04-01,2024,4,Apr,1,2.2,Colombo,6.9271,79.8612,Open-Meteo Historical API (ERA5 reanalysis)
2024-04-02,2024,4,Apr,2,2.4,Colombo,6.9271,79.8612,Open-Meteo Historical API (ERA5 reanalysis)
2024-04-03,2024,4,Apr,3,2.5,Colombo,6.9271,79.8612,Open-Meteo Historical API (ERA5 reanalysis)
2024-04-04,2024,4,Apr,4,4.7,Colombo,6.9271,79.8612,Open-Meteo Historical API (ERA5 reanalysis)
2024-04-05,2024,4,Apr,5,2.0,Colombo,6.9271,79.8612,Open-Meteo Historical API (ERA5 reanalysis)
2024-04-06,2024,4,Apr,6,3.2,Colombo,6.9271,79.8612,Open-Meteo Historical API (ERA5 reanalysis)
2024-04-07,2024,4,Apr,7,1.8,Colombo,6.9271,79.8612,Open-Meteo Historical API (ERA5 reanalysis)
2024-04-08,2024,4,Apr,8,2.6,Colombo,6.9271,79.8612,Open-Meteo Historical API (ERA5 reanalysis)
2024-04-09,2024,4,Apr,9,0.2,Colombo,6.9271,79.8612,Open-Meteo Historical API (ERA5 reanalysis)
2024-04-10,2024,4,Apr,10,0.5,Colombo,6.9271,79.8612,Open-Meteo Historical API (ERA5 reanalysis)
2024-04-11,2024,4,Apr,11,8.5,Colombo,6.9271,79.8612,Open-Meteo Historical API (ERA5 reanalysis)
2024-04-12,2024,4,Apr,12,27.9,Colombo,6.9271,79.8612,Open-Meteo Historical API (ERA5 reanalysis)
2024-04-13,2024,4,Apr,13,1.4,Colombo,6.9271,79.8612,Open-Meteo Historical API (ERA5 reanalysis)
2024-04-14,2024,4,Apr,14,27.3,Colombo,6.9271,79.8612,Open-Meteo Historical API (ERA5 reanalysis)
2024-04-15,2024,4,Apr,15,12.3,Colombo,6.9271,79.8612,Open-Meteo Historical API (ERA5 reanalysis)
2024-04-16,2024,4,Apr,16,22.1,Colombo,6.9271,79.8612,Open-Meteo Historical API (ERA5 reanalysis)
2024-04-17,2024,4,Apr,17,0.9,Colombo,6.9271,79.8612,Open-Meteo Historical API (ERA5 reanalysis)
2024-04-18,2024,4,Apr,18,0.4,Colombo,6.9271,79.8612,Open-Meteo Historical API (ERA5 reanalysis)
2024-04-19,2024,4,Apr,19,1.9,Colombo,6.9271,79.8612,Open-Meteo Historical API (ERA5 reanalysis)
2024-04-20,2024,4,Apr,20,5.4,Colombo,6.9271,79.8612,Open-Meteo Historical API (ERA5 reanalysis)
2024-04-21,2024,4,Apr,21,2.2,Colombo,6.9271,79.8612,Open-Meteo Historical API (ERA5 reanalysis)
2024-04-22,2024,4,Apr,22,2.3,Colombo,6.9271,79.8612,Open-Meteo Historical API (ERA5 reanalysis)
2024-04-23,2024,4,Apr,23,3.4,Colombo,6.9271,79.8612,Open-Meteo Historical API (ERA5 reanalysis)
2024-04-24,2024,4,Apr,24,2.8,Colombo,6.9271,79.8612,Open-Meteo Historical API (ERA5 reanalysis)
2024-04-25,2024,4,Apr,25,3.1,Colombo,6.9271,79.8612,Open-Meteo Historical API (ERA5 reanalysis)
2024-04-26,2024,4,Apr,26,5.1,Colombo,6.9271,79.8612,Open-Meteo Historical API (ERA5 reanalysis)
2024-04-27,2024,4,Apr,27,7.5,Colombo,6.9271,79.8612,Open-Meteo Historical API (ERA5 reanalysis)
2024-04-28,2024,4,Apr,28,2.3,Colombo,6.9271,79.8612,Open-Meteo Historical API (ERA5 reanalysis)
2024-04-29,2024,4,Apr,29,7.4,Colombo,6.9271,79.8612,Open-Meteo Historical API (ERA5 reanalysis)
2024-04-30,2024,4,Apr,30,10.9,Colombo,6.9271,79.8612,Open-Meteo Historical API (ERA5 reanalysis)
2024-05-01,2024,5,May,1,3.8,Colombo,6.9271,79.8612,Open-Meteo Historical API (ERA5 reanalysis)
2024-05-02,2024,5,May,2,0.0,Colombo,6.9271,79.8612,Open-Meteo Historical API (ERA5 reanalysis)
2024-05-03,2024,5,May,3,3.4,Colombo,6.9271,79.8612,Open-Meteo Historical API (ERA5 reanalysis)
2024-05-04,2024,5,May,4,1.0,Colombo,6.9271,79.8612,Open-Meteo Historical API (ERA5 reanalysis)
2024-05-05,2024,5,May,5,2.1,Colombo,6.9271,79.8612,Open-Meteo Historical API (ERA5 reanalysis)
2024-05-06,2024,5,May,6,2.1,Colombo,6.9271,79.8612,Open-Meteo Historical API (ERA5 reanalysis)
2024-05-07,2024,5,May,7,2.4,Colombo,6.9271,79.8612,Open-Meteo Historical API (ERA5 reanalysis)
2024-05-08,2024,5,May,8,7.0,Colombo,6.9271,79.8612,Open-Meteo Historical API (ERA5 reanalysis)
2024-05-09,2024,5,May,9,17.8,Colombo,6.9271,79.8612,Open-Meteo Historical API (ERA5 reanalysis)
2024-05-10,2024,5,May,10,16.5,Colombo,6.9271,79.8612,Open-Meteo Historical API (ERA5 reanalysis)
2024-05-11,2024,5,May,11,25.9,Colombo,6.9271,79.8612,Open-Meteo Historical API (ERA5 reanalysis)
2024-05-12,2024,5,May,12,30.0,Colombo,6.9271,79.8612,Open-Meteo Historical API (ERA5 reanalysis)
2024-05-13,2024,5,May,13,16.4,Colombo,6.9271,79.8612,Open-Meteo Historical API (ERA5 reanalysis)
2024-05-14,2024,5,May,14,26.2,Colombo,6.9271,79.8612,Open-Meteo Historical API (ERA5 reanalysis)
2024-05-15,2024,5,May,15,6.9,Colombo,6.9271,79.8612,Open-Meteo Historical API (ERA5 reanalysis)
2024-05-16,2024,5,May,16,9.2,Colombo,6.9271,79.8612,Open-Meteo Historical API (ERA5 reanalysis)
2024-05-17,2024,5,May,17,8.6,Colombo,6.9271,79.8612,Open-Meteo Historical API (ERA5 reanalysis)
2024-05-18,2024,5,May,18,51.9,Colombo,6.9271,79.8612,Open-Meteo Historical API (ERA5 reanalysis)
2024-05-19,2024,5,May,19,39.8,Colombo,6.9271,79.8612,Open-Meteo Historical API (ERA5 reanalysis)
2024-05-20,2024,5,May,20,47.2,Colombo,6.9271,79.8612,Open-Meteo Historical API (ERA5 reanalysis)
2024-05-21,2024,5,May,21,11.2,Colombo,6.9271,79.8612,Open-Meteo Historical API (ERA5 reanalysis)
2024-05-22,2024,5,May,22,28.3,Colombo,6.9271,79.8612,Open-Meteo Historical API (ERA5 reanalysis)
2024-05-23,2024,5,May,23,35.3,Colombo,6.9271,79.8612,Open-Meteo Historical API (ERA5 reanalysis)
2024-05-24,2024,5,May,24,17.1,Colombo,6.9271,79.8612,Open-Meteo Historical API (ERA5 reanalysis)
2024-05-25,2024,5,May,25,60.0,Colombo,6.9271,79.8612,Open-Meteo Historical API (ERA5 reanalysis)
2024-05-26,2024,5,May,26,37.9,Colombo,6.9271,79.8612,Open-Meteo Historical API (ERA5 reanalysis)
2024-05-27,2024,5,May,27,42.7,Colombo,6.9271,79.8612,Open-Meteo Historical API (ERA5 reanalysis)
2024-05-28,2024,5,May,28,37.3,Colombo,6.9271,79.8612,Open-Meteo Historical API (ERA5 reanalysis)
2024-05-29,2024,5,May,29,25.1,Colombo,6.9271,79.8612,Open-Meteo Historical API (ERA5 reanalysis)
2024-05-30,2024,5,May,30,31.0,Colombo,6.9271,79.8612,Open-Meteo Historical API (ERA5 reanalysis)
2024-05-31,2024,5,May,31,12.2,Colombo,6.9271,79.8612,Open-Meteo Historical API (ERA5 reanalysis)
2024-06-01,2024,6,Jun,1,42.5,Colombo,6.9271,79.8612,Open-Meteo Historical API (ERA5 reanalysis)
2024-06-02,2024,6,Jun,2,28.1,Colombo,6.9271,79.8612,Open-Meteo Historical API (ERA5 reanalysis)
2024-06-03,2024,6,Jun,3,7.4,Colombo,6.9271,79.8612,Open-Meteo Historical API (ERA5 reanalysis)
2024-06-04,2024,6,Jun,4,3.0,Colombo,6.9271,79.8612,Open-Meteo Historical API (ERA5 reanalysis)
2024-06-05,2024,6,Jun,5,2.0,Colombo,6.9271,79.8612,Open-Meteo Historical API (ERA5 reanalysis)
2024-06-06,2024,6,Jun,6,2.1,Colombo,6.9271,79.8612,Open-Meteo Historical API (ERA5 reanalysis)
2024-06-07,2024,6,Jun,7,6.8,Colombo,6.9271,79.8612,Open-Meteo Historical API (ERA5 reanalysis)
2024-06-08,2024,6,Jun,8,3.8,Colombo,6.9271,79.8612,Open-Meteo Historical API (ERA5 reanalysis)
2024-06-09,2024,6,Jun,9,20.8,Colombo,6.9271,79.8612,Open-Meteo Historical API (ERA5 reanalysis)
2024-06-10,2024,6,Jun,10,5.2,Colombo,6.9271,79.8612,Open-Meteo Historical API (ERA5 reanalysis)
2024-06-11,2024,6,Jun,11,6.3,Colombo,6.9271,79.8612,Open-Meteo Historical API (ERA5 reanalysis)
2024-06-12,2024,6,Jun,12,19.5,Colombo,6.9271,79.8612,Open-Meteo Historical API (ERA5 reanalysis)
2024-06-13,2024,6,Jun,13,3.6,Colombo,6.9271,79.8612,Open-Meteo Historical API (ERA5 reanalysis)
2024-06-14,2024,6,Jun,14,2.6,Colombo,6.9271,79.8612,Open-Meteo Historical API (ERA5 reanalysis)
2024-06-15,2024,6,Jun,15,7.7,Colombo,6.9271,79.8612,Open-Meteo Historical API (ERA5 reanalysis)
2024-06-16,2024,6,Jun,16,4.1,Colombo,6.9271,79.8612,Open-Meteo Historical API (ERA5 reanalysis)
2024-06-17,2024,6,Jun,17,3.0,Colombo,6.9271,79.8612,Open-Meteo Historical API (ERA5 reanalysis)
2024-06-18,2024,6,Jun,18,15.3,Colombo,6.9271,79.8612,Open-Meteo Historical API (ERA5 reanalysis)
2024-06-19,2024,6,Jun,19,18.7,Colombo,6.9271,79.8612,Open-Meteo Historical API (ERA5 reanalysis)
2024-06-20,2024,6,Jun,20,10.7,Colombo,6.9271,79.8612,Open-Meteo Historical API (ERA5 reanalysis)
2024-06-21,2024,6,Jun,21,21.1,Colombo,6.9271,79.8612,Open-Meteo Historical API (ERA5 reanalysis)
2024-06-22,2024,6,Jun,22,16.2,Colombo,6.9271,79.8612,Open-Meteo Historical API (ERA5 reanalysis)
2024-06-23,2024,6,Jun,23,9.1,Colombo,6.9271,79.8612,Open-Meteo Historical API (ERA5 reanalysis)
2024-06-24,2024,6,Jun,24,13.4,Colombo,6.9271,79.8612,Open-Meteo Historical API (ERA5 reanalysis)
2024-06-25,2024,6,Jun,25,40.2,Colombo,6.9271,79.8612,Open-Meteo Historical API (ERA5 reanalysis)
2024-06-26,2024,6,Jun,26,26.0,Colombo,6.9271,79.8612,Open-Meteo Historical API (ERA5 reanalysis)
2024-06-27,2024,6,Jun,27,4.3,Colombo,6.9271,79.8612,Open-Meteo Historical API (ERA5 reanalysis)
2024-06-28,2024,6,Jun,28,8.3,Colombo,6.9271,79.8612,Open-Meteo Historical API (ERA5 reanalysis)
2024-06-29,2024,6,Jun,29,1.1,Colombo,6.9271,79.8612,Open-Meteo Historical API (ERA5 reanalysis)
2024-06-30,2024,6,Jun,30,2.7,Colombo,6.9271,79.8612,Open-Meteo Historical API (ERA5 reanalysis)
2024-07-01,2024,7,Jul,1,10.0,Colombo,6.9271,79.8612,Open-Meteo Historical API (ERA5 reanalysis)
2024-07-02,2024,7,Jul,2,1.9,Colombo,6.9271,79.8612,Open-Meteo Historical API (ERA5 reanalysis)
2024-07-03,2024,7,Jul,3,12.0,Colombo,6.9271,79.8612,Open-Meteo Historical API (ERA5 reanalysis)
2024-07-04,2024,7,Jul,4,7.3,Colombo,6.9271,79.8612,Open-Meteo Historical API (ERA5 reanalysis)
2024-07-05,2024,7,Jul,5,28.8,Colombo,6.9271,79.8612,Open-Meteo Historical API (ERA5 reanalysis)
2024-07-06,2024,7,Jul,6,5.9,Colombo,6.9271,79.8612,Open-Meteo Historical API (ERA5 reanalysis)
2024-07-07,2024,7,Jul,7,2.7,Colombo,6.9271,79.8612,Open-Meteo Historical API (ERA5 reanalysis)
2024-07-08,2024,7,Jul,8,15.8,Colombo,6.9271,79.8612,Open-Meteo Historical API (ERA5 reanalysis)
2024-07-09,2024,7,Jul,9,1.3,Colombo,6.9271,79.8612,Open-Meteo Historical API (ERA5 reanalysis)
2024-07-10,2024,7,Jul,10,5.6,Colombo,6.9271,79.8612,Open-Meteo Historical API (ERA5 reanalysis)
2024-07-11,2024,7,Jul,11,3.0,Colombo,6.9271,79.8612,Open-Meteo Historical API (ERA5 reanalysis)
2024-07-12,2024,7,Jul,12,5.7,Colombo,6.9271,79.8612,Open-Meteo Historical API (ERA5 reanalysis)
2024-07-13,2024,7,Jul,13,25.1,Colombo,6.9271,79.8612,Open-Meteo Historical API (ERA5 reanalysis)
2024-07-14,2024,7,Jul,14,5.4,Colombo,6.9271,79.8612,Open-Meteo Historical API (ERA5 reanalysis)
2024-07-15,2024,7,Jul,15,32.1,Colombo,6.9271,79.8612,Open-Meteo Historical API (ERA5 reanalysis)
2024-07-16,2024,7,Jul,16,8.9,Colombo,6.9271,79.8612,Open-Meteo Historical API (ERA5 reanalysis)
2024-07-17,2024,7,Jul,17,20.7,Colombo,6.9271,79.8612,Open-Meteo Historical API (ERA5 reanalysis)
2024-07-18,2024,7,Jul,18,5.9,Colombo,6.9271,79.8612,Open-Meteo Historical API (ERA5 reanalysis)
2024-07-19,2024,7,Jul,19,4.3,Colombo,6.9271,79.8612,Open-Meteo Historical API (ERA5 reanalysis)
2024-07-20,2024,7,Jul,20,0.4,Colombo,6.9271,79.8612,Open-Meteo Historical API (ERA5 reanalysis)
2024-07-21,2024,7,Jul,21,0.0,Colombo,6.9271,79.8612,Open-Meteo Historical API (ERA5 reanalysis)
2024-07-22,2024,7,Jul,22,6.4,Colombo,6.9271,79.8612,Open-Meteo Historical API (ERA5 reanalysis)
2024-07-23,2024,7,Jul,23,2.1,Colombo,6.9271,79.8612,Open-Meteo Historical API (ERA5 reanalysis)
2024-07-24,2024,7,Jul,24,2.7,Colombo,6.9271,79.8612,Open-Meteo Historical API (ERA5 reanalysis)
2024-07-25,2024,7,Jul,25,3.7,Colombo,6.9271,79.8612,Open-Meteo Historical API (ERA5 reanalysis)
2024-07-26,2024,7,Jul,26,1.9,Colombo,6.9271,79.8612,Open-Meteo Historical API (ERA5 reanalysis)
2024-07-27,2024,7,Jul,27,3.4,Colombo,6.9271,79.8612,Open-Meteo Historical API (ERA5 reanalysis)
2024-07-28,2024,7,Jul,28,20.9,Colombo,6.9271,79.8612,Open-Meteo Historical API (ERA5 reanalysis)
2024-07-29,2024,7,Jul,29,39.4,Colombo,6.9271,79.8612,Open-Meteo Historical API (ERA5 reanalysis)
2024-07-30,2024,7,Jul,30,13.2,Colombo,6.9271,79.8612,Open-Meteo Historical API (ERA5 reanalysis)
2024-07-31,2024,7,Jul,31,19.5,Colombo,6.9271,79.8612,Open-Meteo Historical API (ERA5 reanalysis)
2024-08-01,2024,8,Aug,1,5.4,Colombo,6.9271,79.8612,Open-Meteo Historical API (ERA5 reanalysis)
2024-08-02,2024,8,Aug,2,9.1,Colombo,6.9271,79.8612,Open-Meteo Historical API (ERA5 reanalysis)
2024-08-03,2024,8,Aug,3,1.7,Colombo,6.9271,79.8612,Open-Meteo Historical API (ERA5 reanalysis)
2024-08-04,2024,8,Aug,4,5.1,Colombo,6.9271,79.8612,Open-Meteo Historical API (ERA5 reanalysis)
2024-08-05,2024,8,Aug,5,5.7,Colombo,6.9271,79.8612,Open-Meteo Historical API (ERA5 reanalysis)
2024-08-06,2024,8,Aug,6,2.2,Colombo,6.9271,79.8612,Open-Meteo Historical API (ERA5 reanalysis)
2024-08-07,2024,8,Aug,7,1.4,Colombo,6.9271,79.8612,Open-Meteo Historical API (ERA5 reanalysis)
2024-08-08,2024,8,Aug,8,13.2,Colombo,6.9271,79.8612,Open-Meteo Historical API (ERA5 reanalysis)
2024-08-09,2024,8,Aug,9,0.8,Colombo,6.9271,79.8612,Open-Meteo Historical API (ERA5 reanalysis)
2024-08-10,2024,8,Aug,10,10.0,Colombo,6.9271,79.8612,Open-Meteo Historical API (ERA5 reanalysis)
2024-08-11,2024,8,Aug,11,19.6,Colombo,6.9271,79.8612,Open-Meteo Historical API (ERA5 reanalysis)
2024-08-12,2024,8,Aug,12,32.0,Colombo,6.9271,79.8612,Open-Meteo Historical API (ERA5 reanalysis)
2024-08-13,2024,8,Aug,13,4.1,Colombo,6.9271,79.8612,Open-Meteo Historical API (ERA5 reanalysis)
2024-08-14,2024,8,Aug,14,4.9,Colombo,6.9271,79.8612,Open-Meteo Historical API (ERA5 reanalysis)
2024-08-15,2024,8,Aug,15,3.7,Colombo,6.9271,79.8612,Open-Meteo Historical API (ERA5 reanalysis)
2024-08-16,2024,8,Aug,16,34.3,Colombo,6.9271,79.8612,Open-Meteo Historical API (ERA5 reanalysis)
2024-08-17,2024,8,Aug,17,48.3,Colombo,6.9271,79.8612,Open-Meteo Historical API (ERA5 reanalysis)
2024-08-18,2024,8,Aug,18,20.8,Colombo,6.9271,79.8612,Open-Meteo Historical API (ERA5 reanalysis)
2024-08-19,2024,8,Aug,19,18.6,Colombo,6.9271,79.8612,Open-Meteo Historical API (ERA5 reanalysis)
2024-08-20,2024,8,Aug,20,12.0,Colombo,6.9271,79.8612,Open-Meteo Historical API (ERA5 reanalysis)
2024-08-21,2024,8,Aug,21,19.6,Colombo,6.9271,79.8612,Open-Meteo Historical API (ERA5 reanalysis)
2024-08-22,2024,8,Aug,22,1.7,Colombo,6.9271,79.8612,Open-Meteo Historical API (ERA5 reanalysis)
2024-08-23,2024,8,Aug,23,2.7,Colombo,6.9271,79.8612,Open-Meteo Historical API (ERA5 reanalysis)
2024-08-24,2024,8,Aug,24,2.0,Colombo,6.9271,79.8612,Open-Meteo Historical API (ERA5 reanalysis)
2024-08-25,2024,8,Aug,25,2.2,Colombo,6.9271,79.8612,Open-Meteo Historical API (ERA5 reanalysis)
2024-08-26,2024,8,Aug,26,1.3,Colombo,6.9271,79.8612,Open-Meteo Historical API (ERA5 reanalysis)
2024-08-27,2024,8,Aug,27,0.1,Colombo,6.9271,79.8612,Open-Meteo Historical API (ERA5 reanalysis)
2024-08-28,2024,8,Aug,28,0.4,Colombo,6.9271,79.8612,Open-Meteo Historical API (ERA5 reanalysis)
2024-08-29,2024,8,Aug,29,7.2,Colombo,6.9271,79.8612,Open-Meteo Historical API (ERA5 reanalysis)
2024-08-30,2024,8,Aug,30,22.6,Colombo,6.9271,79.8612,Open-Meteo Historical API (ERA5 reanalysis)
2024-08-31,2024,8,Aug,31,21.3,Colombo,6.9271,79.8612,Open-Meteo Historical API (ERA5 reanalysis)
2024-09-01,2024,9,Sep,1,27.2,Colombo,6.9271,79.8612,Open-Meteo Historical API (ERA5 reanalysis)
2024-09-02,2024,9,Sep,2,38.7,Colombo,6.9271,79.8612,Open-Meteo Historical API (ERA5 reanalysis)
2024-09-03,2024,9,Sep,3,36.5,Colombo,6.9271,79.8612,Open-Meteo Historical API (ERA5 reanalysis)
2024-09-04,2024,9,Sep,4,14.4,Colombo,6.9271,79.8612,Open-Meteo Historical API (ERA5 reanalysis)
2024-09-05,2024,9,Sep,5,3.5,Colombo,6.9271,79.8612,Open-Meteo Historical API (ERA5 reanalysis)
2024-09-06,2024,9,Sep,6,4.3,Colombo,6.9271,79.8612,Open-Meteo Historical API (ERA5 reanalysis)
2024-09-07,2024,9,Sep,7,2.2,Colombo,6.9271,79.8612,Open-Meteo Historical API (ERA5 reanalysis)
2024-09-08,2024,9,Sep,8,3.4,Colombo,6.9271,79.8612,Open-Meteo Historical API (ERA5 reanalysis)
2024-09-09,2024,9,Sep,9,17.0,Colombo,6.9271,79.8612,Open-Meteo Historical API (ERA5 reanalysis)
2024-09-10,2024,9,Sep,10,17.4,Colombo,6.9271,79.8612,Open-Meteo Historical API (ERA5 reanalysis)
2024-09-11,2024,9,Sep,11,21.5,Colombo,6.9271,79.8612,Open-Meteo Historical API (ERA5 reanalysis)
2024-09-12,2024,9,Sep,12,2.3,Colombo,6.9271,79.8612,Open-Meteo Historical API (ERA5 reanalysis)
2024-09-13,2024,9,Sep,13,5.3,Colombo,6.9271,79.8612,Open-Meteo Historical API (ERA5 reanalysis)
2024-09-14,2024,9,Sep,14,6.2,Colombo,6.9271,79.8612,Open-Meteo Historical API (ERA5 reanalysis)
2024-09-15,2024,9,Sep,15,1.6,Colombo,6.9271,79.8612,Open-Meteo Historical API (ERA5 reanalysis)
2024-09-16,2024,9,Sep,16,19.2,Colombo,6.9271,79.8612,Open-Meteo Historical API (ERA5 reanalysis)
2024-09-17,2024,9,Sep,17,3.9,Colombo,6.9271,79.8612,Open-Meteo Historical API (ERA5 reanalysis)
2024-09-18,2024,9,Sep,18,1.7,Colombo,6.9271,79.8612,Open-Meteo Historical API (ERA5 reanalysis)
2024-09-19,2024,9,Sep,19,2.9,Colombo,6.9271,79.8612,Open-Meteo Historical API (ERA5 reanalysis)
2024-09-20,2024,9,Sep,20,2.0,Colombo,6.9271,79.8612,Open-Meteo Historical API (ERA5 reanalysis)
2024-09-21,2024,9,Sep,21,5.6,Colombo,6.9271,79.8612,Open-Meteo Historical API (ERA5 reanalysis)
2024-09-22,2024,9,Sep,22,8.1,Colombo,6.9271,79.8612,Open-Meteo Historical API (ERA5 reanalysis)
2024-09-23,2024,9,Sep,23,1.8,Colombo,6.9271,79.8612,Open-Meteo Historical API (ERA5 reanalysis)
2024-09-24,2024,9,Sep,24,9.5,Colombo,6.9271,79.8612,Open-Meteo Historical API (ERA5 reanalysis)
2024-09-25,2024,9,Sep,25,4.5,Colombo,6.9271,79.8612,Open-Meteo Historical API (ERA5 reanalysis)
2024-09-26,2024,9,Sep,26,2.1,Colombo,6.9271,79.8612,Open-Meteo Historical API (ERA5 reanalysis)
2024-09-27,2024,9,Sep,27,19.1,Colombo,6.9271,79.8612,Open-Meteo Historical API (ERA5 reanalysis)
2024-09-28,2024,9,Sep,28,5.4,Colombo,6.9271,79.8612,Open-Meteo Historical API (ERA5 reanalysis)
2024-09-29,2024,9,Sep,29,9.9,Colombo,6.9271,79.8612,Open-Meteo Historical API (ERA5 reanalysis)
2024-09-30,2024,9,Sep,30,13.2,Colombo,6.9271,79.8612,Open-Meteo Historical API (ERA5 reanalysis)
2024-10-01,2024,10,Oct,1,3.4,Colombo,6.9271,79.8612,Open-Meteo Historical API (ERA5 reanalysis)
2024-10-02,2024,10,Oct,2,1.1,Colombo,6.9271,79.8612,Open-Meteo Historical API (ERA5 reanalysis)
2024-10-03,2024,10,Oct,3,1.2,Colombo,6.9271,79.8612,Open-Meteo Historical API (ERA5 reanalysis)
2024-10-04,2024,10,Oct,4,0.3,Colombo,6.9271,79.8612,Open-Meteo Historical API (ERA5 reanalysis)
2024-10-05,2024,10,Oct,5,5.0,Colombo,6.9271,79.8612,Open-Meteo Historical API (ERA5 reanalysis)
2024-10-06,2024,10,Oct,6,2.5,Colombo,6.9271,79.8612,Open-Meteo Historical API (ERA5 reanalysis)
2024-10-07,2024,10,Oct,7,39.7,Colombo,6.9271,79.8612,Open-Meteo Historical API (ERA5 reanalysis)
2024-10-08,2024,10,Oct,8,11.7,Colombo,6.9271,79.8612,Open-Meteo Historical API (ERA5 reanalysis)
2024-10-09,2024,10,Oct,9,12.7,Colombo,6.9271,79.8612,Open-Meteo Historical API (ERA5 reanalysis)
2024-10-10,2024,10,Oct,10,26.9,Colombo,6.9271,79.8612,Open-Meteo Historical API (ERA5 reanalysis)
2024-10-11,2024,10,Oct,11,52.9,Colombo,6.9271,79.8612,Open-Meteo Historical API (ERA5 reanalysis)
2024-10-12,2024,10,Oct,12,35.8,Colombo,6.9271,79.8612,Open-Meteo Historical API (ERA5 reanalysis)
2024-10-13,2024,10,Oct,13,30.9,Colombo,6.9271,79.8612,Open-Meteo Historical API (ERA5 reanalysis)
2024-10-14,2024,10,Oct,14,41.7,Colombo,6.9271,79.8612,Open-Meteo Historical API (ERA5 reanalysis)
2024-10-15,2024,10,Oct,15,13.4,Colombo,6.9271,79.8612,Open-Meteo Historical API (ERA5 reanalysis)
2024-10-16,2024,10,Oct,16,4.5,Colombo,6.9271,79.8612,Open-Meteo Historical API (ERA5 reanalysis)
2024-10-17,2024,10,Oct,17,1.7,Colombo,6.9271,79.8612,Open-Meteo Historical API (ERA5 reanalysis)
2024-10-18,2024,10,Oct,18,0.7,Colombo,6.9271,79.8612,Open-Meteo Historical API (ERA5 reanalysis)
2024-10-19,2024,10,Oct,19,2.4,Colombo,6.9271,79.8612,Open-Meteo Historical API (ERA5 reanalysis)
2024-10-20,2024,10,Oct,20,3.1,Colombo,6.9271,79.8612,Open-Meteo Historical API (ERA5 reanalysis)
2024-10-21,2024,10,Oct,21,9.3,Colombo,6.9271,79.8612,Open-Meteo Historical API (ERA5 reanalysis)
2024-10-22,2024,10,Oct,22,3.5,Colombo,6.9271,79.8612,Open-Meteo Historical API (ERA5 reanalysis)
2024-10-23,2024,10,Oct,23,26.2,Colombo,6.9271,79.8612,Open-Meteo Historical API (ERA5 reanalysis)
2024-10-24,2024,10,Oct,24,14.2,Colombo,6.9271,79.8612,Open-Meteo Historical API (ERA5 reanalysis)
2024-10-25,2024,10,Oct,25,10.8,Colombo,6.9271,79.8612,Open-Meteo Historical API (ERA5 reanalysis)
2024-10-26,2024,10,Oct,26,19.5,Colombo,6.9271,79.8612,Open-Meteo Historical API (ERA5 reanalysis)
2024-10-27,2024,10,Oct,27,7.3,Colombo,6.9271,79.8612,Open-Meteo Historical API (ERA5 reanalysis)
2024-10-28,2024,10,Oct,28,15.9,Colombo,6.9271,79.8612,Open-Meteo Historical API (ERA5 reanalysis)
2024-10-29,2024,10,Oct,29,3.8,Colombo,6.9271,79.8612,Open-Meteo Historical API (ERA5 reanalysis)
2024-10-30,2024,10,Oct,30,1.7,Colombo,6.9271,79.8612,Open-Meteo Historical API (ERA5 reanalysis)
2024-10-31,2024,10,Oct,31,6.8,Colombo,6.9271,79.8612,Open-Meteo Historical API (ERA5 reanalysis)
2024-11-01,2024,11,Nov,1,12.0,Colombo,6.9271,79.8612,Open-Meteo Historical API (ERA5 reanalysis)
2024-11-02,2024,11,Nov,2,12.4,Colombo,6.9271,79.8612,Open-Meteo Historical API (ERA5 reanalysis)
2024-11-03,2024,11,Nov,3,4.4,Colombo,6.9271,79.8612,Open-Meteo Historical API (ERA5 reanalysis)
2024-11-04,2024,11,Nov,4,18.4,Colombo,6.9271,79.8612,Open-Meteo Historical API (ERA5 reanalysis)
2024-11-05,2024,11,Nov,5,9.5,Colombo,6.9271,79.8612,Open-Meteo Historical API (ERA5 reanalysis)
2024-11-06,2024,11,Nov,6,0.3,Colombo,6.9271,79.8612,Open-Meteo Historical API (ERA5 reanalysis)
2024-11-07,2024,11,Nov,7,2.6,Colombo,6.9271,79.8612,Open-Meteo Historical API (ERA5 reanalysis)
2024-11-08,2024,11,Nov,8,25.2,Colombo,6.9271,79.8612,Open-Meteo Historical API (ERA5 reanalysis)
2024-11-09,2024,11,Nov,9,1.7,Colombo,6.9271,79.8612,Open-Meteo Historical API (ERA5 reanalysis)
2024-11-10,2024,11,Nov,10,1.0,Colombo,6.9271,79.8612,Open-Meteo Historical API (ERA5 reanalysis)
2024-11-11,2024,11,Nov,11,1.2,Colombo,6.9271,79.8612,Open-Meteo Historical API (ERA5 reanalysis)
2024-11-12,2024,11,Nov,12,1.6,Colombo,6.9271,79.8612,Open-Meteo Historical API (ERA5 reanalysis)
2024-11-13,2024,11,Nov,13,4.9,Colombo,6.9271,79.8612,Open-Meteo Historical API (ERA5 reanalysis)
2024-11-14,2024,11,Nov,14,3.0,Colombo,6.9271,79.8612,Open-Meteo Historical API (ERA5 reanalysis)
2024-11-15,2024,11,Nov,15,16.7,Colombo,6.9271,79.8612,Open-Meteo Historical API (ERA5 reanalysis)
2024-11-16,2024,11,Nov,16,5.1,Colombo,6.9271,79.8612,Open-Meteo Historical API (ERA5 reanalysis)
2024-11-17,2024,11,Nov,17,5.8,Colombo,6.9271,79.8612,Open-Meteo Historical API (ERA5 reanalysis)
2024-11-18,2024,11,Nov,18,8.4,Colombo,6.9271,79.8612,Open-Meteo Historical API (ERA5 reanalysis)
2024-11-19,2024,11,Nov,19,19.8,Colombo,6.9271,79.8612,Open-Meteo Historical API (ERA5 reanalysis)
2024-11-20,2024,11,Nov,20,19.4,Colombo,6.9271,79.8612,Open-Meteo Historical API (ERA5 reanalysis)
2024-11-21,2024,11,Nov,21,13.1,Colombo,6.9271,79.8612,Open-Meteo Historical API (ERA5 reanalysis)
2024-11-22,2024,11,Nov,22,19.5,Colombo,6.9271,79.8612,Open-Meteo Historical API (ERA5 reanalysis)
2024-11-23,2024,11,Nov,23,1.1,Colombo,6.9271,79.8612,Open-Meteo Historical API (ERA5 reanalysis)
2024-11-24,2024,11,Nov,24,10.0,Colombo,6.9271,79.8612,Open-Meteo Historical API (ERA5 reanalysis)
2024-11-25,2024,11,Nov,25,26.0,Colombo,6.9271,79.8612,Open-Meteo Historical API (ERA5 reanalysis)
2024-11-26,2024,11,Nov,26,40.3,Colombo,6.9271,79.8612,Open-Meteo Historical API (ERA5 reanalysis)
2024-11-27,2024,11,Nov,27,57.0,Colombo,6.9271,79.8612,Open-Meteo Historical API (ERA5 reanalysis)
2024-11-28,2024,11,Nov,28,5.6,Colombo,6.9271,79.8612,Open-Meteo Historical API (ERA5 reanalysis)
2024-11-29,2024,11,Nov,29,5.0,Colombo,6.9271,79.8612,Open-Meteo Historical API (ERA5 reanalysis)
2024-11-30,2024,11,Nov,30,3.2,Colombo,6.9271,79.8612,Open-Meteo Historical API (ERA5 reanalysis)
2024-12-01,2024,12,Dec,1,1.5,Colombo,6.9271,79.8612,Open-Meteo Historical API (ERA5 reanalysis)
2024-12-02,2024,12,Dec,2,0.0,Colombo,6.9271,79.8612,Open-Meteo Historical API (ERA5 reanalysis)
2024-12-03,2024,12,Dec,3,0.0,Colombo,6.9271,79.8612,Open-Meteo Historical API (ERA5 reanalysis)
2024-12-04,2024,12,Dec,4,0.0,Colombo,6.9271,79.8612,Open-Meteo Historical API (ERA5 reanalysis)
2024-12-05,2024,12,Dec,5,2.2,Colombo,6.9271,79.8612,Open-Meteo Historical API (ERA5 reanalysis)
2024-12-06,2024,12,Dec,6,0.2,Colombo,6.9271,79.8612,Open-Meteo Historical API (ERA5 reanalysis)
2024-12-07,2024,12,Dec,7,1.7,Colombo,6.9271,79.8612,Open-Meteo Historical API (ERA5 reanalysis)
2024-12-08,2024,12,Dec,8,13.2,Colombo,6.9271,79.8612,Open-Meteo Historical API (ERA5 reanalysis)
2024-12-09,2024,12,Dec,9,1.9,Colombo,6.9271,79.8612,Open-Meteo Historical API (ERA5 reanalysis)
2024-12-10,2024,12,Dec,10,0.2,Colombo,6.9271,79.8612,Open-Meteo Historical API (ERA5 reanalysis)
2024-12-11,2024,12,Dec,11,3.6,Colombo,6.9271,79.8612,Open-Meteo Historical API (ERA5 reanalysis)
2024-12-12,2024,12,Dec,12,8.7,Colombo,6.9271,79.8612,Open-Meteo Historical API (ERA5 reanalysis)
2024-12-13,2024,12,Dec,13,17.9,Colombo,6.9271,79.8612,Open-Meteo Historical API (ERA5 reanalysis)
2024-12-14,2024,12,Dec,14,10.3,Colombo,6.9271,79.8612,Open-Meteo Historical API (ERA5 reanalysis)
2024-12-15,2024,12,Dec,15,0.0,Colombo,6.9271,79.8612,Open-Meteo Historical API (ERA5 reanalysis)
2024-12-16,2024,12,Dec,16,4.3,Colombo,6.9271,79.8612,Open-Meteo Historical API (ERA5 reanalysis)
2024-12-17,2024,12,Dec,17,7.4,Colombo,6.9271,79.8612,Open-Meteo Historical API (ERA5 reanalysis)
2024-12-18,2024,12,Dec,18,0.8,Colombo,6.9271,79.8612,Open-Meteo Historical API (ERA5 reanalysis)
2024-12-19,2024,12,Dec,19,1.9,Colombo,6.9271,79.8612,Open-Meteo Historical API (ERA5 reanalysis)
2024-12-20,2024,12,Dec,20,9.4,Colombo,6.9271,79.8612,Open-Meteo Historical API (ERA5 reanalysis)
2024-12-21,2024,12,Dec,21,7.0,Colombo,6.9271,79.8612,Open-Meteo Historical API (ERA5 reanalysis)
2024-12-22,2024,12,Dec,22,5.2,Colombo,6.9271,79.8612,Open-Meteo Historical API (ERA5 reanalysis)
2024-12-23,2024,12,Dec,23,0.0,Colombo,6.9271,79.8612,Open-Meteo Historical API (ERA5 reanalysis)
2024-12-24,2024,12,Dec,24,0.0,Colombo,6.9271,79.8612,Open-Meteo Historical API (ERA5 reanalysis)
2024-12-25,2024,12,Dec,25,0.0,Colombo,6.9271,79.8612,Open-Meteo Historical API (ERA5 reanalysis)
2024-12-26,2024,12,Dec,26,0.5,Colombo,6.9271,79.8612,Open-Meteo Historical API (ERA5 reanalysis)
2024-12-27,2024,12,Dec,27,9.6,Colombo,6.9271,79.8612,Open-Meteo Historical API (ERA5 reanalysis)
2024-12-28,2024,12,Dec,28,1.8,Colombo,6.9271,79.8612,Open-Meteo Historical API (ERA5 reanalysis)
2024-12-29,2024,12,Dec,29,4.6,Colombo,6.9271,79.8612,Open-Meteo Historical API (ERA5 reanalysis)
2024-12-30,2024,12,Dec,30,10.9,Colombo,6.9271,79.8612,Open-Meteo Historical API (ERA5 reanalysis)
2024-12-31,2024,12,Dec,31,5.2,Colombo,6.9271,79.8612,Open-Meteo Historical API (ERA5 reanalysis)
2025-01-01,2025,1,Jan,1,23.8,Colombo,6.9271,79.8612,Open-Meteo Historical API (ERA5 reanalysis)
2025-01-02,2025,1,Jan,2,4.1,Colombo,6.9271,79.8612,Open-Meteo Historical API (ERA5 reanalysis)
2025-01-03,2025,1,Jan,3,0.2,Colombo,6.9271,79.8612,Open-Meteo Historical API (ERA5 reanalysis)
2025-01-04,2025,1,Jan,4,2.7,Colombo,6.9271,79.8612,Open-Meteo Historical API (ERA5 reanalysis)
2025-01-05,2025,1,Jan,5,0.8,Colombo,6.9271,79.8612,Open-Meteo Historical API (ERA5 reanalysis)
2025-01-06,2025,1,Jan,6,0.0,Colombo,6.9271,79.8612,Open-Meteo Historical API (ERA5 reanalysis)
2025-01-07,2025,1,Jan,7,0.0,Colombo,6.9271,79.8612,Open-Meteo Historical API (ERA5 reanalysis)
2025-01-08,2025,1,Jan,8,0.2,Colombo,6.9271,79.8612,Open-Meteo Historical API (ERA5 reanalysis)
2025-01-09,2025,1,Jan,9,2.5,Colombo,6.9271,79.8612,Open-Meteo Historical API (ERA5 reanalysis)
2025-01-10,2025,1,Jan,10,5.6,Colombo,6.9271,79.8612,Open-Meteo Historical API (ERA5 reanalysis)
2025-01-11,2025,1,Jan,11,1.6,Colombo,6.9271,79.8612,Open-Meteo Historical API (ERA5 reanalysis)
2025-01-12,2025,1,Jan,12,25.2,Colombo,6.9271,79.8612,Open-Meteo Historical API (ERA5 reanalysis)
2025-01-13,2025,1,Jan,13,16.6,Colombo,6.9271,79.8612,Open-Meteo Historical API (ERA5 reanalysis)
2025-01-14,2025,1,Jan,14,18.8,Colombo,6.9271,79.8612,Open-Meteo Historical API (ERA5 reanalysis)
2025-01-15,2025,1,Jan,15,9.3,Colombo,6.9271,79.8612,Open-Meteo Historical API (ERA5 reanalysis)
2025-01-16,2025,1,Jan,16,3.6,Colombo,6.9271,79.8612,Open-Meteo Historical API (ERA5 reanalysis)
2025-01-17,2025,1,Jan,17,0.0,Colombo,6.9271,79.8612,Open-Meteo Historical API (ERA5 reanalysis)
2025-01-18,2025,1,Jan,18,27.5,Colombo,6.9271,79.8612,Open-Meteo Historical API (ERA5 reanalysis)
2025-01-19,2025,1,Jan,19,40.1,Colombo,6.9271,79.8612,Open-Meteo Historical API (ERA5 reanalysis)
2025-01-20,2025,1,Jan,20,10.1,Colombo,6.9271,79.8612,Open-Meteo Historical API (ERA5 reanalysis)
2025-01-21,2025,1,Jan,21,8.2,Colombo,6.9271,79.8612,Open-Meteo Historical API (ERA5 reanalysis)
2025-01-22,2025,1,Jan,22,10.1,Colombo,6.9271,79.8612,Open-Meteo Historical API (ERA5 reanalysis)
2025-01-23,2025,1,Jan,23,25.1,Colombo,6.9271,79.8612,Open-Meteo Historical API (ERA5 reanalysis)
2025-01-24,2025,1,Jan,24,5.3,Colombo,6.9271,79.8612,Open-Meteo Historical API (ERA5 reanalysis)
2025-01-25,2025,1,Jan,25,0.7,Colombo,6.9271,79.8612,Open-Meteo Historical API (ERA5 reanalysis)
2025-01-26,2025,1,Jan,26,2.9,Colombo,6.9271,79.8612,Open-Meteo Historical API (ERA5 reanalysis)
2025-01-27,2025,1,Jan,27,0.0,Colombo,6.9271,79.8612,Open-Meteo Historical API (ERA5 reanalysis)
2025-01-28,2025,1,Jan,28,1.4,Colombo,6.9271,79.8612,Open-Meteo Historical API (ERA5 reanalysis)
2025-01-29,2025,1,Jan,29,18.8,Colombo,6.9271,79.8612,Open-Meteo Historical API (ERA5 reanalysis)
2025-01-30,2025,1,Jan,30,8.9,Colombo,6.9271,79.8612,Open-Meteo Historical API (ERA5 reanalysis)
2025-01-31,2025,1,Jan,31,4.5,Colombo,6.9271,79.8612,Open-Meteo Historical API (ERA5 reanalysis)
2025-02-01,2025,2,Feb,1,1.5,Colombo,6.9271,79.8612,Open-Meteo Historical API (ERA5 reanalysis)
2025-02-02,2025,2,Feb,2,0.0,Colombo,6.9271,79.8612,Open-Meteo Historical API (ERA5 reanalysis)
2025-02-03,2025,2,Feb,3,0.0,Colombo,6.9271,79.8612,Open-Meteo Historical API (ERA5 reanalysis)
2025-02-04,2025,2,Feb,4,0.0,Colombo,6.9271,79.8612,Open-Meteo Historical API (ERA5 reanalysis)
2025-02-05,2025,2,Feb,5,0.5,Colombo,6.9271,79.8612,Open-Meteo Historical API (ERA5 reanalysis)
2025-02-06,2025,2,Feb,6,0.3,Colombo,6.9271,79.8612,Open-Meteo Historical API (ERA5 reanalysis)
2025-02-07,2025,2,Feb,7,0.0,Colombo,6.9271,79.8612,Open-Meteo Historical API (ERA5 reanalysis)
2025-02-08,2025,2,Feb,8,0.0,Colombo,6.9271,79.8612,Open-Meteo Historical API (ERA5 reanalysis)
2025-02-09,2025,2,Feb,9,0.0,Colombo,6.9271,79.8612,Open-Meteo Historical API (ERA5 reanalysis)
2025-02-10,2025,2,Feb,10,0.0,Colombo,6.9271,79.8612,Open-Meteo Historical API (ERA5 reanalysis)
2025-02-11,2025,2,Feb,11,1.0,Colombo,6.9271,79.8612,Open-Meteo Historical API (ERA5 reanalysis)
2025-02-12,2025,2,Feb,12,0.4,Colombo,6.9271,79.8612,Open-Meteo Historical API (ERA5 reanalysis)
2025-02-13,2025,2,Feb,13,0.1,Colombo,6.9271,79.8612,Open-Meteo Historical API (ERA5 reanalysis)
2025-02-14,2025,2,Feb,14,0.4,Colombo,6.9271,79.8612,Open-Meteo Historical API (ERA5 reanalysis)
2025-02-15,2025,2,Feb,15,0.0,Colombo,6.9271,79.8612,Open-Meteo Historical API (ERA5 reanalysis)
2025-02-16,2025,2,Feb,16,0.0,Colombo,6.9271,79.8612,Open-Meteo Historical API (ERA5 reanalysis)
2025-02-17,2025,2,Feb,17,1.1,Colombo,6.9271,79.8612,Open-Meteo Historical API (ERA5 reanalysis)
2025-02-18,2025,2,Feb,18,0.6,Colombo,6.9271,79.8612,Open-Meteo Historical API (ERA5 reanalysis)
2025-02-19,2025,2,Feb,19,1.1,Colombo,6.9271,79.8612,Open-Meteo Historical API (ERA5 reanalysis)
2025-02-20,2025,2,Feb,20,0.0,Colombo,6.9271,79.8612,Open-Meteo Historical API (ERA5 reanalysis)
2025-02-21,2025,2,Feb,21,0.8,Colombo,6.9271,79.8612,Open-Meteo Historical API (ERA5 reanalysis)
2025-02-22,2025,2,Feb,22,0.4,Colombo,6.9271,79.8612,Open-Meteo Historical API (ERA5 reanalysis)
2025-02-23,2025,2,Feb,23,1.4,Colombo,6.9271,79.8612,Open-Meteo Historical API (ERA5 reanalysis)
2025-02-24,2025,2,Feb,24,3.6,Colombo,6.9271,79.8612,Open-Meteo Historical API (ERA5 reanalysis)
2025-02-25,2025,2,Feb,25,6.1,Colombo,6.9271,79.8612,Open-Meteo Historical API (ERA5 reanalysis)
2025-02-26,2025,2,Feb,26,6.4,Colombo,6.9271,79.8612,Open-Meteo Historical API (ERA5 reanalysis)
2025-02-27,2025,2,Feb,27,9.3,Colombo,6.9271,79.8612,Open-Meteo Historical API (ERA5 reanalysis)
2025-02-28,2025,2,Feb,28,14.0,Colombo,6.9271,79.8612,Open-Meteo Historical API (ERA5 reanalysis)
2025-03-01,2025,3,Mar,1,39.1,Colombo,6.9271,79.8612,Open-Meteo Historical API (ERA5 reanalysis)
2025-03-02,2025,3,Mar,2,14.4,Colombo,6.9271,79.8612,Open-Meteo Historical API (ERA5 reanalysis)
2025-03-03,2025,3,Mar,3,5.7,Colombo,6.9271,79.8612,Open-Meteo Historical API (ERA5 reanalysis)
2025-03-04,2025,3,Mar,4,0.0,Colombo,6.9271,79.8612,Open-Meteo Historical API (ERA5 reanalysis)
2025-03-05,2025,3,Mar,5,1.1,Colombo,6.9271,79.8612,Open-Meteo Historical API (ERA5 reanalysis)
2025-03-06,2025,3,Mar,6,0.0,Colombo,6.9271,79.8612,Open-Meteo Historical API (ERA5 reanalysis)
2025-03-07,2025,3,Mar,7,1.2,Colombo,6.9271,79.8612,Open-Meteo Historical API (ERA5 reanalysis)
2025-03-08,2025,3,Mar,8,0.0,Colombo,6.9271,79.8612,Open-Meteo Historical API (ERA5 reanalysis)
2025-03-09,2025,3,Mar,9,0.1,Colombo,6.9271,79.8612,Open-Meteo Historical API (ERA5 reanalysis)
2025-03-10,2025,3,Mar,10,0.0,Colombo,6.9271,79.8612,Open-Meteo Historical API (ERA5 reanalysis)
2025-03-11,2025,3,Mar,11,12.4,Colombo,6.9271,79.8612,Open-Meteo Historical API (ERA5 reanalysis)
2025-03-12,2025,3,Mar,12,0.5,Colombo,6.9271,79.8612,Open-Meteo Historical API (ERA5 reanalysis)
2025-03-13,2025,3,Mar,13,2.3,Colombo,6.9271,79.8612,Open-Meteo Historical API (ERA5 reanalysis)
2025-03-14,2025,3,Mar,14,3.3,Colombo,6.9271,79.8612,Open-Meteo Historical API (ERA5 reanalysis)
2025-03-15,2025,3,Mar,15,15.3,Colombo,6.9271,79.8612,Open-Meteo Historical API (ERA5 reanalysis)
2025-03-16,2025,3,Mar,16,1.3,Colombo,6.9271,79.8612,Open-Meteo Historical API (ERA5 reanalysis)
2025-03-17,2025,3,Mar,17,0.6,Colombo,6.9271,79.8612,Open-Meteo Historical API (ERA5 reanalysis)
2025-03-18,2025,3,Mar,18,1.3,Colombo,6.9271,79.8612,Open-Meteo Historical API (ERA5 reanalysis)
2025-03-19,2025,3,Mar,19,7.5,Colombo,6.9271,79.8612,Open-Meteo Historical API (ERA5 reanalysis)
2025-03-20,2025,3,Mar,20,0.2,Colombo,6.9271,79.8612,Open-Meteo Historical API (ERA5 reanalysis)
2025-03-21,2025,3,Mar,21,2.7,Colombo,6.9271,79.8612,Open-Meteo Historical API (ERA5 reanalysis)
2025-03-22,2025,3,Mar,22,0.8,Colombo,6.9271,79.8612,Open-Meteo Historical API (ERA5 reanalysis)
2025-03-23,2025,3,Mar,23,1.9,Colombo,6.9271,79.8612,Open-Meteo Historical API (ERA5 reanalysis)
2025-03-24,2025,3,Mar,24,3.7,Colombo,6.9271,79.8612,Open-Meteo Historical API (ERA5 reanalysis)
2025-03-25,2025,3,Mar,25,0.8,Colombo,6.9271,79.8612,Open-Meteo Historical API (ERA5 reanalysis)
2025-03-26,2025,3,Mar,26,4.0,Colombo,6.9271,79.8612,Open-Meteo Historical API (ERA5 reanalysis)
2025-03-27,2025,3,Mar,27,0.1,Colombo,6.9271,79.8612,Open-Meteo Historical API (ERA5 reanalysis)
2025-03-28,2025,3,Mar,28,1.3,Colombo,6.9271,79.8612,Open-Meteo Historical API (ERA5 reanalysis)
2025-03-29,2025,3,Mar,29,0.3,Colombo,6.9271,79.8612,Open-Meteo Historical API (ERA5 reanalysis)
2025-03-30,2025,3,Mar,30,1.1,Colombo,6.9271,79.8612,Open-Meteo Historical API (ERA5 reanalysis)
2025-03-31,2025,3,Mar,31,1.6,Colombo,6.9271,79.8612,Open-Meteo Historical API (ERA5 reanalysis)
2025-04-01,2025,4,Apr,1,0.9,Colombo,6.9271,79.8612,Open-Meteo Historical API (ERA5 reanalysis)
2025-04-02,2025,4,Apr,2,11.4,Colombo,6.9271,79.8612,Open-Meteo Historical API (ERA5 reanalysis)
2025-04-03,2025,4,Apr,3,4.3,Colombo,6.9271,79.8612,Open-Meteo Historical API (ERA5 reanalysis)
2025-04-04,2025,4,Apr,4,7.6,Colombo,6.9271,79.8612,Open-Meteo Historical API (ERA5 reanalysis)
2025-04-05,2025,4,Apr,5,19.8,Colombo,6.9271,79.8612,Open-Meteo Historical API (ERA5 reanalysis)
2025-04-06,2025,4,Apr,6,8.0,Colombo,6.9271,79.8612,Open-Meteo Historical API (ERA5 reanalysis)
2025-04-07,2025,4,Apr,7,3.0,Colombo,6.9271,79.8612,Open-Meteo Historical API (ERA5 reanalysis)
2025-04-08,2025,4,Apr,8,1.7,Colombo,6.9271,79.8612,Open-Meteo Historical API (ERA5 reanalysis)
2025-04-09,2025,4,Apr,9,6.9,Colombo,6.9271,79.8612,Open-Meteo Historical API (ERA5 reanalysis)
2025-04-10,2025,4,Apr,10,15.6,Colombo,6.9271,79.8612,Open-Meteo Historical API (ERA5 reanalysis)
2025-04-11,2025,4,Apr,11,17.9,Colombo,6.9271,79.8612,Open-Meteo Historical API (ERA5 reanalysis)
2025-04-12,2025,4,Apr,12,5.5,Colombo,6.9271,79.8612,Open-Meteo Historical API (ERA5 reanalysis)
2025-04-13,2025,4,Apr,13,4.6,Colombo,6.9271,79.8612,Open-Meteo Historical API (ERA5 reanalysis)
2025-04-14,2025,4,Apr,14,2.0,Colombo,6.9271,79.8612,Open-Meteo Historical API (ERA5 reanalysis)
2025-04-15,2025,4,Apr,15,2.0,Colombo,6.9271,79.8612,Open-Meteo Historical API (ERA5 reanalysis)
2025-04-16,2025,4,Apr,16,0.2,Colombo,6.9271,79.8612,Open-Meteo Historical API (ERA5 reanalysis)
2025-04-17,2025,4,Apr,17,0.7,Colombo,6.9271,79.8612,Open-Meteo Historical API (ERA5 reanalysis)
2025-04-18,2025,4,Apr,18,0.4,Colombo,6.9271,79.8612,Open-Meteo Historical API (ERA5 reanalysis)
2025-04-19,2025,4,Apr,19,3.7,Colombo,6.9271,79.8612,Open-Meteo Historical API (ERA5 reanalysis)
2025-04-20,2025,4,Apr,20,4.7,Colombo,6.9271,79.8612,Open-Meteo Historical API (ERA5 reanalysis)
2025-04-21,2025,4,Apr,21,2.3,Colombo,6.9271,79.8612,Open-Meteo Historical API (ERA5 reanalysis)
2025-04-22,2025,4,Apr,22,3.0,Colombo,6.9271,79.8612,Open-Meteo Historical API (ERA5 reanalysis)
2025-04-23,2025,4,Apr,23,2.5,Colombo,6.9271,79.8612,Open-Meteo Historical API (ERA5 reanalysis)
2025-04-24,2025,4,Apr,24,3.3,Colombo,6.9271,79.8612,Open-Meteo Historical API (ERA5 reanalysis)
2025-04-25,2025,4,Apr,25,7.9,Colombo,6.9271,79.8612,Open-Meteo Historical API (ERA5 reanalysis)
2025-04-26,2025,4,Apr,26,1.4,Colombo,6.9271,79.8612,Open-Meteo Historical API (ERA5 reanalysis)
2025-04-27,2025,4,Apr,27,7.0,Colombo,6.9271,79.8612,Open-Meteo Historical API (ERA5 reanalysis)
2025-04-28,2025,4,Apr,28,3.9,Colombo,6.9271,79.8612,Open-Meteo Historical API (ERA5 reanalysis)
2025-04-29,2025,4,Apr,29,10.6,Colombo,6.9271,79.8612,Open-Meteo Historical API (ERA5 reanalysis)
2025-04-30,2025,4,Apr,30,14.2,Colombo,6.9271,79.8612,Open-Meteo Historical API (ERA5 reanalysis)
2025-05-01,2025,5,May,1,1.5,Colombo,6.9271,79.8612,Open-Meteo Historical API (ERA5 reanalysis)
2025-05-02,2025,5,May,2,3.7,Colombo,6.9271,79.8612,Open-Meteo Historical API (ERA5 reanalysis)
2025-05-03,2025,5,May,3,10.6,Colombo,6.9271,79.8612,Open-Meteo Historical API (ERA5 reanalysis)
2025-05-04,2025,5,May,4,2.0,Colombo,6.9271,79.8612,Open-Meteo Historical API (ERA5 reanalysis)
2025-05-05,2025,5,May,5,1.9,Colombo,6.9271,79.8612,Open-Meteo Historical API (ERA5 reanalysis)
2025-05-06,2025,5,May,6,1.6,Colombo,6.9271,79.8612,Open-Meteo Historical API (ERA5 reanalysis)
2025-05-07,2025,5,May,7,20.3,Colombo,6.9271,79.8612,Open-Meteo Historical API (ERA5 reanalysis)
2025-05-08,2025,5,May,8,4.1,Colombo,6.9271,79.8612,Open-Meteo Historical API (ERA5 reanalysis)
2025-05-09,2025,5,May,9,0.3,Colombo,6.9271,79.8612,Open-Meteo Historical API (ERA5 reanalysis)
2025-05-10,2025,5,May,10,1.7,Colombo,6.9271,79.8612,Open-Meteo Historical API (ERA5 reanalysis)
2025-05-11,2025,5,May,11,1.2,Colombo,6.9271,79.8612,Open-Meteo Historical API (ERA5 reanalysis)
2025-05-12,2025,5,May,12,4.6,Colombo,6.9271,79.8612,Open-Meteo Historical API (ERA5 reanalysis)
2025-05-13,2025,5,May,13,7.9,Colombo,6.9271,79.8612,Open-Meteo Historical API (ERA5 reanalysis)
2025-05-14,2025,5,May,14,10.8,Colombo,6.9271,79.8612,Open-Meteo Historical API (ERA5 reanalysis)
2025-05-15,2025,5,May,15,2.6,Colombo,6.9271,79.8612,Open-Meteo Historical API (ERA5 reanalysis)
2025-05-16,2025,5,May,16,7.0,Colombo,6.9271,79.8612,Open-Meteo Historical API (ERA5 reanalysis)
2025-05-17,2025,5,May,17,8.3,Colombo,6.9271,79.8612,Open-Meteo Historical API (ERA5 reanalysis)
2025-05-18,2025,5,May,18,13.7,Colombo,6.9271,79.8612,Open-Meteo Historical API (ERA5 reanalysis)
2025-05-19,2025,5,May,19,18.4,Colombo,6.9271,79.8612,Open-Meteo Historical API (ERA5 reanalysis)
2025-05-20,2025,5,May,20,10.0,Colombo,6.9271,79.8612,Open-Meteo Historical API (ERA5 reanalysis)
2025-05-21,2025,5,May,21,8.5,Colombo,6.9271,79.8612,Open-Meteo Historical API (ERA5 reanalysis)
2025-05-22,2025,5,May,22,18.9,Colombo,6.9271,79.8612,Open-Meteo Historical API (ERA5 reanalysis)
2025-05-23,2025,5,May,23,7.7,Colombo,6.9271,79.8612,Open-Meteo Historical API (ERA5 reanalysis)
2025-05-24,2025,5,May,24,33.1,Colombo,6.9271,79.8612,Open-Meteo Historical API (ERA5 reanalysis)
2025-05-25,2025,5,May,25,5.8,Colombo,6.9271,79.8612,Open-Meteo Historical API (ERA5 reanalysis)
2025-05-26,2025,5,May,26,13.3,Colombo,6.9271,79.8612,Open-Meteo Historical API (ERA5 reanalysis)
2025-05-27,2025,5,May,27,7.4,Colombo,6.9271,79.8612,Open-Meteo Historical API (ERA5 reanalysis)
2025-05-28,2025,5,May,28,3.4,Colombo,6.9271,79.8612,Open-Meteo Historical API (ERA5 reanalysis)
2025-05-29,2025,5,May,29,11.9,Colombo,6.9271,79.8612,Open-Meteo Historical API (ERA5 reanalysis)
2025-05-30,2025,5,May,30,17.7,Colombo,6.9271,79.8612,Open-Meteo Historical API (ERA5 reanalysis)
2025-05-31,2025,5,May,31,14.3,Colombo,6.9271,79.8612,Open-Meteo Historical API (ERA5 reanalysis)
2025-06-01,2025,6,Jun,1,3.9,Colombo,6.9271,79.8612,Open-Meteo Historical API (ERA5 reanalysis)
2025-06-02,2025,6,Jun,2,7.3,Colombo,6.9271,79.8612,Open-Meteo Historical API (ERA5 reanalysis)
2025-06-03,2025,6,Jun,3,2.9,Colombo,6.9271,79.8612,Open-Meteo Historical API (ERA5 reanalysis)
2025-06-04,2025,6,Jun,4,6.9,Colombo,6.9271,79.8612,Open-Meteo Historical API (ERA5 reanalysis)
2025-06-05,2025,6,Jun,5,4.8,Colombo,6.9271,79.8612,Open-Meteo Historical API (ERA5 reanalysis)
2025-06-06,2025,6,Jun,6,3.3,Colombo,6.9271,79.8612,Open-Meteo Historical API (ERA5 reanalysis)
2025-06-07,2025,6,Jun,7,2.0,Colombo,6.9271,79.8612,Open-Meteo Historical API (ERA5 reanalysis)
2025-06-08,2025,6,Jun,8,1.5,Colombo,6.9271,79.8612,Open-Meteo Historical API (ERA5 reanalysis)
2025-06-09,2025,6,Jun,9,2.8,Colombo,6.9271,79.8612,Open-Meteo Historical API (ERA5 reanalysis)
2025-06-10,2025,6,Jun,10,21.1,Colombo,6.9271,79.8612,Open-Meteo Historical API (ERA5 reanalysis)
2025-06-11,2025,6,Jun,11,40.7,Colombo,6.9271,79.8612,Open-Meteo Historical API (ERA5 reanalysis)
2025-06-12,2025,6,Jun,12,13.3,Colombo,6.9271,79.8612,Open-Meteo Historical API (ERA5 reanalysis)
2025-06-13,2025,6,Jun,13,24.5,Colombo,6.9271,79.8612,Open-Meteo Historical API (ERA5 reanalysis)
2025-06-14,2025,6,Jun,14,29.8,Colombo,6.9271,79.8612,Open-Meteo Historical API (ERA5 reanalysis)
2025-06-15,2025,6,Jun,15,16.5,Colombo,6.9271,79.8612,Open-Meteo Historical API (ERA5 reanalysis)
2025-06-16,2025,6,Jun,16,27.1,Colombo,6.9271,79.8612,Open-Meteo Historical API (ERA5 reanalysis)
2025-06-17,2025,6,Jun,17,10.0,Colombo,6.9271,79.8612,Open-Meteo Historical API (ERA5 reanalysis)
2025-06-18,2025,6,Jun,18,1.3,Colombo,6.9271,79.8612,Open-Meteo Historical API (ERA5 reanalysis)
2025-06-19,2025,6,Jun,19,3.2,Colombo,6.9271,79.8612,Open-Meteo Historical API (ERA5 reanalysis)
2025-06-20,2025,6,Jun,20,5.9,Colombo,6.9271,79.8612,Open-Meteo Historical API (ERA5 reanalysis)
2025-06-21,2025,6,Jun,21,6.0,Colombo,6.9271,79.8612,Open-Meteo Historical API (ERA5 reanalysis)
2025-06-22,2025,6,Jun,22,5.1,Colombo,6.9271,79.8612,Open-Meteo Historical API (ERA5 reanalysis)
2025-06-23,2025,6,Jun,23,4.8,Colombo,6.9271,79.8612,Open-Meteo Historical API (ERA5 reanalysis)
2025-06-24,2025,6,Jun,24,2.8,Colombo,6.9271,79.8612,Open-Meteo Historical API (ERA5 reanalysis)
2025-06-25,2025,6,Jun,25,6.8,Colombo,6.9271,79.8612,Open-Meteo Historical API (ERA5 reanalysis)
2025-06-26,2025,6,Jun,26,20.7,Colombo,6.9271,79.8612,Open-Meteo Historical API (ERA5 reanalysis)
2025-06-27,2025,6,Jun,27,7.2,Colombo,6.9271,79.8612,Open-Meteo Historical API (ERA5 reanalysis)
2025-06-28,2025,6,Jun,28,14.2,Colombo,6.9271,79.8612,Open-Meteo Historical API (ERA5 reanalysis)
2025-06-29,2025,6,Jun,29,6.0,Colombo,6.9271,79.8612,Open-Meteo Historical API (ERA5 reanalysis)
2025-06-30,2025,6,Jun,30,0.8,Colombo,6.9271,79.8612,Open-Meteo Historical API (ERA5 reanalysis)
2025-07-01,2025,7,Jul,1,2.0,Colombo,6.9271,79.8612,Open-Meteo Historical API (ERA5 reanalysis)
2025-07-02,2025,7,Jul,2,1.9,Colombo,6.9271,79.8612,Open-Meteo Historical API (ERA5 reanalysis)
2025-07-03,2025,7,Jul,3,10.8,Colombo,6.9271,79.8612,Open-Meteo Historical API (ERA5 reanalysis)
2025-07-04,2025,7,Jul,4,1.2,Colombo,6.9271,79.8612,Open-Meteo Historical API (ERA5 reanalysis)
2025-07-05,2025,7,Jul,5,2.1,Colombo,6.9271,79.8612,Open-Meteo Historical API (ERA5 reanalysis)
2025-07-06,2025,7,Jul,6,5.5,Colombo,6.9271,79.8612,Open-Meteo Historical API (ERA5 reanalysis)
2025-07-07,2025,7,Jul,7,1.4,Colombo,6.9271,79.8612,Open-Meteo Historical API (ERA5 reanalysis)
2025-07-08,2025,7,Jul,8,0.4,Colombo,6.9271,79.8612,Open-Meteo Historical API (ERA5 reanalysis)
2025-07-09,2025,7,Jul,9,3.5,Colombo,6.9271,79.8612,Open-Meteo Historical API (ERA5 reanalysis)
2025-07-10,2025,7,Jul,10,4.1,Colombo,6.9271,79.8612,Open-Meteo Historical API (ERA5 reanalysis)
2025-07-11,2025,7,Jul,11,2.1,Colombo,6.9271,79.8612,Open-Meteo Historical API (ERA5 reanalysis)
2025-07-12,2025,7,Jul,12,6.1,Colombo,6.9271,79.8612,Open-Meteo Historical API (ERA5 reanalysis)
2025-07-13,2025,7,Jul,13,12.4,Colombo,6.9271,79.8612,Open-Meteo Historical API (ERA5 reanalysis)
2025-07-14,2025,7,Jul,14,24.3,Colombo,6.9271,79.8612,Open-Meteo Historical API (ERA5 reanalysis)
2025-07-15,2025,7,Jul,15,2.5,Colombo,6.9271,79.8612,Open-Meteo Historical API (ERA5 reanalysis)
2025-07-16,2025,7,Jul,16,44.3,Colombo,6.9271,79.8612,Open-Meteo Historical API (ERA5 reanalysis)
2025-07-17,2025,7,Jul,17,3.6,Colombo,6.9271,79.8612,Open-Meteo Historical API (ERA5 reanalysis)
2025-07-18,2025,7,Jul,18,9.4,Colombo,6.9271,79.8612,Open-Meteo Historical API (ERA5 reanalysis)
2025-07-19,2025,7,Jul,19,11.7,Colombo,6.9271,79.8612,Open-Meteo Historical API (ERA5 reanalysis)
2025-07-20,2025,7,Jul,20,14.3,Colombo,6.9271,79.8612,Open-Meteo Historical API (ERA5 reanalysis)
2025-07-21,2025,7,Jul,21,22.4,Colombo,6.9271,79.8612,Open-Meteo Historical API (ERA5 reanalysis)
2025-07-22,2025,7,Jul,22,19.3,Colombo,6.9271,79.8612,Open-Meteo Historical API (ERA5 reanalysis)
2025-07-23,2025,7,Jul,23,10.8,Colombo,6.9271,79.8612,Open-Meteo Historical API (ERA5 reanalysis)
2025-07-24,2025,7,Jul,24,12.7,Colombo,6.9271,79.8612,Open-Meteo Historical API (ERA5 reanalysis)
2025-07-25,2025,7,Jul,25,4.1,Colombo,6.9271,79.8612,Open-Meteo Historical API (ERA5 reanalysis)
2025-07-26,2025,7,Jul,26,25.9,Colombo,6.9271,79.8612,Open-Meteo Historical API (ERA5 reanalysis)
2025-07-27,2025,7,Jul,27,0.3,Colombo,6.9271,79.8612,Open-Meteo Historical API (ERA5 reanalysis)
2025-07-28,2025,7,Jul,28,0.6,Colombo,6.9271,79.8612,Open-Meteo Historical API (ERA5 reanalysis)
2025-07-29,2025,7,Jul,29,0.1,Colombo,6.9271,79.8612,Open-Meteo Historical API (ERA5 reanalysis)
2025-07-30,2025,7,Jul,30,0.0,Colombo,6.9271,79.8612,Open-Meteo Historical API (ERA5 reanalysis)
2025-07-31,2025,7,Jul,31,2.3,Colombo,6.9271,79.8612,Open-Meteo Historical API (ERA5 reanalysis)
2025-08-01,2025,8,Aug,1,6.8,Colombo,6.9271,79.8612,Open-Meteo Historical API (ERA5 reanalysis)
2025-08-02,2025,8,Aug,2,6.6,Colombo,6.9271,79.8612,Open-Meteo Historical API (ERA5 reanalysis)
2025-08-03,2025,8,Aug,3,16.8,Colombo,6.9271,79.8612,Open-Meteo Historical API (ERA5 reanalysis)
2025-08-04,2025,8,Aug,4,3.3,Colombo,6.9271,79.8612,Open-Meteo Historical API (ERA5 reanalysis)
2025-08-05,2025,8,Aug,5,9.4,Colombo,6.9271,79.8612,Open-Meteo Historical API (ERA5 reanalysis)
2025-08-06,2025,8,Aug,6,1.2,Colombo,6.9271,79.8612,Open-Meteo Historical API (ERA5 reanalysis)
2025-08-07,2025,8,Aug,7,3.3,Colombo,6.9271,79.8612,Open-Meteo Historical API (ERA5 reanalysis)
2025-08-08,2025,8,Aug,8,2.6,Colombo,6.9271,79.8612,Open-Meteo Historical API (ERA5 reanalysis)
2025-08-09,2025,8,Aug,9,0.7,Colombo,6.9271,79.8612,Open-Meteo Historical API (ERA5 reanalysis)
2025-08-10,2025,8,Aug,10,3.1,Colombo,6.9271,79.8612,Open-Meteo Historical API (ERA5 reanalysis)
2025-08-11,2025,8,Aug,11,8.8,Colombo,6.9271,79.8612,Open-Meteo Historical API (ERA5 reanalysis)
2025-08-12,2025,8,Aug,12,5.1,Colombo,6.9271,79.8612,Open-Meteo Historical API (ERA5 reanalysis)
2025-08-13,2025,8,Aug,13,4.9,Colombo,6.9271,79.8612,Open-Meteo Historical API (ERA5 reanalysis)
2025-08-14,2025,8,Aug,14,5.9,Colombo,6.9271,79.8612,Open-Meteo Historical API (ERA5 reanalysis)
2025-08-15,2025,8,Aug,15,3.5,Colombo,6.9271,79.8612,Open-Meteo Historical API (ERA5 reanalysis)
2025-08-16,2025,8,Aug,16,5.2,Colombo,6.9271,79.8612,Open-Meteo Historical API (ERA5 reanalysis)
2025-08-17,2025,8,Aug,17,8.7,Colombo,6.9271,79.8612,Open-Meteo Historical API (ERA5 reanalysis)
2025-08-18,2025,8,Aug,18,3.0,Colombo,6.9271,79.8612,Open-Meteo Historical API (ERA5 reanalysis)
2025-08-19,2025,8,Aug,19,0.1,Colombo,6.9271,79.8612,Open-Meteo Historical API (ERA5 reanalysis)
2025-08-20,2025,8,Aug,20,0.5,Colombo,6.9271,79.8612,Open-Meteo Historical API (ERA5 reanalysis)
2025-08-21,2025,8,Aug,21,0.1,Colombo,6.9271,79.8612,Open-Meteo Historical API (ERA5 reanalysis)
2025-08-22,2025,8,Aug,22,2.9,Colombo,6.9271,79.8612,Open-Meteo Historical API (ERA5 reanalysis)
2025-08-23,2025,8,Aug,23,5.7,Colombo,6.9271,79.8612,Open-Meteo Historical API (ERA5 reanalysis)
2025-08-24,2025,8,Aug,24,0.6,Colombo,6.9271,79.8612,Open-Meteo Historical API (ERA5 reanalysis)
2025-08-25,2025,8,Aug,25,0.3,Colombo,6.9271,79.8612,Open-Meteo Historical API (ERA5 reanalysis)
2025-08-26,2025,8,Aug,26,2.4,Colombo,6.9271,79.8612,Open-Meteo Historical API (ERA5 reanalysis)
2025-08-27,2025,8,Aug,27,3.1,Colombo,6.9271,79.8612,Open-Meteo Historical API (ERA5 reanalysis)
2025-08-28,2025,8,Aug,28,9.7,Colombo,6.9271,79.8612,Open-Meteo Historical API (ERA5 reanalysis)
2025-08-29,2025,8,Aug,29,21.3,Colombo,6.9271,79.8612,Open-Meteo Historical API (ERA5 reanalysis)
2025-08-30,2025,8,Aug,30,18.6,Colombo,6.9271,79.8612,Open-Meteo Historical API (ERA5 reanalysis)
2025-08-31,2025,8,Aug,31,8.4,Colombo,6.9271,79.8612,Open-Meteo Historical API (ERA5 reanalysis)
2025-09-01,2025,9,Sep,1,8.3,Colombo,6.9271,79.8612,Open-Meteo Historical API (ERA5 reanalysis)
2025-09-02,2025,9,Sep,2,1.9,Colombo,6.9271,79.8612,Open-Meteo Historical API (ERA5 reanalysis)
2025-09-03,2025,9,Sep,3,6.4,Colombo,6.9271,79.8612,Open-Meteo Historical API (ERA5 reanalysis)
2025-09-04,2025,9,Sep,4,1.9,Colombo,6.9271,79.8612,Open-Meteo Historical API (ERA5 reanalysis)
2025-09-05,2025,9,Sep,5,3.9,Colombo,6.9271,79.8612,Open-Meteo Historical API (ERA5 reanalysis)
2025-09-06,2025,9,Sep,6,4.3,Colombo,6.9271,79.8612,Open-Meteo Historical API (ERA5 reanalysis)
2025-09-07,2025,9,Sep,7,1.4,Colombo,6.9271,79.8612,Open-Meteo Historical API (ERA5 reanalysis)
2025-09-08,2025,9,Sep,8,4.8,Colombo,6.9271,79.8612,Open-Meteo Historical API (ERA5 reanalysis)
2025-09-09,2025,9,Sep,9,2.2,Colombo,6.9271,79.8612,Open-Meteo Historical API (ERA5 reanalysis)
2025-09-10,2025,9,Sep,10,5.2,Colombo,6.9271,79.8612,Open-Meteo Historical API (ERA5 reanalysis)
2025-09-11,2025,9,Sep,11,2.4,Colombo,6.9271,79.8612,Open-Meteo Historical API (ERA5 reanalysis)
2025-09-12,2025,9,Sep,12,1.2,Colombo,6.9271,79.8612,Open-Meteo Historical API (ERA5 reanalysis)
2025-09-13,2025,9,Sep,13,3.4,Colombo,6.9271,79.8612,Open-Meteo Historical API (ERA5 reanalysis)
2025-09-14,2025,9,Sep,14,5.1,Colombo,6.9271,79.8612,Open-Meteo Historical API (ERA5 reanalysis)
2025-09-15,2025,9,Sep,15,2.9,Colombo,6.9271,79.8612,Open-Meteo Historical API (ERA5 reanalysis)
2025-09-16,2025,9,Sep,16,14.5,Colombo,6.9271,79.8612,Open-Meteo Historical API (ERA5 reanalysis)
2025-09-17,2025,9,Sep,17,18.7,Colombo,6.9271,79.8612,Open-Meteo Historical API (ERA5 reanalysis)
2025-09-18,2025,9,Sep,18,19.6,Colombo,6.9271,79.8612,Open-Meteo Historical API (ERA5 reanalysis)
2025-09-19,2025,9,Sep,19,12.6,Colombo,6.9271,79.8612,Open-Meteo Historical API (ERA5 reanalysis)
2025-09-20,2025,9,Sep,20,5.8,Colombo,6.9271,79.8612,Open-Meteo Historical API (ERA5 reanalysis)
2025-09-21,2025,9,Sep,21,23.4,Colombo,6.9271,79.8612,Open-Meteo Historical API (ERA5 reanalysis)
2025-09-22,2025,9,Sep,22,18.0,Colombo,6.9271,79.8612,Open-Meteo Historical API (ERA5 reanalysis)
2025-09-23,2025,9,Sep,23,7.6,Colombo,6.9271,79.8612,Open-Meteo Historical API (ERA5 reanalysis)
2025-09-24,2025,9,Sep,24,11.9,Colombo,6.9271,79.8612,Open-Meteo Historical API (ERA5 reanalysis)
2025-09-25,2025,9,Sep,25,20.0,Colombo,6.9271,79.8612,Open-Meteo Historical API (ERA5 reanalysis)
2025-09-26,2025,9,Sep,26,27.9,Colombo,6.9271,79.8612,Open-Meteo Historical API (ERA5 reanalysis)
2025-09-27,2025,9,Sep,27,4.4,Colombo,6.9271,79.8612,Open-Meteo Historical API (ERA5 reanalysis)
2025-09-28,2025,9,Sep,28,6.6,Colombo,6.9271,79.8612,Open-Meteo Historical API (ERA5 reanalysis)
2025-09-29,2025,9,Sep,29,2.7,Colombo,6.9271,79.8612,Open-Meteo Historical API (ERA5 reanalysis)
2025-09-30,2025,9,Sep,30,2.5,Colombo,6.9271,79.8612,Open-Meteo Historical API (ERA5 reanalysis)
2025-10-01,2025,10,Oct,1,0.7,Colombo,6.9271,79.8612,Open-Meteo Historical API (ERA5 reanalysis)
2025-10-02,2025,10,Oct,2,1.5,Colombo,6.9271,79.8612,Open-Meteo Historical API (ERA5 reanalysis)
2025-10-03,2025,10,Oct,3,0.2,Colombo,6.9271,79.8612,Open-Meteo Historical API (ERA5 reanalysis)
2025-10-04,2025,10,Oct,4,11.3,Colombo,6.9271,79.8612,Open-Meteo Historical API (ERA5 reanalysis)
2025-10-05,2025,10,Oct,5,1.6,Colombo,6.9271,79.8612,Open-Meteo Historical API (ERA5 reanalysis)
2025-10-06,2025,10,Oct,6,1.2,Colombo,6.9271,79.8612,Open-Meteo Historical API (ERA5 reanalysis)
2025-10-07,2025,10,Oct,7,2.8,Colombo,6.9271,79.8612,Open-Meteo Historical API (ERA5 reanalysis)
2025-10-08,2025,10,Oct,8,0.5,Colombo,6.9271,79.8612,Open-Meteo Historical API (ERA5 reanalysis)
2025-10-09,2025,10,Oct,9,0.0,Colombo,6.9271,79.8612,Open-Meteo Historical API (ERA5 reanalysis)
2025-10-10,2025,10,Oct,10,0.3,Colombo,6.9271,79.8612,Open-Meteo Historical API (ERA5 reanalysis)
2025-10-11,2025,10,Oct,11,1.9,Colombo,6.9271,79.8612,Open-Meteo Historical API (ERA5 reanalysis)
2025-10-12,2025,10,Oct,12,1.1,Colombo,6.9271,79.8612,Open-Meteo Historical API (ERA5 reanalysis)
2025-10-13,2025,10,Oct,13,9.1,Colombo,6.9271,79.8612,Open-Meteo Historical API (ERA5 reanalysis)
2025-10-14,2025,10,Oct,14,2.1,Colombo,6.9271,79.8612,Open-Meteo Historical API (ERA5 reanalysis)
2025-10-15,2025,10,Oct,15,19.7,Colombo,6.9271,79.8612,Open-Meteo Historical API (ERA5 reanalysis)
2025-10-16,2025,10,Oct,16,22.9,Colombo,6.9271,79.8612,Open-Meteo Historical API (ERA5 reanalysis)
2025-10-17,2025,10,Oct,17,16.2,Colombo,6.9271,79.8612,Open-Meteo Historical API (ERA5 reanalysis)
2025-10-18,2025,10,Oct,18,30.8,Colombo,6.9271,79.8612,Open-Meteo Historical API (ERA5 reanalysis)
2025-10-19,2025,10,Oct,19,19.4,Colombo,6.9271,79.8612,Open-Meteo Historical API (ERA5 reanalysis)
2025-10-20,2025,10,Oct,20,24.3,Colombo,6.9271,79.8612,Open-Meteo Historical API (ERA5 reanalysis)
2025-10-21,2025,10,Oct,21,36.5,Colombo,6.9271,79.8612,Open-Meteo Historical API (ERA5 reanalysis)
2025-10-22,2025,10,Oct,22,13.4,Colombo,6.9271,79.8612,Open-Meteo Historical API (ERA5 reanalysis)
2025-10-23,2025,10,Oct,23,10.3,Colombo,6.9271,79.8612,Open-Meteo Historical API (ERA5 reanalysis)
2025-10-24,2025,10,Oct,24,19.1,Colombo,6.9271,79.8612,Open-Meteo Historical API (ERA5 reanalysis)
2025-10-25,2025,10,Oct,25,5.5,Colombo,6.9271,79.8612,Open-Meteo Historical API (ERA5 reanalysis)
2025-10-26,2025,10,Oct,26,0.0,Colombo,6.9271,79.8612,Open-Meteo Historical API (ERA5 reanalysis)
2025-10-27,2025,10,Oct,27,0.4,Colombo,6.9271,79.8612,Open-Meteo Historical API (ERA5 reanalysis)
2025-10-28,2025,10,Oct,28,2.1,Colombo,6.9271,79.8612,Open-Meteo Historical API (ERA5 reanalysis)
2025-10-29,2025,10,Oct,29,1.2,Colombo,6.9271,79.8612,Open-Meteo Historical API (ERA5 reanalysis)
2025-10-30,2025,10,Oct,30,0.3,Colombo,6.9271,79.8612,Open-Meteo Historical API (ERA5 reanalysis)
2025-10-31,2025,10,Oct,31,0.1,Colombo,6.9271,79.8612,Open-Meteo Historical API (ERA5 reanalysis)
2025-11-01,2025,11,Nov,1,0.0,Colombo,6.9271,79.8612,Open-Meteo Historical API (ERA5 reanalysis)
2025-11-02,2025,11,Nov,2,2.0,Colombo,6.9271,79.8612,Open-Meteo Historical API (ERA5 reanalysis)
2025-11-03,2025,11,Nov,3,0.1,Colombo,6.9271,79.8612,Open-Meteo Historical API (ERA5 reanalysis)
2025-11-04,2025,11,Nov,4,0.7,Colombo,6.9271,79.8612,Open-Meteo Historical API (ERA5 reanalysis)
2025-11-05,2025,11,Nov,5,3.8,Colombo,6.9271,79.8612,Open-Meteo Historical API (ERA5 reanalysis)
2025-11-06,2025,11,Nov,6,26.7,Colombo,6.9271,79.8612,Open-Meteo Historical API (ERA5 reanalysis)
2025-11-07,2025,11,Nov,7,7.0,Colombo,6.9271,79.8612,Open-Meteo Historical API (ERA5 reanalysis)
2025-11-08,2025,11,Nov,8,6.0,Colombo,6.9271,79.8612,Open-Meteo Historical API (ERA5 reanalysis)
2025-11-09,2025,11,Nov,9,1.8,Colombo,6.9271,79.8612,Open-Meteo Historical API (ERA5 reanalysis)
2025-11-10,2025,11,Nov,10,7.1,Colombo,6.9271,79.8612,Open-Meteo Historical API (ERA5 reanalysis)
2025-11-11,2025,11,Nov,11,17.1,Colombo,6.9271,79.8612,Open-Meteo Historical API (ERA5 reanalysis)
2025-11-12,2025,11,Nov,12,6.6,Colombo,6.9271,79.8612,Open-Meteo Historical API (ERA5 reanalysis)
2025-11-13,2025,11,Nov,13,4.1,Colombo,6.9271,79.8612,Open-Meteo Historical API (ERA5 reanalysis)
2025-11-14,2025,11,Nov,14,5.8,Colombo,6.9271,79.8612,Open-Meteo Historical API (ERA5 reanalysis)
2025-11-15,2025,11,Nov,15,2.0,Colombo,6.9271,79.8612,Open-Meteo Historical API (ERA5 reanalysis)
2025-11-16,2025,11,Nov,16,0.4,Colombo,6.9271,79.8612,Open-Meteo Historical API (ERA5 reanalysis)
2025-11-17,2025,11,Nov,17,22.9,Colombo,6.9271,79.8612,Open-Meteo Historical API (ERA5 reanalysis)
2025-11-18,2025,11,Nov,18,19.3,Colombo,6.9271,79.8612,Open-Meteo Historical API (ERA5 reanalysis)
2025-11-19,2025,11,Nov,19,1.5,Colombo,6.9271,79.8612,Open-Meteo Historical API (ERA5 reanalysis)
2025-11-20,2025,11,Nov,20,13.0,Colombo,6.9271,79.8612,Open-Meteo Historical API (ERA5 reanalysis)
2025-11-21,2025,11,Nov,21,12.5,Colombo,6.9271,79.8612,Open-Meteo Historical API (ERA5 reanalysis)
2025-11-22,2025,11,Nov,22,11.0,Colombo,6.9271,79.8612,Open-Meteo Historical API (ERA5 reanalysis)
2025-11-23,2025,11,Nov,23,8.4,Colombo,6.9271,79.8612,Open-Meteo Historical API (ERA5 reanalysis)
2025-11-24,2025,11,Nov,24,12.4,Colombo,6.9271,79.8612,Open-Meteo Historical API (ERA5 reanalysis)
2025-11-25,2025,11,Nov,25,12.9,Colombo,6.9271,79.8612,Open-Meteo Historical API (ERA5 reanalysis)
2025-11-26,2025,11,Nov,26,17.6,Colombo,6.9271,79.8612,Open-Meteo Historical API (ERA5 reanalysis)
2025-11-27,2025,11,Nov,27,111.1,Colombo,6.9271,79.8612,Open-Meteo Historical API (ERA5 reanalysis)
2025-11-28,2025,11,Nov,28,217.5,Colombo,6.9271,79.8612,Open-Meteo Historical API (ERA5 reanalysis)
2025-11-29,2025,11,Nov,29,5.0,Colombo,6.9271,79.8612,Open-Meteo Historical API (ERA5 reanalysis)
2025-11-30,2025,11,Nov,30,0.0,Colombo,6.9271,79.8612,Open-Meteo Historical API (ERA5 reanalysis)
2025-12-01,2025,12,Dec,1,0.7,Colombo,6.9271,79.8612,Open-Meteo Historical API (ERA5 reanalysis)
2025-12-02,2025,12,Dec,2,1.4,Colombo,6.9271,79.8612,Open-Meteo Historical API (ERA5 reanalysis)
2025-12-03,2025,12,Dec,3,0.0,Colombo,6.9271,79.8612,Open-Meteo Historical API (ERA5 reanalysis)
2025-12-04,2025,12,Dec,4,4.9,Colombo,6.9271,79.8612,Open-Meteo Historical API (ERA5 reanalysis)
2025-12-05,2025,12,Dec,5,5.9,Colombo,6.9271,79.8612,Open-Meteo Historical API (ERA5 reanalysis)
2025-12-06,2025,12,Dec,6,19.8,Colombo,6.9271,79.8612,Open-Meteo Historical API (ERA5 reanalysis)
2025-12-07,2025,12,Dec,7,5.5,Colombo,6.9271,79.8612,Open-Meteo Historical API (ERA5 reanalysis)
2025-12-08,2025,12,Dec,8,0.4,Colombo,6.9271,79.8612,Open-Meteo Historical API (ERA5 reanalysis)
2025-12-09,2025,12,Dec,9,15.3,Colombo,6.9271,79.8612,Open-Meteo Historical API (ERA5 reanalysis)
2025-12-10,2025,12,Dec,10,1.8,Colombo,6.9271,79.8612,Open-Meteo Historical API (ERA5 reanalysis)
2025-12-11,2025,12,Dec,11,7.0,Colombo,6.9271,79.8612,Open-Meteo Historical API (ERA5 reanalysis)
2025-12-12,2025,12,Dec,12,10.4,Colombo,6.9271,79.8612,Open-Meteo Historical API (ERA5 reanalysis)
2025-12-13,2025,12,Dec,13,5.4,Colombo,6.9271,79.8612,Open-Meteo Historical API (ERA5 reanalysis)
2025-12-14,2025,12,Dec,14,0.8,Colombo,6.9271,79.8612,Open-Meteo Historical API (ERA5 reanalysis)
2025-12-15,2025,12,Dec,15,0.5,Colombo,6.9271,79.8612,Open-Meteo Historical API (ERA5 reanalysis)
2025-12-16,2025,12,Dec,16,3.4,Colombo,6.9271,79.8612,Open-Meteo Historical API (ERA5 reanalysis)
2025-12-17,2025,12,Dec,17,8.6,Colombo,6.9271,79.8612,Open-Meteo Historical API (ERA5 reanalysis)
2025-12-18,2025,12,Dec,18,16.7,Colombo,6.9271,79.8612,Open-Meteo Historical API (ERA5 reanalysis)
2025-12-19,2025,12,Dec,19,1.3,Colombo,6.9271,79.8612,Open-Meteo Historical API (ERA5 reanalysis)
2025-12-20,2025,12,Dec,20,1.7,Colombo,6.9271,79.8612,Open-Meteo Historical API (ERA5 reanalysis)
2025-12-21,2025,12,Dec,21,0.2,Colombo,6.9271,79.8612,Open-Meteo Historical API (ERA5 reanalysis)
2025-12-22,2025,12,Dec,22,0.1,Colombo,6.9271,79.8612,Open-Meteo Historical API (ERA5 reanalysis)
2025-12-23,2025,12,Dec,23,0.4,Colombo,6.9271,79.8612,Open-Meteo Historical API (ERA5 reanalysis)
2025-12-24,2025,12,Dec,24,1.6,Colombo,6.9271,79.8612,Open-Meteo Historical API (ERA5 reanalysis)
2025-12-25,2025,12,Dec,25,0.0,Colombo,6.9271,79.8612,Open-Meteo Historical API (ERA5 reanalysis)
2025-12-26,2025,12,Dec,26,0.0,Colombo,6.9271,79.8612,Open-Meteo Historical API (ERA5 reanalysis)
2025-12-27,2025,12,Dec,27,0.5,Colombo,6.9271,79.8612,Open-Meteo Historical API (ERA5 reanalysis)
2025-12-28,2025,12,Dec,28,0.8,Colombo,6.9271,79.8612,Open-Meteo Historical API (ERA5 reanalysis)
2025-12-29,2025,12,Dec,29,2.9,Colombo,6.9271,79.8612,Open-Meteo Historical API (ERA5 reanalysis)
2025-12-30,2025,12,Dec,30,1.9,Colombo,6.9271,79.8612,Open-Meteo Historical API (ERA5 reanalysis)
2025-12-31,2025,12,Dec,31,2.5,Colombo,6.9271,79.8612,Open-Meteo Historical API (ERA5 reanalysis)
